$MeshFormat
2.2 0 8
$EndMeshFormat
$PhysicalNames
2
3 10 "Tumour"
3 20 "Brain"
$EndPhysicalNames
$Nodes
4119
1 2.042891263961792 -38.75487899780273 11.63243389129639
2 3.837704420089722 -38.61461639404297 11.69682693481445
3 2.816537380218506 -39.21982955932617 11.99506950378418
4 0.3055569529533386 -37.27134323120117 11.48291110992432
5 1.978836178779602 -37.50735473632812 11.25901889801025
6 -0.2360317558050156 -37.8765869140625 11.7961540222168
7 3.136265277862549 -37.50878524780273 11.21248912811279
8 4.14077615737915 -37.57862854003906 11.43201637268066
9 4.29258918762207 -38.47468566894531 11.82779312133789
10 -1.39271080493927 -36.59117889404297 11.92090797424316
11 0.3079658448696136 -35.95996475219727 11.24922752380371
12 2.556432247161865 -36.40712356567383 11.09165477752686
13 4.845029830932617 -37.47771072387695 11.74003314971924
14 -0.8343531489372253 -35.59030532836914 11.54715824127197
15 0.9230213165283203 -35.21545028686523 11.10735321044922
16 3.584228277206421 -36.13385009765625 11.18766593933105
17 4.656866550445557 -35.79233932495117 11.54084396362305
18 -2.010360956192017 -33.39131164550781 11.89439582824707
19 5.687678813934326 -34.79116821289062 12.06056022644043
20 -1.129545092582703 -32.21182632446289 11.47272205352783
21 -0.3624826073646545 -32.00373458862305 11.24895572662354
22 0.8435290455818176 -32.27400588989258 11.10110664367676
23 2.553978681564331 -32.84820938110352 11.2011661529541
24 4.244800090789795 -34.01704788208008 11.4996862411499
25 0.7406408190727234 -30.06914710998535 11.19779682159424
26 3.075980424880981 -30.76059341430664 11.43980026245117
27 -2.396715879440308 -29.63476753234863 12.09153079986572
28 1.45743203163147 -29.39812088012695 11.31626605987549
29 -1.457893848419189 -28.00429153442383 11.74227619171143
30 -0.6971181035041809 -28.36256980895996 11.49723720550537
31 2.336711406707764 -27.95680809020996 11.71702671051025
32 -1.129644989967346 -27.05288887023926 11.83680534362793
33 -0.0896097719669342 -26.9427490234375 11.697509765625
34 0.5810810327529907 -26.55121421813965 11.82489109039307
35 -0.8736057877540588 -40.20375442504883 13.19623947143555
36 0.5680791735649109 -39.57989120483398 12.37619018554688
37 0.9762144088745117 -40.45095443725586 13.04441261291504
38 1.87920868396759 -40.66232299804688 13.40377330780029
39 3.5413498878479 -39.92134094238281 12.94637107849121
40 -1.56360650062561 -39.92910766601562 13.31674671173096
41 -1.258139610290527 -39.31389236450195 12.80027103424072
42 4.83101749420166 -39.75936126708984 13.41772842407227
43 5.532179832458496 -39.53925704956055 13.70540142059326
44 5.341992378234863 -38.35577011108398 12.65905857086182
45 5.931895732879639 -39.22665786743164 13.95214939117432
46 7.281569957733154 -38.01010894775391 14.77117824554443
47 -2.426854133605957 -38.01671600341797 12.99955368041992
48 7.458065032958984 -36.24988555908203 13.80372619628906
49 -3.364437818527222 -36.79164505004883 13.40204429626465
50 -3.04018759727478 -34.64178848266602 12.64242839813232
51 6.49740743637085 -35.65390014648438 12.72704219818115
52 -4.346466064453125 -34.42873382568359 13.71770858764648
53 7.240708351135254 -34.34360122680664 12.96912956237793
54 7.190506935119629 -32.48022842407227 12.69889068603516
55 6.256103992462158 -31.6805591583252 12.31488227844238
56 -3.49864673614502 -31.69707679748535 12.84222412109375
57 8.541114807128906 -33.54248046875 13.56210708618164
58 5.428008079528809 -29.9658317565918 12.14799213409424
59 -4.414194107055664 -29.70380973815918 13.65205860137939
60 5.014392852783203 -28.31989097595215 12.27670001983643
61 8.95734691619873 -29.29594421386719 13.20180225372314
62 -3.149942874908447 -27.89772987365723 12.86682033538818
63 5.037549495697021 -26.44593620300293 12.66885471343994
64 7.329829692840576 -27.7768726348877 12.83018398284912
65 8.450397491455078 -26.7326602935791 13.31485462188721
66 9.725350379943848 -27.94579887390137 13.61749267578125
67 -2.866139650344849 -26.67159652709961 12.97359657287598
68 2.008129835128784 -24.91290473937988 12.4593677520752
69 -1.328157544136047 -25.8390998840332 12.4135799407959
70 -2.577635526657104 -25.20900344848633 13.22691535949707
71 0.1832038462162018 -25.15129280090332 12.29168605804443
72 7.549474239349365 -25.67040252685547 13.37628269195557
73 -0.4716200232505798 -23.44806861877441 13.00229072570801
74 1.695066332817078 -23.20611381530762 12.99021244049072
75 -1.49911105632782 -23.30623626708984 13.35415267944336
76 3.480664014816284 -23.13496017456055 13.32409000396729
77 -0.8610348701477051 -22.23939514160156 13.70693683624268
78 0.9717015624046326 -20.95883369445801 13.96867752075195
79 -0.6439487934112549 -41.42190551757812 14.55208206176758
80 -2.050704956054688 -41.72809219360352 15.93015480041504
81 -2.275475978851318 -41.20931625366211 14.86009216308594
82 1.726544260978699 -41.32728576660156 14.4983024597168
83 3.778822183609009 -40.75465393066406 14.21677780151367
84 3.138757705688477 -41.68902969360352 15.84223937988281
85 -2.973623514175415 -40.5169792175293 14.89540576934814
86 5.544333934783936 -39.81101989746094 14.11976718902588
87 5.054946899414062 -40.77836990356445 15.30320644378662
88 -4.172035694122314 -38.38212203979492 15.03096580505371
89 -2.780391216278076 -39.43336486816406 14.00671100616455
90 -4.062453746795654 -37.7124137878418 14.50512790679932
91 -5.417423248291016 -35.21084976196289 15.03674221038818
92 8.439237594604492 -34.92057418823242 13.97391033172607
93 8.798182487487793 -36.09915924072266 14.85061550140381
94 -5.731759071350098 -33.79060363769531 15.04770851135254
95 10.37459945678711 -34.64798355102539 14.97132968902588
96 10.49551200866699 -33.38954925537109 14.53825187683105
97 -5.24765682220459 -31.77526473999023 14.30022621154785
98 -6.329877853393555 -31.56625175476074 15.48897552490234
99 10.7633228302002 -32.02577209472656 14.2963171005249
100 10.84455299377441 -30.78291130065918 14.13107490539551
101 13.4149694442749 -31.24575996398926 15.13969898223877
102 -6.261075019836426 -29.96031951904297 15.43847274780273
103 11.81657314300537 -29.80428123474121 14.49605083465576
104 -5.20319938659668 -28.33916091918945 14.60778713226318
105 12.27467823028564 -28.51523780822754 14.75175285339355
106 -4.554013729095459 -26.24472618103027 14.66238021850586
107 9.491663932800293 -25.84341812133789 13.95867252349854
108 12.14977931976318 -27.01852226257324 15.01675319671631
109 10.43490886688232 -25.37899017333984 14.64821434020996
110 -2.92461085319519 -23.43461990356445 14.32880973815918
111 8.058297157287598 -24.50126075744629 13.95270538330078
112 5.314751625061035 -22.30847930908203 14.07134819030762
113 8.879049301147461 -23.67715644836426 14.65173435211182
114 6.614740371704102 -21.49923706054688 14.80296230316162
115 -2.467927694320679 -21.51744079589844 15.15212154388428
116 -1.338145613670349 -20.91370391845703 14.63898849487305
117 3.755407333374023 -21.18093490600586 14.15702629089355
118 8.58753490447998 -20.22813606262207 16.16656494140625
119 2.560911655426025 -20.40621376037598 14.34135437011719
120 -0.01299191266298294 -20.18688774108887 14.50265026092529
121 -2.991682052612305 -41.39078903198242 15.94172954559326
122 0.4810346066951752 -41.87113189697266 15.58023738861084
123 -1.046474814414978 -42.11877822875977 16.69121742248535
124 -3.542515993118286 -40.45254898071289 15.71925163269043
125 6.04410457611084 -40.86405563354492 16.70386123657227
126 6.889335155487061 -40.33046340942383 16.91244697570801
127 -4.459793090820312 -39.29679107666016 16.11972427368164
128 7.476117610931396 -39.54371643066406 16.60822486877441
129 -5.189075946807861 -37.46168899536133 15.89938545227051
130 7.960155487060547 -38.24263381958008 15.7738561630249
131 8.920517921447754 -38.17860794067383 16.61953353881836
132 9.557783126831055 -37.3437614440918 16.30224609375
133 -6.067262649536133 -36.00759887695312 16.33086013793945
134 10.21744823455811 -35.65172958374023 15.42148208618164
135 12.32970714569092 -35.22842407226562 16.10592842102051
136 -6.823474407196045 -33.56338882446289 16.62583923339844
137 13.78467655181885 -33.78742980957031 16.04076385498047
138 13.60278797149658 -32.7340202331543 15.52196216583252
139 14.77900886535645 -32.89918899536133 16.18450927734375
140 14.97739410400391 -30.89203453063965 15.72436332702637
141 15.89617919921875 -31.2091064453125 16.40266609191895
142 14.42271709442139 -30.01871871948242 15.41542530059814
143 14.85315132141113 -29.24360466003418 15.64630603790283
144 16.49203872680664 -29.85976028442383 16.68266487121582
145 -6.409714698791504 -27.9317569732666 16.05917549133301
146 15.39647960662842 -28.3794994354248 16.05994415283203
147 14.47227764129639 -27.00315284729004 16.09047889709473
148 -6.434489250183105 -26.42329788208008 16.77074432373047
149 12.19363212585449 -25.31421089172363 15.74079608917236
150 -4.057326316833496 -23.13670349121094 15.7192554473877
151 9.404166221618652 -22.49932861328125 15.5312385559082
152 -4.020106315612793 -21.34379959106445 16.90776062011719
153 -2.284504890441895 -19.65717697143555 16.10119247436523
154 7.65852689743042 -18.94510269165039 16.35294914245605
155 4.672398090362549 -19.07931518554688 15.38907623291016
156 -1.443920135498047 -18.93819427490234 15.97683620452881
157 1.442799687385559 -17.90601539611816 15.82029056549072
158 0.386972039937973 -18.04645919799805 15.88043785095215
159 2.807289838790894 -17.82775688171387 15.88395690917969
160 -0.655214250087738 -18.35424041748047 15.98387336730957
161 5.451068878173828 -17.82222557067871 16.31582832336426
162 -3.293458938598633 -42.10204315185547 18.94115829467773
163 -2.410211801528931 -42.27702331542969 18.29836273193359
164 0.107917308807373 -42.24333953857422 17.02850723266602
165 3.584314346313477 -42.54925155639648 18.9305477142334
166 -4.442274570465088 -40.33418655395508 17.30621337890625
167 5.45894193649292 -41.99049758911133 18.67584991455078
168 -5.708741188049316 -38.23601150512695 17.52118492126465
169 -6.119148254394531 -38.24345397949219 18.47009468078613
170 -6.806897640228271 -36.19165802001953 18.00664710998535
171 11.55905151367188 -37.76622772216797 18.0545482635498
172 12.99526786804199 -36.49412536621094 17.64883232116699
173 13.64397144317627 -35.71819686889648 17.4547290802002
174 -7.074921607971191 -34.70607757568359 17.58173370361328
175 14.6517915725708 -35.01906585693359 18.00153350830078
176 15.315842628479 -33.56103897094727 17.22447395324707
177 15.70508289337158 -34.10249328613281 18.29450798034668
178 16.27792739868164 -32.78091430664062 17.75103187561035
179 -7.365055084228516 -31.40900802612305 17.28808784484863
180 17.00922012329102 -31.10699081420898 17.63519477844238
181 -7.111121654510498 -29.27672576904297 16.83518028259277
182 -7.774938583374023 -29.39530563354492 18.20551681518555
183 -7.434467315673828 -27.34432983398438 18.02310180664062
184 16.38572692871094 -27.81533241271973 16.9744758605957
185 17.20489501953125 -28.42378616333008 17.66396903991699
186 15.70696926116943 -26.4799919128418 16.98551559448242
187 16.93279838562012 -27.38692474365234 17.66934967041016
188 15.22750568389893 -25.39973449707031 17.21957778930664
189 16.26613807678223 -25.94478225708008 17.70947647094727
190 -6.330417633056641 -24.74919891357422 17.69420623779297
191 12.44470500946045 -21.96455001831055 17.56060600280762
192 9.629291534423828 -18.73637580871582 17.42413520812988
193 -2.822022438049316 -19.19608879089355 17.00184440612793
194 -3.343119859695435 -18.71536827087402 17.93677139282227
195 -1.94882071018219 -17.38578224182129 17.69047355651855
196 -0.4022074937820435 -17.14530563354492 16.90503692626953
197 2.695739269256592 -16.26232719421387 17.08863639831543
198 8.188228607177734 -17.30953979492188 17.60295104980469
199 -0.8258073925971985 -16.44465255737305 17.70143508911133
200 1.459839463233948 -15.68861961364746 17.61598014831543
201 5.327410221099854 -16.3869571685791 17.38740730285645
202 0.811509370803833 -15.05077075958252 18.34095191955566
203 -4.228282928466797 -41.55010986328125 19.23257255554199
204 -2.785390615463257 -42.5230712890625 19.4636287689209
205 -2.447019815444946 -42.65496063232422 19.70684432983398
206 -1.611335635185242 -42.54024124145508 19.17204856872559
207 0.2022305577993393 -42.52644729614258 18.78096389770508
208 2.084773778915405 -42.78189468383789 19.80378150939941
209 2.318598508834839 -42.66405868530273 19.06644439697266
210 -4.932745933532715 -40.47458648681641 18.87426567077637
211 7.009438037872314 -41.46831512451172 19.07610893249512
212 8.394458770751953 -39.87570953369141 18.01929664611816
213 10.41835498809814 -39.56891632080078 19.36285972595215
214 10.56448268890381 -40.61551284790039 21.05534553527832
215 11.64299869537354 -39.31427001953125 20.23444557189941
216 12.55271244049072 -37.60316848754883 18.83000183105469
217 -7.071145534515381 -36.70609283447266 19.20939254760742
218 13.92099952697754 -36.26556777954102 18.45217895507812
219 -7.5533447265625 -33.89033126831055 18.84587097167969
220 15.29317188262939 -35.26250839233398 19.64549255371094
221 14.38998699188232 -36.17288970947266 19.23301315307617
222 16.42690086364746 -33.82004928588867 19.42084121704102
223 17.34183692932129 -32.26596069335938 19.29119873046875
224 -7.973849296569824 -30.80553245544434 18.82751846313477
225 18.18454933166504 -30.56184196472168 20.00258255004883
226 17.66330718994141 -29.29754638671875 18.32518005371094
227 18.30679512023926 -29.46914100646973 19.92024993896484
228 -8.252150535583496 -28.18107795715332 20.2138500213623
229 17.49111938476562 -27.03567504882812 18.5556697845459
230 17.96051025390625 -28.26768684387207 19.06843376159668
231 -7.344779968261719 -24.62713241577148 19.54660987854004
232 -6.856837272644043 -24.41933631896973 18.77015113830566
233 17.17678833007812 -25.60060119628906 18.97263145446777
234 15.75293445587158 -23.41656303405762 18.88653182983398
235 16.78784370422363 -24.14706611633301 19.53789520263672
236 15.99966049194336 -22.98305892944336 19.48573112487793
237 -5.26290225982666 -21.70612144470215 18.58785438537598
238 13.732008934021 -21.5451602935791 18.76809310913086
239 11.75571823120117 -19.82759284973145 18.41560935974121
240 14.30050849914551 -20.65927886962891 20.04254722595215
241 12.24275016784668 -19.31519889831543 19.27350044250488
242 -4.064233779907227 -18.00900077819824 19.86605262756348
243 11.50430679321289 -17.21048736572266 20.16422080993652
244 10.18253707885742 -16.97514915466309 18.99120712280273
245 -2.813283205032349 -17.21324348449707 18.7283821105957
246 -1.496087670326233 -15.70919132232666 18.83580017089844
247 6.494067668914795 -15.38048934936523 18.72900390625
248 8.914752006530762 -16.17299461364746 18.89744567871094
249 -0.4356835782527924 -15.17640399932861 18.61667060852051
250 4.261429309844971 -15.71970558166504 17.81209754943848
251 0.4957128167152405 -14.39710521697998 19.35273170471191
252 2.966055393218994 -14.61494159698486 18.93525695800781
253 2.127448320388794 -14.37040710449219 19.21534729003906
254 1.255901694297791 -42.8397331237793 21.1741886138916
255 4.844440460205078 -43.12295913696289 21.4489574432373
256 3.784488677978516 -43.13397598266602 21.2612190246582
257 -3.20124363899231 -42.61673736572266 20.8641185760498
258 -0.841414749622345 -42.6961784362793 21.01226425170898
259 -2.326050758361816 -42.79959869384766 22.0677375793457
260 6.122302532196045 -42.6330451965332 20.83892250061035
261 -4.805210590362549 -41.23723602294922 20.55471801757812
262 -6.269933700561523 -38.8636474609375 20.43181800842285
263 -7.101705551147461 -37.39016342163086 20.51911926269531
264 12.5887565612793 -38.5037956237793 20.34509658813477
265 13.39510250091553 -37.57046508789062 20.07686042785645
266 13.65181159973145 -37.70881271362305 21.18712615966797
267 -7.658159732818604 -34.77743530273438 20.23307037353516
268 -8.067476272583008 -33.07123565673828 20.71448135375977
269 17.4143238067627 -32.87360763549805 20.44321823120117
270 -8.206953048706055 -31.15710830688477 20.49475288391113
271 18.34146499633789 -31.29693222045898 21.15250778198242
272 18.3825569152832 -30.84071159362793 20.78176116943359
273 -8.429901123046875 -29.52562141418457 21.24541473388672
274 -8.04539966583252 -26.14295387268066 20.22462272644043
275 -8.500420570373535 -26.51958847045898 21.36301040649414
276 18.29045486450195 -27.1375560760498 20.42438697814941
277 17.36927604675293 -24.7540283203125 19.89544868469238
278 17.89667892456055 -25.9041748046875 20.18030738830566
279 16.4362735748291 -22.03788948059082 21.06617736816406
280 -5.88828182220459 -21.4710865020752 20.07582855224609
281 -7.34550142288208 -23.06466102600098 21.36994743347168
282 -6.525770664215088 -21.52333450317383 21.53611183166504
283 15.43534469604492 -20.77459907531738 21.26688957214355
284 -5.137387752532959 -19.01045227050781 21.03248977661133
285 12.96970367431641 -18.83604049682617 20.60719871520996
286 12.30672454833984 -17.77131462097168 20.84988784790039
287 -3.529235124588013 -16.88663482666016 20.07428359985352
288 -2.497518062591553 -15.51839447021484 20.01405334472656
289 -2.836787939071655 -15.42624473571777 20.50297927856445
290 10.3507719039917 -15.45048141479492 20.47358894348145
291 9.647211074829102 -15.1203784942627 20.32324028015137
292 -2.068312644958496 -14.7847375869751 20.49633407592773
293 -1.51624059677124 -14.55576705932617 20.38901138305664
294 7.256510734558105 -14.62699794769287 19.95596313476562
295 -0.3576101958751678 -13.87980175018311 20.89393043518066
296 2.226248979568481 -13.78642272949219 20.39002227783203
297 4.794477939605713 -14.03211498260498 20.30813789367676
298 7.869826793670654 -14.12027263641357 20.91098022460938
299 3.265822410583496 -43.4215202331543 22.81854248046875
300 -4.29352855682373 -41.94077682495117 22.09187889099121
301 0.3979477882385254 -42.78079223632812 22.89385986328125
302 8.904048919677734 -42.27684020996094 22.50116729736328
303 -5.282102584838867 -40.89425659179688 22.28659820556641
304 11.4752311706543 -40.50974655151367 22.16672706604004
305 -6.975600242614746 -37.96500015258789 23.24678611755371
306 -7.376977920532227 -36.81454086303711 21.61580657958984
307 14.06000900268555 -37.66343688964844 22.72682952880859
308 -8.029661178588867 -33.93059539794922 22.01139450073242
309 15.6383695602417 -35.30933380126953 21.21650695800781
310 17.51434135437012 -33.20031356811523 21.76531028747559
311 -8.393667221069336 -31.26912689208984 22.48126792907715
312 18.66855812072754 -30.35774993896484 22.45995140075684
313 18.76333618164062 -28.44865036010742 22.5092945098877
314 -8.610719680786133 -27.93303298950195 21.57098388671875
315 18.83452606201172 -26.32927703857422 23.25818634033203
316 -8.943058013916016 -25.4619255065918 22.75349235534668
317 18.34342193603516 -25.24535179138184 21.87070846557617
318 -8.254083633422852 -24.29329490661621 22.0932674407959
319 17.37260437011719 -23.17032432556152 21.57860374450684
320 16.3731861114502 -21.23814392089844 22.23825073242188
321 -6.033690929412842 -20.38371658325195 21.8105583190918
322 14.20272922515869 -19.41437530517578 21.50994491577148
323 13.24551105499268 -17.9200325012207 22.29800796508789
324 -3.842185020446777 -16.27811050415039 21.32075881958008
325 11.58996391296387 -15.5919885635376 21.99289131164551
326 -4.012278079986572 -15.86419010162354 22.27815628051758
327 -3.530402660369873 -15.29668712615967 22.04817962646484
328 10.66125583648682 -14.62546920776367 21.79529190063477
329 -2.526861906051636 -14.51479053497314 21.75
330 9.469601631164551 -14.27915573120117 21.40301704406738
331 -1.387365579605103 -13.83112621307373 21.87652587890625
332 1.481717348098755 -13.45753288269043 21.34459114074707
333 7.086864471435547 -13.51071357727051 21.88848304748535
334 10.34172058105469 -13.70549964904785 23.11664772033691
335 -0.366513192653656 -13.40147972106934 22.55239868164062
336 5.728868961334229 -13.0530424118042 22.92972755432129
337 -3.085395336151123 -42.67751693725586 24.0790958404541
338 -3.61396312713623 -42.47961044311523 23.54214859008789
339 1.873892903327942 -43.14622116088867 23.14439010620117
340 4.66178560256958 -43.65385818481445 23.30413436889648
341 5.790874004364014 -43.61498641967773 23.38266372680664
342 7.43566370010376 -43.30340194702148 23.73604011535645
343 -4.314917087554932 -41.99848556518555 24.30651473999023
344 10.5467586517334 -41.76077270507812 23.39470100402832
345 9.867927551269531 -42.79432678222656 25.01840782165527
346 11.69150161743164 -40.8430061340332 23.42598342895508
347 12.47590732574463 -39.97077560424805 23.1940746307373
348 -6.319577217102051 -39.09247970581055 25.0013256072998
349 12.87588691711426 -40.01375579833984 24.48085784912109
350 -7.941914081573486 -34.44427871704102 23.20194816589355
351 -8.287678718566895 -32.6395378112793 24.01668930053711
352 15.9192943572998 -35.28089141845703 22.87916564941406
353 18.40689086914062 -31.7809009552002 23.23960113525391
354 -8.641853332519531 -30.98962211608887 23.70379829406738
355 -8.793316841125488 -29.3535270690918 22.91879844665527
356 -8.949196815490723 -27.43314933776855 22.4576587677002
357 -8.969184875488281 -29.68200302124023 23.6697998046875
358 -9.58944034576416 -27.49686622619629 23.72514724731445
359 -9.173530578613281 -26.34531021118164 22.8979606628418
360 -8.909790992736816 -24.49782562255859 23.32807350158691
361 18.41163063049316 -24.56719970703125 23.00595092773438
362 -8.7015380859375 -23.42410659790039 24.31180000305176
363 17.46270179748535 -22.61201667785645 22.84264373779297
364 -7.533539295196533 -21.80144309997559 24.2187328338623
365 -6.496383190155029 -20.52547454833984 23.14447402954102
366 15.2184362411499 -19.70309829711914 22.63253593444824
367 -5.279751777648926 -17.92997741699219 23.11407279968262
368 14.24102401733398 -18.26017761230469 23.87906455993652
369 12.42253398895264 -16.32500839233398 22.87451553344727
370 13.131272315979 -16.99217414855957 23.65912437438965
371 -3.005696773529053 -14.36124134063721 23.41316795349121
372 11.66739463806152 -14.83923816680908 23.35542488098145
373 -1.581169366836548 -13.42415237426758 24.57093620300293
374 2.13164210319519 -13.02956390380859 23.03746223449707
375 8.89089298248291 -13.24107646942139 23.70272827148438
376 4.408711910247803 -43.92177963256836 25.46168899536133
377 3.377928733825684 -43.75996017456055 25.48136138916016
378 6.066508769989014 -43.94640350341797 25.23442077636719
379 6.793646335601807 -43.75328063964844 24.61549758911133
380 0.2159513235092163 -42.79380416870117 27.71388244628906
381 2.726361036300659 -43.62898635864258 26.22592544555664
382 -4.230337619781494 -42.01349258422852 25.93466567993164
383 -0.3949908912181854 -42.65744781494141 25.84531593322754
384 -5.205973148345947 -40.97242736816406 24.87253379821777
385 11.18201637268066 -42.08195114135742 25.53844261169434
386 12.56451034545898 -40.22030258178711 23.99404335021973
387 14.11478614807129 -38.01662826538086 24.13953399658203
388 -7.063475131988525 -37.24020385742188 25.42002296447754
389 -7.475604057312012 -36.32174301147461 23.8155403137207
390 14.79341220855713 -36.89121627807617 24.01095581054688
391 -8.016425132751465 -33.9138069152832 25.38733863830566
392 17.42411041259766 -33.65626907348633 24.32667541503906
393 18.24769973754883 -32.20713043212891 24.99463272094727
394 18.68682479858398 -30.71636581420898 25.10226631164551
395 18.93091011047363 -28.93183517456055 25.27719497680664
396 -9.62973690032959 -28.71286773681641 24.31197166442871
397 19.08530426025391 -27.20084953308105 25.43344879150391
398 19.08147811889648 -26.51156425476074 24.56666374206543
399 -9.804651260375977 -25.42177200317383 23.98137664794922
400 -10.55813980102539 -26.38242340087891 24.6517448425293
401 18.66078758239746 -24.87152862548828 24.72422981262207
402 18.36575889587402 -24.07904624938965 23.95761680603027
403 18.25136184692383 -23.6583137512207 25.55060577392578
404 -8.66209602355957 -22.68445205688477 25.88103866577148
405 17.42266273498535 -22.05659675598145 24.26685523986816
406 -6.885793209075928 -20.37462043762207 25.44941902160645
407 16.34395027160645 -20.13548278808594 25.08745384216309
408 -6.313395023345947 -19.2827262878418 25.73525810241699
409 15.37320232391357 -19.36933135986328 23.93204307556152
410 -5.685570240020752 -18.23892211914062 24.68431854248047
411 -4.785082817077637 -16.45116233825684 24.62473297119141
412 13.4510669708252 -16.97042274475098 25.04157066345215
413 -4.039472579956055 -15.39381408691406 23.9146842956543
414 -3.587548971176147 -14.61853122711182 25.74178886413574
415 12.41439342498779 -15.42186260223389 24.81573867797852
416 -2.569607496261597 -13.89169311523438 24.84579086303711
417 11.41224765777588 -14.24232578277588 24.41161346435547
418 0.5416470170021057 -13.03352832794189 24.37672805786133
419 5.019290447235107 -12.61064052581787 24.81479644775391
420 3.569098949432373 -12.57607269287109 25.43864250183105
421 6.746922492980957 -12.55156993865967 25.51174354553223
422 9.655331611633301 -13.12597465515137 25.38387680053711
423 10.7366418838501 -13.60689353942871 24.88481903076172
424 5.700837135314941 -44.16055297851562 27.58543968200684
425 8.448616027832031 -43.70348358154297 26.26091766357422
426 -3.21338939666748 -42.59146118164062 26.75582122802734
427 -2.567170858383179 -42.69223403930664 26.74739074707031
428 -1.200244307518005 -42.63055038452148 28.8287239074707
429 12.18865394592285 -41.18576049804688 25.66071510314941
430 11.85822200775146 -41.8684196472168 26.77197647094727
431 -5.233902931213379 -40.67932510375977 26.27211761474609
432 12.93545150756836 -40.61647415161133 26.7090950012207
433 -7.688973903656006 -34.7354621887207 26.72622680664062
434 14.80638408660889 -37.29437637329102 26.97186088562012
435 15.75493049621582 -35.72444152832031 26.8156909942627
436 17.78779983520508 -33.01855087280273 26.49623870849609
437 -8.408064842224121 -32.94242477416992 26.11684799194336
438 -9.126917839050293 -30.96133041381836 25.29192924499512
439 -9.688638687133789 -30.96224403381348 26.16537857055664
440 -10.08142948150635 -29.08358192443848 25.05250930786133
441 -11.4896240234375 -28.8036937713623 26.26211738586426
442 -11.88723373413086 -27.77068710327148 26.13290977478027
443 -12.38028049468994 -26.72756576538086 26.46570014953613
444 19.14002799987793 -26.6519603729248 25.39091110229492
445 -12.01544570922852 -25.6525936126709 26.07394599914551
446 -11.60567092895508 -25.00920104980469 25.99801445007324
447 -10.50150680541992 -25.089111328125 24.96633529663086
448 18.41500663757324 -24.13811683654785 26.59795379638672
449 -9.994669914245605 -23.81742668151855 25.6644115447998
450 17.32625770568848 -21.65921401977539 25.95994186401367
451 -7.820147037506104 -21.62568473815918 26.27080917358398
452 14.07589530944824 -17.61993980407715 25.45953941345215
453 14.94755840301514 -18.37246704101562 26.64096260070801
454 -5.87265157699585 -18.30693435668945 26.86400604248047
455 -4.9638352394104 -16.56547737121582 25.87632751464844
456 13.45701217651367 -16.74630737304688 26.67268180847168
457 11.91736221313477 -14.47828006744385 26.2375316619873
458 -4.110019683837891 -15.20824241638184 26.19581413269043
459 -2.996190071105957 -14.09087371826172 26.60118865966797
460 0.7617717981338501 -12.89212322235107 27.20183753967285
461 3.04750394821167 -12.49777698516846 27.36084747314453
462 8.596177101135254 -12.75863742828369 26.53598785400391
463 5.023637294769287 -12.31469821929932 27.09204483032227
464 3.630247116088867 -43.95371246337891 28.2031421661377
465 7.542378425598145 -44.08416748046875 27.89535331726074
466 9.700711250305176 -43.63343048095703 28.30026054382324
467 10.62927913665771 -42.85601425170898 26.83360481262207
468 -4.287109851837158 -41.83403015136719 26.79241943359375
469 -3.678614377975464 -42.11226272583008 27.76109886169434
470 13.67002773284912 -39.72330856323242 27.76557540893555
471 -5.132277965545654 -40.34677505493164 27.89099502563477
472 -6.186988830566406 -38.27630233764648 27.93068885803223
473 -6.576652526855469 -37.07526397705078 28.3486328125
474 -7.415494441986084 -34.89173889160156 28.24503898620605
475 15.26875686645508 -36.49504089355469 28.57988929748535
476 16.25761222839355 -34.95541381835938 28.33627128601074
477 -8.120808601379395 -33.54886627197266 27.71737480163574
478 -9.636560440063477 -32.02946090698242 27.75389289855957
479 -10.65011882781982 -31.17889976501465 27.46848678588867
480 -8.895171165466309 -32.33676910400391 26.95573616027832
481 18.38170623779297 -31.3875675201416 27.56803512573242
482 17.63630676269531 -32.78725814819336 28.86461639404297
483 18.79549217224121 -29.27620506286621 27.64253997802734
484 -11.64927959442139 -30.10469627380371 27.42500877380371
485 -12.78566360473633 -28.20177459716797 27.29746246337891
486 18.83464622497559 -27.15118980407715 27.72954177856445
487 -13.480712890625 -26.73594284057617 28.07267379760742
488 -13.11442184448242 -25.58534240722656 27.95544815063477
489 18.44237327575684 -24.88287162780762 27.96252822875977
490 -12.585768699646 -24.96149826049805 27.42592620849609
491 -12.7589693069458 -24.87032890319824 28.21420669555664
492 -11.2816743850708 -23.90565299987793 27.39936447143555
493 -9.389293670654297 -22.84043312072754 27.31330299377441
494 17.36930274963379 -21.97017478942871 27.66138458251953
495 -8.677493095397949 -22.25400733947754 28.12979888916016
496 16.46251487731934 -20.25939178466797 26.85990524291992
497 -7.338716983795166 -20.82115745544434 27.82027626037598
498 -6.852670192718506 -20.15421104431152 29.00972366333008
499 13.97056770324707 -17.42147064208984 27.44741249084473
500 -5.138142585754395 -16.87093925476074 27.29457473754883
501 12.42450714111328 -15.33717727661133 27.97109222412109
502 -4.075218677520752 -15.22208499908447 27.98778533935547
503 -1.599598526954651 -13.38328647613525 27.84658622741699
504 11.63016700744629 -14.15176963806152 26.87377548217773
505 7.491307735443115 -12.4220027923584 27.07431793212891
506 10.17541313171387 -13.29867458343506 27.71784591674805
507 4.078719615936279 -44.1024055480957 30.13436508178711
508 8.326724052429199 -44.02936172485352 29.16730499267578
509 -2.908655643463135 -42.56585693359375 27.78702354431152
510 0.006037939339876175 -42.83077239990234 30.17589569091797
511 2.201836347579956 -43.61611557006836 30.17600631713867
512 11.49315643310547 -42.46037673950195 29.36782646179199
513 12.40685749053955 -41.50442504882812 28.72270584106445
514 -4.130377292633057 -40.70125579833984 30.83528518676758
515 13.67889022827148 -39.87857437133789 29.44875144958496
516 14.26365661621094 -38.70817184448242 29.77522277832031
517 -5.101661205291748 -39.81403732299805 29.25286674499512
518 -6.015069484710693 -37.51396560668945 29.77186012268066
519 -7.160998344421387 -34.5379524230957 29.89128494262695
520 -7.80466890335083 -33.85688400268555 29.17755126953125
521 16.91550636291504 -33.61524200439453 29.939697265625
522 -9.020692825317383 -32.66682434082031 28.91117095947266
523 -10.96356773376465 -31.75146293640137 29.22842788696289
524 -8.289194107055664 -33.19683456420898 29.81746673583984
525 18.3173999786377 -30.82664108276367 29.0758171081543
526 -12.01781463623047 -30.97308349609375 29.65137100219727
527 -12.01162815093994 -30.73747634887695 28.99310111999512
528 -12.80241966247559 -29.69537353515625 28.97369766235352
529 -13.19817447662354 -29.03645133972168 29.36059951782227
530 -13.78538131713867 -27.47414016723633 29.48358345031738
531 -13.67269515991211 -27.48842811584473 28.75667572021484
532 18.63826560974121 -28.31802558898926 29.03895568847656
533 -13.75108051300049 -26.08705902099609 28.93548011779785
534 -13.04783821105957 -25.10928916931152 29.02870178222656
535 -11.87802982330322 -24.04645919799805 28.69113349914551
536 18.01913452148438 -24.20487785339355 28.57992362976074
537 -10.64204502105713 -23.33013534545898 29.27115058898926
538 17.37903213500977 -22.7747802734375 29.14289474487305
539 16.98512268066406 -21.79840278625488 28.73724174499512
540 -7.947223663330078 -21.64362144470215 29.85216903686523
541 -7.722457408905029 -21.31359672546387 28.65791511535645
542 16.38890647888184 -20.5046329498291 28.18398284912109
543 14.43149852752686 -18.10573387145996 28.34566497802734
544 14.27059936523438 -18.49847602844238 29.88321113586426
545 -6.342686653137207 -19.40522384643555 29.56389236450195
546 -5.41430139541626 -17.67368316650391 28.97787857055664
547 -3.985723733901978 -15.32812309265137 29.11633491516113
548 13.28499794006348 -16.86758613586426 29.21228218078613
549 11.7889347076416 -14.96232223510742 30.01644325256348
550 -3.225648164749146 -14.49600315093994 29.55940437316895
551 11.19104766845703 -14.10856151580811 29.24964141845703
552 -2.122695207595825 -13.66117382049561 29.79225540161133
553 10.72591781616211 -13.65254497528076 28.59430122375488
554 -1.118665456771851 -13.336594581604 30.52955436706543
555 3.626754283905029 -12.36376285552979 30.32978820800781
556 8.288264274597168 -12.57489967346191 28.81110954284668
557 5.561298370361328 -12.20278453826904 29.44499588012695
558 6.598700523376465 -44.19487762451172 29.91039085388184
559 4.452946186065674 -44.10987854003906 31.46775245666504
560 9.614219665527344 -43.65715408325195 30.45551109313965
561 11.05073833465576 -42.75185775756836 31.23696517944336
562 -2.5489501953125 -42.21734619140625 29.85173988342285
563 -3.217760562896729 -41.49381256103516 31.19742012023926
564 -0.5699635744094849 -42.58338928222656 31.36430740356445
565 12.35371780395508 -41.53971862792969 30.16333198547363
566 -5.151400566101074 -38.83982467651367 30.6999568939209
567 14.949143409729 -37.01235198974609 30.92027282714844
568 -6.532968521118164 -35.50492477416992 30.43027496337891
569 15.76794815063477 -35.41344451904297 30.58285713195801
570 -10.51779174804688 -32.0755500793457 31.18278884887695
571 -8.7059326171875 -32.82327270507812 30.74785232543945
572 -11.70247554779053 -31.29953002929688 30.7604923248291
573 17.80940055847168 -31.47408294677734 30.40315055847168
574 -12.6251916885376 -30.26289749145508 30.08166885375977
575 -12.91098022460938 -29.62296104431152 30.72146224975586
576 -13.60510063171387 -27.44561576843262 30.53323745727539
577 -13.77110958099365 -25.97345924377441 29.91880416870117
578 18.32512664794922 -26.85092735290527 29.97939682006836
579 -13.10663223266602 -25.26562309265137 30.40016174316406
580 17.84725761413574 -25.11280059814453 30.07849311828613
581 -12.45481967926025 -24.56138229370117 30.03883934020996
582 -11.53855800628662 -23.91211128234863 30.90202713012695
583 -9.009792327880859 -22.53885650634766 30.33427429199219
584 16.21537017822266 -20.98855590820312 29.56036186218262
585 -5.727888107299805 -18.8045539855957 30.92619895935059
586 -4.058252811431885 -16.36269378662109 32.02727127075195
587 12.92996215820312 -17.00640869140625 31.00201988220215
588 10.10960006713867 -13.63502025604248 30.82736778259277
589 1.31333327293396 -12.86765766143799 29.70363807678223
590 9.100015640258789 -12.96506977081299 30.34095191955566
591 6.561115741729736 -12.2941312789917 30.56072807312012
592 5.949516773223877 -12.23902130126953 30.57841300964355
593 1.996216654777527 -43.51436996459961 32.28704452514648
594 5.849218368530273 -44.04958343505859 32.16405487060547
595 7.832688808441162 -44.00268173217773 31.39015960693359
596 9.541141510009766 -43.56276702880859 31.3195858001709
597 -2.108943700790405 -41.638427734375 33.00725173950195
598 -0.5879926085472107 -42.32156753540039 32.88303375244141
599 11.69488620758057 -41.99819564819336 31.65952491760254
600 -3.449208498001099 -40.56930541992188 32.67134475708008
601 12.73489761352539 -40.60662841796875 32.65094757080078
602 13.53428840637207 -39.90710067749023 31.39429473876953
603 -4.255094051361084 -39.25405502319336 32.63879776000977
604 14.51399230957031 -37.76797103881836 31.80987930297852
605 -6.213511943817139 -35.04071426391602 31.73462867736816
606 15.03842163085938 -36.26549530029297 32.60360336303711
607 -6.802306652069092 -34.28150177001953 31.2197208404541
608 16.213623046875 -34.24436187744141 31.54526329040527
609 -7.409542560577393 -33.52736282348633 31.1538257598877
610 16.25949668884277 -33.32101821899414 32.7940559387207
611 -9.78644847869873 -32.22013092041016 31.74478721618652
612 17.30410575866699 -31.89362716674805 31.4637393951416
613 -11.84199523925781 -31.04956436157227 31.15705680847168
614 17.50124931335449 -30.24466323852539 32.05068588256836
615 18.1511344909668 -28.88604164123535 30.74013710021973
616 -12.82674884796143 -28.89921951293945 31.6204833984375
617 -13.53445243835449 -26.61329078674316 30.8262825012207
618 17.58543968200684 -27.58732032775879 32.04656600952148
619 17.5203800201416 -26.16492652893066 31.63335800170898
620 -12.86229705810547 -25.68032836914062 31.68295478820801
621 17.34096908569336 -25.16913986206055 31.45716094970703
622 -12.61478519439697 -25.0078067779541 31.52387428283691
623 16.84273338317871 -24.03009414672852 31.67051315307617
624 -10.04028129577637 -23.38034439086914 31.55850028991699
625 -8.796516418457031 -22.61829376220703 31.42564010620117
626 -8.850866317749023 -22.9552059173584 32.28591156005859
627 -7.750263214111328 -21.84674453735352 31.75690460205078
628 15.56054401397705 -22.16566848754883 32.52447128295898
629 15.73054218292236 -23.48063278198242 33.67685317993164
630 15.10592937469482 -20.60814094543457 31.41062927246094
631 -6.765896320343018 -20.63708686828613 31.66545867919922
632 -5.455540657043457 -18.95920944213867 32.39919662475586
633 -4.706223487854004 -17.77573585510254 32.60065460205078
634 -3.383403062820435 -15.31798076629639 32.43434524536133
635 -2.729383230209351 -14.6128044128418 32.64709854125977
636 -2.106380701065063 -13.95580387115479 32.08995056152344
637 -1.665784239768982 -13.6539363861084 32.03142166137695
638 9.559377670288086 -13.64643478393555 32.48791885375977
639 10.13726806640625 -14.28111267089844 33.01306533813477
640 1.33340847492218 -13.11222171783447 32.05707550048828
641 -0.8003469705581665 -13.47721004486084 32.471923828125
642 3.747278213500977 -12.55190372467041 32.42874526977539
643 7.342957973480225 -12.60129928588867 32.81285858154297
644 4.713297367095947 -12.33725452423096 31.76797485351562
645 2.681151628494263 -43.56497955322266 33.27517700195312
646 4.637397766113281 -43.90242767333984 33.13245010375977
647 8.663052558898926 -43.63623046875 32.39474868774414
648 1.260764479637146 -43.06746673583984 33.11855697631836
649 10.40415191650391 -42.71524429321289 32.71950912475586
650 11.82072257995605 -41.25725173950195 33.19992446899414
651 12.35947895050049 -40.46077346801758 33.90365982055664
652 13.53102397918701 -39.25921249389648 32.9641227722168
653 14.17656898498535 -37.83197402954102 33.26849365234375
654 -4.535717010498047 -37.81021118164062 33.45428466796875
655 -5.422881603240967 -36.81377410888672 32.12667465209961
656 -4.556448459625244 -36.1064338684082 34.95070266723633
657 15.55747890472412 -34.69246673583984 33.45148468017578
658 -6.494773387908936 -33.22315979003906 33.12805557250977
659 -7.540494441986084 -32.77175903320312 32.29475021362305
660 -10.77818298339844 -31.45855140686035 32.12890243530273
661 -8.875062942504883 -31.97872734069824 32.62909317016602
662 -12.28944396972656 -29.65344619750977 31.99502182006836
663 -11.91418838500977 -28.9664478302002 32.8662223815918
664 17.28461074829102 -29.01380157470703 32.83385467529297
665 -12.86966037750244 -26.83663749694824 32.00424575805664
666 -12.17177295684814 -26.34899711608887 32.78208160400391
667 16.16677284240723 -26.56239318847656 34.88502883911133
668 -12.07786464691162 -25.18170928955078 32.44608688354492
669 -10.76925373077393 -23.9409065246582 32.12509918212891
670 -9.907017707824707 -23.85174369812012 32.63467025756836
671 -7.847854137420654 -22.37789344787598 32.69499588012695
672 14.59116554260254 -21.35430908203125 33.83602523803711
673 -6.878435134887695 -21.78024673461914 33.63427734375
674 13.62221908569336 -21.2939510345459 36.683349609375
675 10.72452354431152 -15.24000930786133 33.89037322998047
676 1.494006156921387 -13.57699680328369 34.26926422119141
677 8.374082565307617 -12.96565055847168 32.75805282592773
678 5.31995153427124 -12.48661136627197 33.40724563598633
679 6.655579566955566 -12.50333976745605 33.00720977783203
680 3.14307975769043 -43.40861129760742 34.15004348754883
681 5.225751876831055 -43.62271118164062 34.24644470214844
682 7.509056568145752 -43.59487533569336 33.29844665527344
683 1.669337511062622 -42.8465690612793 34.53659820556641
684 6.078012466430664 -42.99668121337891 35.28190994262695
685 7.952587127685547 -43.19242858886719 34.05410766601562
686 8.654971122741699 -42.82355880737305 34.34639358520508
687 -1.988656282424927 -41.1938362121582 34.33636856079102
688 -0.6036422848701477 -41.62600708007812 35.17481994628906
689 10.55694007873535 -41.80302047729492 34.16948318481445
690 11.79281425476074 -40.58675765991211 34.46874618530273
691 13.22722053527832 -38.66907501220703 34.49021911621094
692 14.06064224243164 -37.52230072021484 34.13815307617188
693 -5.462088108062744 -33.54827499389648 34.74324035644531
694 15.03368854522705 -34.83329391479492 34.68930816650391
695 -5.984239101409912 -32.71482467651367 34.44072723388672
696 16.00010681152344 -32.42145919799805 34.12461090087891
697 -7.598663806915283 -31.94447135925293 33.3450813293457
698 -10.04731941223145 -30.68364143371582 33.18792724609375
699 -6.87571382522583 -31.42928123474121 34.37287521362305
700 -7.869775295257568 -30.91133117675781 33.98146438598633
701 -10.24625778198242 -29.38741874694824 33.64666748046875
702 -7.380035400390625 -30.08293533325195 34.60782241821289
703 16.01265525817871 -29.0341796875 35.49752807617188
704 -11.07507991790771 -27.80770492553711 33.59508514404297
705 -7.741138458251953 -29.22075653076172 34.66917419433594
706 -8.446968078613281 -27.72317504882812 34.57624816894531
707 15.99972820281982 -27.30274200439453 35.50874328613281
708 -11.26306438446045 -26.36935997009277 33.42444610595703
709 -8.833743095397949 -26.11928176879883 34.4012565612793
710 -7.958865642547607 -27.3394889831543 34.79595565795898
711 -11.35088634490967 -25.48386001586914 33.12425994873047
712 -9.200593948364258 -25.08304023742676 33.95751953125
713 16.0096378326416 -25.3359203338623 34.63565826416016
714 -10.96948432922363 -24.81700706481934 32.92396926879883
715 -10.01197814941406 -24.63406562805176 33.28680801391602
716 -7.886045932769775 -24.37350273132324 34.49889373779297
717 -8.944458961486816 -23.71565055847168 33.20085906982422
718 -7.795815467834473 -23.35981559753418 33.93627548217773
719 -6.145584106445312 -21.5855770111084 35.080322265625
720 -5.704872608184814 -20.27072715759277 34.30392074584961
721 10.87014102935791 -16.88270568847656 36.9641227722168
722 12.54860877990723 -19.23245048522949 36.34893035888672
723 -3.455724000930786 -16.42887878417969 35.88303756713867
724 9.644845962524414 -14.75957584381104 36.68333053588867
725 -2.707769870758057 -15.43795013427734 35.87766647338867
726 -2.058479070663452 -14.69499588012695 35.34723281860352
727 -1.380207896232605 -14.02997016906738 33.88460922241211
728 -0.5059381723403931 -14.03744220733643 34.65501022338867
729 8.415533065795898 -13.52045440673828 36.12382125854492
730 8.874404907226562 -14.01723670959473 36.92750930786133
731 2.489434957504272 -13.34433650970459 34.34709167480469
732 6.74987268447876 -12.92773723602295 35.88284301757812
733 7.86481761932373 -13.28494644165039 36.34731292724609
734 2.902632474899292 -42.76810836791992 35.40574645996094
735 4.400188446044922 -43.06583404541016 35.18147277832031
736 0.5420757532119751 -41.63042449951172 36.31229019165039
737 2.001277923583984 -41.87093353271484 36.52039337158203
738 6.309135913848877 -42.45559310913086 35.93303680419922
739 8.605462074279785 -41.72312927246094 35.81719207763672
740 9.661813735961914 -41.34967803955078 35.54324722290039
741 -0.5087053179740906 -40.8516960144043 36.58510971069336
742 -2.031812429428101 -40.44771575927734 35.41461563110352
743 11.06333065032959 -40.19546508789062 35.771728515625
744 -3.282452821731567 -38.51388168334961 35.54064559936523
745 12.30127429962158 -39.11093139648438 35.49630355834961
746 13.46432399749756 -37.31155395507812 35.66423416137695
747 12.93314647674561 -37.68651962280273 36.12018585205078
748 -3.66144871711731 -35.86552429199219 37.48390579223633
749 14.09916877746582 -35.86819076538086 35.90576171875
750 -4.126460552215576 -35.13966751098633 37.08627700805664
751 -4.710270404815674 -34.34402465820312 36.15205001831055
752 -5.645163536071777 -31.12911415100098 36.3371696472168
753 15.07006072998047 -32.51034927368164 36.04897308349609
754 -6.284265995025635 -31.12644195556641 35.21602630615234
755 -6.550027847290039 -29.82994079589844 35.42066192626953
756 15.3266544342041 -30.55900192260742 36.44662475585938
757 -6.375638961791992 -28.3790168762207 36.14149856567383
758 -7.257562160491943 -26.79052543640137 35.37277603149414
759 -7.882889747619629 -26.03472137451172 34.87173461914062
760 -6.520631313323975 -26.37497711181641 36.26910018920898
761 -6.896250247955322 -24.64494895935059 35.55777740478516
762 -7.218802452087402 -23.41205406188965 34.67703628540039
763 14.5817403793335 -24.98158645629883 38.28075408935547
764 -6.587377071380615 -23.02218055725098 35.37802886962891
765 14.48428821563721 -23.27067184448242 36.96513366699219
766 -5.627101898193359 -21.00998878479004 35.80344390869141
767 -4.914666652679443 -19.42048835754395 35.69512557983398
768 -1.650919675827026 -14.64450740814209 35.73793029785156
769 1.069400310516357 -14.22837448120117 35.86523056030273
770 2.526904582977295 -14.06449794769287 36.39208602905273
771 3.550127267837524 -13.69095325469971 36.5560417175293
772 4.848795413970947 -13.35091686248779 37.09381484985352
773 5.816143989562988 -13.01029968261719 36.4672737121582
774 3.807870149612427 -42.23881149291992 36.28293991088867
775 4.379515647888184 -41.32209396362305 37.21003341674805
776 1.848625659942627 -40.65100860595703 37.93943786621094
777 7.306094169616699 -40.92391204833984 37.04400253295898
778 -1.315514922142029 -39.66991424560547 37.234619140625
779 9.291172027587891 -39.91701126098633 37.15445327758789
780 11.11583232879639 -38.74955368041992 37.05050659179688
781 12.11561107635498 -38.00577926635742 36.79673767089844
782 -2.578413963317871 -36.83938598632812 38.51217651367188
783 13.35500335693359 -35.61695098876953 37.11772155761719
784 14.13530158996582 -32.91122055053711 37.36298751831055
785 -5.461382865905762 -30.63420486450195 37.19594573974609
786 -5.916611671447754 -28.05914497375488 37.47060775756836
787 14.97083568572998 -27.36681747436523 37.93296051025391
788 14.59552001953125 -25.90896224975586 38.61043548583984
789 -5.995395660400391 -25.69824981689453 37.65378189086914
790 -6.247097969055176 -24.07256889343262 36.6495475769043
791 -5.870598793029785 -23.735595703125 37.62025451660156
792 -5.830006122589111 -22.36148643493652 36.72967910766602
793 -4.769726753234863 -20.55131530761719 38.49359512329102
794 -4.088305473327637 -18.81979179382324 38.51436233520508
795 -3.301831722259521 -17.40420913696289 38.62772750854492
796 9.734559059143066 -15.53066444396973 38.1091423034668
797 -2.307316541671753 -15.84236526489258 37.61628723144531
798 -0.8580811023712158 -14.77665615081787 36.45291519165039
799 1.687879800796509 -15.02831077575684 37.66140747070312
800 3.472551345825195 -14.97895431518555 38.80840682983398
801 6.467694759368896 -13.2934513092041 37.79611587524414
802 0.9993742108345032 -41.03056716918945 37.32940673828125
803 3.355170249938965 -40.35344696044922 38.10799789428711
804 0.4762641489505768 -39.27499389648438 39.05443572998047
805 2.435075759887695 -39.35825729370117 39.24545669555664
806 5.390434265136719 -38.87504196166992 38.81584548950195
807 7.120427131652832 -38.46865081787109 38.74406814575195
808 8.691671371459961 -37.56875991821289 39.03908157348633
809 -1.124167919158936 -37.62469100952148 39.4907112121582
810 9.671779632568359 -37.57621765136719 38.68875503540039
811 10.63439750671387 -37.07249450683594 38.55473327636719
812 -3.249545574188232 -35.79661178588867 38.46916961669922
813 11.98441791534424 -35.84613037109375 38.38122177124023
814 -4.250715255737305 -33.25144958496094 39.02058792114258
815 13.17572116851807 -33.25187683105469 38.38299179077148
816 14.18440246582031 -29.8503246307373 38.66466903686523
817 -5.589667797088623 -28.52224540710449 38.53789901733398
818 14.3530387878418 -28.16168975830078 39.03329086303711
819 -5.717392921447754 -25.84622573852539 38.80525970458984
820 -5.249481678009033 -25.13872528076172 40.78240585327148
821 13.62877178192139 -22.55542182922363 38.27884292602539
822 -5.168375492095947 -23.04617881774902 39.77048873901367
823 12.1999454498291 -20.15179443359375 38.53066635131836
824 10.51508140563965 -17.16046333312988 38.21284866333008
825 -3.178461313247681 -17.59319877624512 39.37347412109375
826 -1.803306579589844 -15.85730743408203 38.14899826049805
827 -1.248103857040405 -16.40142631530762 39.22042083740234
828 1.969798684120178 -15.89832782745361 39.12382507324219
829 3.366389036178589 -15.91841411590576 39.84047317504883
830 8.834820747375488 -14.42575931549072 38.23477172851562
831 4.409298419952393 -14.43338012695312 38.89707183837891
832 5.336025238037109 -13.82591533660889 38.78264236450195
833 7.751997947692871 -13.67038536071777 38.06882858276367
834 5.550289630889893 -13.50696754455566 38.22634124755859
835 1.469031572341919 -39.08004379272461 39.59780883789062
836 0.3561219274997711 -37.96449279785156 40.30336761474609
837 3.018943786621094 -38.09485244750977 40.48222732543945
838 4.232092380523682 -38.03461456298828 40.14245986938477
839 -1.858034014701843 -35.8161735534668 40.61083602905273
840 -0.3928094506263733 -37.19147872924805 40.63607025146484
841 6.5016770362854 -37.03329086303711 40.33893203735352
842 7.678718090057373 -36.31564712524414 40.48799133300781
843 9.682775497436523 -35.84764862060547 39.84484481811523
844 -3.006361484527588 -34.30672454833984 40.72876358032227
845 10.65954208374023 -34.96059799194336 39.75990676879883
846 11.32540607452393 -33.81851196289062 39.81620407104492
847 -3.347868919372559 -34.28144454956055 40.18535995483398
848 -4.28297758102417 -31.33984756469727 41.25064849853516
849 12.43937492370605 -32.15502166748047 39.62347030639648
850 -4.906858921051025 -30.49117469787598 39.89696502685547
851 13.53481483459473 -28.39212226867676 40.14099502563477
852 13.95987510681152 -26.90112495422363 39.85562515258789
853 13.79673671722412 -25.47454261779785 40.02169418334961
854 13.40323925018311 -23.77486038208008 39.68780899047852
855 12.8453483581543 -23.83394622802734 40.53908157348633
856 12.78531646728516 -22.5331859588623 39.83290863037109
857 -4.172553062438965 -20.30069160461426 40.07929611206055
858 11.67373561859131 -20.9704532623291 40.13229370117188
859 -3.829304218292236 -19.39163780212402 39.89711761474609
860 10.28007030487061 -17.78498649597168 39.23126983642578
861 10.15414428710938 -18.76987457275391 40.13396835327148
862 8.88925838470459 -15.71015167236328 39.57588958740234
863 -2.436747789382935 -16.9139461517334 39.15182876586914
864 2.087385177612305 -16.88997268676758 40.35218811035156
865 8.507673263549805 -15.64395618438721 39.94622039794922
866 7.723543167114258 -14.3503303527832 39.50843048095703
867 6.256944179534912 -14.19580745697021 39.64487075805664
868 6.723446369171143 -13.79922866821289 39.07275009155273
869 1.444814801216125 -37.72014236450195 40.94528579711914
870 2.246917963027954 -37.87565612792969 40.84446334838867
871 3.809885263442993 -37.01558685302734 41.65934753417969
872 8.987431526184082 -34.83444213867188 40.94537734985352
873 -3.757783651351929 -32.03427505493164 41.64999771118164
874 11.4236478805542 -30.29707908630371 41.32054138183594
875 -5.133708000183105 -27.88425827026367 41.26512908935547
876 -4.588086605072021 -29.12155532836914 42.4027099609375
877 12.39096260070801 -28.17324447631836 41.3514404296875
878 12.80259132385254 -26.39130210876465 41.26535415649414
879 12.61138534545898 -24.93598365783691 41.24442291259766
880 -4.951151847839355 -23.77778434753418 40.84724426269531
881 -4.984053611755371 -25.06890296936035 41.73186111450195
882 11.46183681488037 -22.792236328125 41.48280334472656
883 -4.466658115386963 -23.00337982177734 41.23126220703125
884 10.70591259002686 -21.56875610351562 41.46905517578125
885 -3.879611015319824 -22.08149719238281 41.4727897644043
886 -3.546346187591553 -19.84991073608398 40.68770980834961
887 -2.82921028137207 -17.78940391540527 39.97581481933594
888 -2.636323690414429 -19.08260154724121 41.18233108520508
889 9.22917366027832 -19.31754875183105 41.15316772460938
890 -2.08264684677124 -18.74467086791992 41.27529907226562
891 -0.98774254322052 -18.39477920532227 41.35701370239258
892 -1.123396277427673 -17.92134475708008 40.94876861572266
893 8.411201477050781 -17.16442680358887 40.68902206420898
894 7.953517913818359 -18.13492965698242 41.2577018737793
895 2.988383769989014 -18.00493812561035 41.48809814453125
896 4.571923732757568 -16.83975982666016 41.06003189086914
897 4.765064239501953 -18.51941871643066 42.00575637817383
898 6.227997779846191 -16.75905227661133 41.18326950073242
899 5.912156105041504 -18.12554550170898 41.75727081298828
900 5.421685695648193 -14.88479518890381 40.00072860717773
901 7.433637142181396 -15.36120128631592 40.42472076416016
902 6.463057518005371 -14.86972808837891 40.27663040161133
903 1.045667767524719 -36.70427703857422 41.86541748046875
904 2.036031246185303 -36.20788955688477 42.71630859375
905 3.108242988586426 -36.31721115112305 42.68064880371094
906 -0.761133074760437 -35.58786392211914 41.84565353393555
907 0.6607311964035034 -35.77869033813477 42.70099258422852
908 4.094578266143799 -36.0421142578125 42.87477493286133
909 -0.1456786692142487 -34.99004745483398 42.93642425537109
910 5.567748546600342 -35.20351791381836 43.06501007080078
911 7.127372741699219 -34.5982551574707 42.53004455566406
912 -1.907925963401794 -33.3739013671875 42.9046516418457
913 -3.134942293167114 -31.18473434448242 43.37567138671875
914 8.810428619384766 -32.85673141479492 42.22220611572266
915 7.339745044708252 -33.19881439208984 43.28581237792969
916 9.059547424316406 -31.14556884765625 42.77244567871094
917 -3.874925374984741 -29.9476432800293 43.27543258666992
918 9.346192359924316 -29.30334091186523 43.15625381469727
919 -4.287697315216064 -28.79905700683594 43.28604507446289
920 -4.831679344177246 -26.70139312744141 42.52228164672852
921 11.75243473052979 -26.84774971008301 42.0378303527832
922 11.4918155670166 -25.56511878967285 42.19728088378906
923 8.740361213684082 -26.67340469360352 43.8347053527832
924 -4.172959804534912 -24.46831321716309 42.85663986206055
925 -3.866722822189331 -23.37557411193848 42.40493392944336
926 -3.367546319961548 -24.15011596679688 43.72380828857422
927 11.32621288299561 -24.07256698608398 42.02022933959961
928 9.345006942749023 -24.5652027130127 43.36540222167969
929 9.622865676879883 -22.91398239135742 42.83257675170898
930 -2.938180446624756 -23.35937309265137 43.39177703857422
931 -3.117681264877319 -22.18331336975098 42.2263069152832
932 -1.943866014480591 -21.84496879577637 42.73154067993164
933 -1.27959418296814 -22.26480102539062 43.31212615966797
934 -2.758574724197388 -20.7425365447998 41.74855422973633
935 -1.326816439628601 -20.7431812286377 42.3158073425293
936 0.2599620819091797 -20.62362289428711 42.65935134887695
937 8.462924003601074 -21.27678489685059 42.69953536987305
938 0.04137119650840759 -19.02249908447266 41.77896881103516
939 1.894801139831543 -20.91440582275391 43.31142425537109
940 2.820191621780396 -19.32004928588867 42.35509872436523
941 7.663695812225342 -19.36403274536133 41.94120788574219
942 6.252589702606201 -19.39602088928223 42.37823486328125
943 4.826669216156006 -19.57550621032715 42.67242813110352
944 1.756077766418457 -34.727783203125 44.17079544067383
945 2.970857381820679 -34.97367477416992 44.1771354675293
946 0.1414403468370438 -33.36604309082031 44.362548828125
947 4.167922973632812 -34.81850051879883 44.07612991333008
948 5.619889259338379 -34.05078887939453 44.10025787353516
949 -1.441390514373779 -32.62276077270508 43.83331298828125
950 6.795232772827148 -32.22255706787109 44.1993408203125
951 -3.586245059967041 -29.35159492492676 44.09664154052734
952 7.842865467071533 -29.10860443115234 44.21825790405273
953 -2.27599024772644 -29.90801239013672 44.93774795532227
954 -4.381560802459717 -26.90011787414551 43.52254867553711
955 -3.902918100357056 -27.39369010925293 44.29267883300781
956 -4.34522533416748 -25.37205505371094 43.28565216064453
957 -3.619153499603271 -26.33270454406738 44.6594352722168
958 -3.442145109176636 -25.38385200500488 44.56800842285156
959 6.950709342956543 -23.59768867492676 44.30277252197266
960 8.30403995513916 -22.80121421813965 43.4575309753418
961 6.618738174438477 -22.84416961669922 44.18169021606445
962 -1.580394983291626 -24.48114204406738 45.23906707763672
963 6.84406566619873 -21.45599365234375 43.46478271484375
964 5.579366683959961 -22.02330780029297 44.12472152709961
965 4.045445442199707 -22.40246772766113 44.59640884399414
966 3.038381814956665 -22.04663276672363 44.39175415039062
967 1.236457705497742 -32.91972732543945 45.0826416015625
968 2.778915882110596 -33.11268615722656 45.32726287841797
969 4.820879936218262 -33.94457244873047 44.5134162902832
970 4.191274166107178 -32.49908065795898 45.52748489379883
971 1.938616275787354 -31.95212364196777 45.68184661865234
972 5.142999649047852 -32.53477478027344 45.06302642822266
973 -0.6184867024421692 -30.71225929260254 45.3299560546875
974 4.899960994720459 -31.61306571960449 45.55013656616211
975 0.02108532562851906 -29.91560935974121 45.81230926513672
976 6.02340841293335 -30.50586128234863 45.11774826049805
977 4.52823543548584 -30.62187767028809 45.78521347045898
978 -1.610126376152039 -29.35924339294434 45.49959182739258
979 5.52313232421875 -27.62667655944824 45.48351669311523
980 -3.129660367965698 -27.94831657409668 45.06931304931641
981 -2.566503047943115 -26.38649940490723 45.5926399230957
982 5.3092360496521 -25.64626502990723 45.47615051269531
983 -2.354699611663818 -25.2735767364502 45.38337707519531
984 -2.131792306900024 -24.98019027709961 45.36022186279297
985 0.1851564198732376 -24.92174530029297 45.97879791259766
986 1.582727551460266 -22.99247550964355 44.90446090698242
987 1.815197944641113 -24.0491771697998 45.6306037902832
988 2.922234058380127 -24.78657341003418 45.88586044311523
989 4.435636520385742 -23.42112922668457 45.09710693359375
990 5.204753398895264 -24.37079811096191 45.23514556884766
991 3.730841398239136 -31.95533180236816 45.79440689086914
992 2.1869957447052 -29.82638740539551 46.11349868774414
993 0.907493531703949 -29.19294929504395 46.12759017944336
994 2.905924081802368 -28.88893699645996 46.16330337524414
995 -2.086656093597412 -27.50786018371582 45.79211807250977
996 -0.7883175611495972 -27.7343807220459 46.18638229370117
997 0.9118612408638 -27.46228408813477 46.37511825561523
998 3.608033895492554 -27.28525924682617 46.06996917724609
999 -1.396487593650818 -26.09750556945801 46.0629997253418
1000 -0.1996588706970215 -26.19411659240723 46.31788635253906
1001 1.608200669288635 -26.28693580627441 46.34045791625977
1002 3.163268327713013 -25.73335266113281 46.06979751586914
1003 -10.99018478393555 28.83890914916992 -67.07273101806641
1004 -7.88152027130127 31.24325180053711 -68.3985595703125
1005 -8.869446754455566 28.67476272583008 -66.90267944335938
1006 -10.67848968505859 33.23339462280273 -68.2493896484375
1007 -12.17094230651855 30.5781421661377 -66.83310699462891
1008 -8.880672454833984 35.18552780151367 -68.45746612548828
1009 -6.528797149658203 36.10498809814453 -67.79206085205078
1010 -1.599038362503052 34.8320198059082 -64.07054901123047
1011 -3.00355863571167 31.54208946228027 -63.95926666259766
1012 -10.510178565979 39.2354850769043 -66.2406005859375
1013 -6.418706893920898 27.39785766601562 -64.14985656738281
1014 23.6904125213623 37.72225952148438 -65.93932342529297
1015 26.59212493896484 35.33567047119141 -65.51174163818359
1016 18.78838348388672 28.99861145019531 -63.05707550048828
1017 -1.657283306121826 38.25967788696289 -63.31584930419922
1018 -15.87742805480957 34.64065170288086 -61.64794158935547
1019 -14.44068717956543 41.36275482177734 -63.12787628173828
1020 31.6297721862793 40.18916702270508 -65.78577423095703
1021 32.02758407592773 38.6020622253418 -65.43557739257812
1022 -9.606974601745605 43.81595993041992 -63.36122894287109
1023 18.00480842590332 35.81707000732422 -64.40731811523438
1024 26.7309398651123 47.95957946777344 -65.64209747314453
1025 -12.84244823455811 44.04475021362305 -63.39548110961914
1026 34.81712341308594 42.65897369384766 -64.69830322265625
1027 29.77188110351562 48.51101303100586 -65.76596832275391
1028 33.55149459838867 52.24844741821289 -63.82901763916016
1029 -9.172229766845703 24.49748992919922 -62.62725067138672
1030 -6.929898738861084 24.6812744140625 -62.74891662597656
1031 -15.02396678924561 27.71291732788086 -62.1195182800293
1032 30.28961181640625 32.13082504272461 -63.18032836914062
1033 37.45842742919922 39.64680099487305 -63.25939178466797
1034 17.13195419311523 42.12704467773438 -63.27432250976562
1035 37.65867614746094 49.98908233642578 -62.10627746582031
1036 25.45422744750977 53.556640625 -63.85851669311523
1037 28.92617988586426 56.53027725219727 -63.07337951660156
1038 -10.78276920318604 21.89260292053223 -58.66162109375
1039 -1.107949733734131 23.4693489074707 -61.96253967285156
1040 -3.203864097595215 25.68552398681641 -62.41861724853516
1041 -4.482319355010986 27.13771057128906 -63.03171539306641
1042 13.36807346343994 25.84705352783203 -60.89399719238281
1043 -18.43237495422363 30.91953277587891 -59.42018127441406
1044 4.263837337493896 37.10721206665039 -60.93833923339844
1045 38.04594039916992 33.36757659912109 -60.27239990234375
1046 1.178450703620911 39.78919219970703 -61.86542129516602
1047 13.07566356658936 40.85814666748047 -61.47116088867188
1048 -10.63022232055664 49.84668731689453 -61.88133239746094
1049 -13.68858814239502 49.64709091186523 -61.74091339111328
1050 13.21346282958984 45.8536376953125 -61.7616081237793
1051 17.94970321655273 52.04041290283203 -61.57566070556641
1052 21.92077445983887 56.48458099365234 -61.55785751342773
1053 -16.65151596069336 57.78007888793945 -62.01407241821289
1054 -19.58488655090332 54.57052230834961 -62.24070739746094
1055 -22.77443504333496 57.65261459350586 -61.81888198852539
1056 35.23533248901367 56.16320037841797 -61.02686309814453
1057 5.144340038299561 19.83218765258789 -61.67132186889648
1058 2.301837921142578 17.56510734558105 -61.10460662841797
1059 -3.510581254959106 20.18420791625977 -61.37846374511719
1060 -8.727492332458496 21.26967620849609 -60.25100708007812
1061 5.150772094726562 28.92768669128418 -60.02116012573242
1062 10.20876979827881 22.90304565429688 -60.15042877197266
1063 26.40544700622559 25.98720932006836 -59.31514358520508
1064 18.78133392333984 23.08232116699219 -59.82232284545898
1065 5.391255378723145 32.76156616210938 -59.74383926391602
1066 12.00947761535645 32.88255310058594 -60.21720123291016
1067 -18.51465797424316 41.02865982055664 -56.74194717407227
1068 10.17199993133545 36.81511306762695 -59.96200942993164
1069 5.687841892242432 39.20447158813477 -60.65824890136719
1070 -5.17644214630127 44.07712173461914 -60.38200378417969
1071 8.689805030822754 42.77547836303711 -60.25847244262695
1072 -16.31474304199219 47.765869140625 -60.51790237426758
1073 3.496951818466187 45.29166030883789 -60.01633834838867
1074 8.783407211303711 49.83899307250977 -61.82709503173828
1075 -6.001161575317383 49.66574096679688 -60.33197021484375
1076 14.31520462036133 50.32021331787109 -61.27493286132812
1077 -16.03444480895996 53.24971771240234 -61.8193244934082
1078 -20.40386772155762 52.82971954345703 -60.88388824462891
1079 -10.9543981552124 55.2888298034668 -60.89651107788086
1080 -26.02365875244141 54.95198059082031 -60.58611679077148
1081 -33.68320083618164 56.02400207519531 -60.36449432373047
1082 -28.97855377197266 59.59521865844727 -61.586181640625
1083 -22.15276908874512 62.07953262329102 -60.93233871459961
1084 26.83381652832031 62.68957138061523 -57.52535247802734
1085 6.297904491424561 14.46095943450928 -58.90364074707031
1086 3.188654661178589 13.55357933044434 -58.43012619018555
1087 9.871378898620605 18.97603797912598 -59.40984725952148
1088 -5.332943916320801 16.52242469787598 -59.57992935180664
1089 12.04202175140381 21.10881233215332 -59.05905914306641
1090 8.938915252685547 28.45558547973633 -59.95363998413086
1091 -19.14185905456543 27.83938789367676 -56.16943740844727
1092 8.972368240356445 33.25546646118164 -58.88847351074219
1093 8.466423034667969 37.93415832519531 -60.01418304443359
1094 41.52402114868164 37.21865463256836 -58.85761260986328
1095 -2.992408990859985 46.00924301147461 -59.52932357788086
1096 43.72380065917969 46.0662841796875 -57.25202178955078
1097 4.007879734039307 54.81822204589844 -60.25088119506836
1098 -19.73199844360352 46.62629318237305 -56.90095901489258
1099 -4.772720336914062 52.02412796020508 -59.98949432373047
1100 9.083718299865723 55.60623168945312 -59.42588043212891
1101 40.49933242797852 54.14259719848633 -57.88899230957031
1102 -33.83907318115234 52.87554931640625 -58.82123565673828
1103 14.7154655456543 57.94816207885742 -57.11666870117188
1104 5.859862327575684 59.46838760375977 -59.06467819213867
1105 -40.21656036376953 55.76295471191406 -58.33902359008789
1106 -32.04319000244141 61.68817901611328 -59.81951904296875
1107 31.12229919433594 63.6419792175293 -56.08727264404297
1108 20.90883445739746 62.23481750488281 -57.70412826538086
1109 -28.15305709838867 65.38582611083984 -57.98716354370117
1110 -5.138529300689697 14.21401882171631 -57.73524856567383
1111 -7.659137725830078 16.08290481567383 -57.65074920654297
1112 -14.89513778686523 20.89358901977539 -51.57485961914062
1113 35.04704284667969 26.28212356567383 -55.75297164916992
1114 40.07031631469727 31.8970832824707 -56.62414169311523
1115 -21.40746879577637 30.56321334838867 -57.55427551269531
1116 -21.43868064880371 33.79241561889648 -57.35493087768555
1117 -20.54793548583984 39.27853393554688 -54.79854202270508
1118 -27.5402889251709 49.59653472900391 -53.9429817199707
1119 -40.50817108154297 52.01715087890625 -57.79837799072266
1120 -38.62417984008789 49.70275497436523 -56.61003112792969
1121 -30.68905830383301 50.07155609130859 -54.0731315612793
1122 -9.764715194702148 63.24899673461914 -56.91538619995117
1123 -1.449710965156555 57.59331512451172 -58.27294921875
1124 40.80655288696289 56.75782775878906 -55.84788131713867
1125 -5.305745124816895 60.25747680664062 -56.70564651489258
1126 9.153290748596191 62.6698112487793 -59.00307846069336
1127 35.86779403686523 62.14285278320312 -55.08822631835938
1128 -35.82394790649414 62.40024566650391 -57.35390090942383
1129 15.96341896057129 64.50656890869141 -58.82527923583984
1130 -3.115623712539673 62.98511505126953 -56.13612365722656
1131 4.164060592651367 65.55419158935547 -58.16766357421875
1132 -15.27129554748535 65.79548645019531 -57.42717742919922
1133 21.19356155395508 65.39283752441406 -57.03244400024414
1134 10.38194751739502 68.30341339111328 -57.69829559326172
1135 6.6831374168396 10.6278772354126 -55.52427673339844
1136 10.10637664794922 11.60823631286621 -54.8409538269043
1137 17.46225929260254 18.16140937805176 -53.91194534301758
1138 23.35342407226562 18.8816032409668 -54.50199508666992
1139 -31.82887268066406 29.67898368835449 -57.11080551147461
1140 -27.40889930725098 29.1661205291748 -57.66707611083984
1141 -32.01056289672852 25.8854866027832 -55.88919067382812
1142 -27.0837459564209 24.82091903686523 -55.9149169921875
1143 -35.363037109375 28.4824390411377 -55.52809906005859
1144 -28.50208854675293 31.65366554260254 -56.68731307983398
1145 -25.83053779602051 35.25015640258789 -54.21609878540039
1146 44.22928619384766 34.26560211181641 -53.55994033813477
1147 46.62843322753906 38.01841354370117 -52.68285751342773
1148 44.60024642944336 48.40818405151367 -55.48663711547852
1149 -41.87905120849609 48.58740234375 -54.90952682495117
1150 -43.8954963684082 53.90850830078125 -55.22275543212891
1151 -20.96319007873535 69.02815246582031 -55.56689071655273
1152 15.36164474487305 68.71723937988281 -57.18925857543945
1153 23.98478126525879 68.36287689208984 -54.22324371337891
1154 -1.650698900222778 10.45581436157227 -52.90129089355469
1155 4.630220413208008 9.425360679626465 -53.99547958374023
1156 -6.296167850494385 11.53107738494873 -52.53406524658203
1157 14.00860786437988 11.9896183013916 -51.83340454101562
1158 -8.502776145935059 13.29853630065918 -51.71742630004883
1159 16.81500244140625 16.36078453063965 -51.72117233276367
1160 -29.17539215087891 22.50857162475586 -53.82275772094727
1161 -20.73807716369629 25.56817054748535 -53.10127258300781
1162 -35.55646896362305 31.062744140625 -55.58073806762695
1163 38.64388275146484 25.91564559936523 -51.75360107421875
1164 46.90312194824219 41.35284805297852 -52.84253692626953
1165 -21.77793121337891 41.69096374511719 -54.10021209716797
1166 -46.00714111328125 50.53947448730469 -52.48224258422852
1167 45.01747131347656 51.50933456420898 -52.97589492797852
1168 -44.08065032958984 57.41891098022461 -53.36361694335938
1169 -38.2971076965332 63.43238830566406 -54.1539421081543
1170 -29.33141708374023 70.97354125976562 -51.68533706665039
1171 -4.073072910308838 68.26065826416016 -53.39787292480469
1172 -10.49674892425537 70.60285949707031 -51.77474594116211
1173 7.592147827148438 5.976886749267578 -50.09529876708984
1174 31.46647834777832 20.92003631591797 -51.17041397094727
1175 -30.91641235351562 35.30661010742188 -51.92746353149414
1176 -37.56621170043945 34.09440994262695 -52.50220108032227
1177 -26.6226806640625 43.83726501464844 -53.49879455566406
1178 46.52477645874023 47.32419586181641 -52.24760437011719
1179 -37.23451614379883 46.37385940551758 -53.57582855224609
1180 -44.37360382080078 46.0130615234375 -52.93938064575195
1181 -7.822797775268555 68.39236450195312 -53.17695617675781
1182 32.14502334594727 65.32378387451172 -53.45501708984375
1183 -34.29563903808594 68.01122283935547 -51.8261604309082
1184 0.9892346858978271 73.60626983642578 -50.61148834228516
1185 11.09842777252197 73.35202789306641 -53.12100982666016
1186 18.09025001525879 73.58411407470703 -51.62823867797852
1187 1.134356379508972 3.055502414703369 -47.11301040649414
1188 -11.44950389862061 16.95112228393555 -50.33930587768555
1189 27.28633117675781 18.43558883666992 -50.42761611938477
1190 -27.85246276855469 20.18851661682129 -50.59076309204102
1191 -25.00227546691895 17.26920890808105 -47.88850402832031
1192 -40.93387222290039 32.35800170898438 -51.57888412475586
1193 -27.75015068054199 38.69118118286133 -52.86614990234375
1194 -36.34003448486328 37.66739654541016 -51.79365539550781
1195 -35.12100982666016 43.18514633178711 -53.13568878173828
1196 -41.19699096679688 42.53182220458984 -51.9981803894043
1197 -29.88010787963867 48.04180908203125 -53.02005004882812
1198 -21.88518905639648 74.78730010986328 -48.70500946044922
1199 -19.71518325805664 75.66596984863281 -47.74258422851562
1200 18.31074714660645 14.52721500396729 -47.98622512817383
1201 19.26004409790039 16.61161231994629 -50.00052261352539
1202 -38.40493774414062 23.71209335327148 -48.5836067199707
1203 -41.78630065917969 29.17254447937012 -49.89106750488281
1204 48.93245315551758 38.10237884521484 -46.54850387573242
1205 -45.45498275756836 37.21355819702148 -51.40262603759766
1206 -48.2179069519043 42.47148513793945 -50.6427001953125
1207 47.92252731323242 50.5312385559082 -45.7000846862793
1208 43.06108093261719 61.14787673950195 -46.08945846557617
1209 32.65076065063477 69.84119415283203 -46.43104934692383
1210 23.44047927856445 71.88627624511719 -50.06665420532227
1211 -29.40950393676758 72.69159698486328 -48.29204559326172
1212 -9.767395973205566 73.52253723144531 -47.9399299621582
1213 12.34326934814453 76.90743255615234 -47.48553848266602
1214 -5.57924222946167 6.509243965148926 -48.52005004882812
1215 13.64249992370605 6.518233299255371 -46.96528244018555
1216 -7.667516708374023 9.695964813232422 -50.24440765380859
1217 26.12606620788574 17.46018600463867 -48.76745986938477
1218 -18.95910453796387 14.40972709655762 -45.96091461181641
1219 -36.41281509399414 21.79942321777344 -46.9322624206543
1220 41.41421890258789 26.20891761779785 -46.77035903930664
1221 45.79280471801758 31.89257621765137 -47.43911361694336
1222 -48.40800476074219 37.46121215820312 -49.66435623168945
1223 -51.10628509521484 50.31815719604492 -46.01755523681641
1224 46.05048751831055 57.48856735229492 -44.58794403076172
1225 -48.87860488891602 58.98256683349609 -44.51928329467773
1226 -41.63610076904297 64.13264465332031 -47.85624313354492
1227 37.6960334777832 68.41648864746094 -42.98478698730469
1228 -3.717095136642456 78.43040466308594 -45.69348526000977
1229 4.155545711517334 77.31208801269531 -45.76215362548828
1230 32.52442932128906 -21.49716758728027 -47.55054092407227
1231 31.45040321350098 -16.84220504760742 -49.05820846557617
1232 34.88255310058594 -17.53851318359375 -49.10353851318359
1233 38.13824462890625 -10.99135875701904 -48.62804794311523
1234 41.22845077514648 -19.6941967010498 -46.5103759765625
1235 29.12261199951172 -12.21210861206055 -48.39196014404297
1236 27.71950340270996 -17.13064765930176 -47.5213623046875
1237 33.38736343383789 -10.62069129943848 -49.314697265625
1238 30.94938850402832 -9.535026550292969 -48.57318115234375
1239 34.8648567199707 -7.82622766494751 -49.03505706787109
1240 -16.29857444763184 10.55536556243896 -44.5598258972168
1241 -27.89664649963379 17.62488555908203 -47.06876373291016
1242 34.42623519897461 22.09569931030273 -48.09151840209961
1243 -40.82028961181641 26.53161811828613 -46.80306625366211
1244 -44.87906646728516 29.55058670043945 -46.48580551147461
1245 49.25617218017578 34.50968933105469 -43.23967361450195
1246 49.20526504516602 41.87251281738281 -43.53115081787109
1247 -34.23526382446289 70.7344970703125 -43.56549835205078
1248 -8.399720191955566 75.99861907958984 -44.91119003295898
1249 17.10248374938965 75.77857971191406 -47.19071578979492
1250 26.25272750854492 -22.18054008483887 -45.09481811523438
1251 44.50157928466797 -15.70617008209229 -45.36673355102539
1252 25.20001029968262 -10.79930305480957 -45.37223434448242
1253 34.30098724365234 -1.552091956138611 -45.51668548583984
1254 38.55327987670898 -4.766408443450928 -47.33887100219727
1255 1.97861385345459 -1.69808042049408 -43.19584274291992
1256 6.372720718383789 -0.2542329728603363 -45.25819778442383
1257 10.5479850769043 1.322746276855469 -45.2869987487793
1258 -9.972434997558594 4.945135116577148 -44.56845474243164
1259 -11.33579349517822 7.873960018157959 -46.20691680908203
1260 15.35993385314941 6.699238777160645 -45.45354843139648
1261 21.71015930175781 15.983473777771 -44.09954071044922
1262 43.1456298828125 27.65848731994629 -44.45420074462891
1263 -50.44426345825195 36.89534378051758 -45.72634506225586
1264 -52.89567947387695 43.28794860839844 -43.65580368041992
1265 49.45872497558594 52.61128616333008 -40.24250411987305
1266 -50.60533905029297 54.99591064453125 -44.78107452392578
1267 -21.83198928833008 76.32775115966797 -44.82866287231445
1268 39.39983367919922 -25.74150848388672 -43.25779724121094
1269 36.49665832519531 -28.60138511657715 -41.78471755981445
1270 26.41908836364746 -25.83701324462891 -42.55261611938477
1271 -40.21980667114258 -18.39889717102051 -44.17233657836914
1272 -40.19827651977539 -14.00206279754639 -45.73810577392578
1273 -36.62023544311523 -17.07805824279785 -45.98366165161133
1274 -36.38034439086914 -11.99848937988281 -46.52245712280273
1275 -32.12219619750977 -12.49979782104492 -45.85219192504883
1276 22.59972953796387 -13.69526958465576 -43.43162155151367
1277 -33.9927864074707 -8.633848190307617 -45.82083129882812
1278 -36.87599563598633 -6.540951251983643 -45.30481719970703
1279 26.54476547241211 -8.794974327087402 -45.61746215820312
1280 38.32645797729492 -0.1115940660238266 -44.89944839477539
1281 -4.979569435119629 -0.7549067735671997 -40.16449737548828
1282 -31.71791648864746 8.10994815826416 -44.31123733520508
1283 -27.30186080932617 13.10988616943359 -45.74687957763672
1284 -27.1771183013916 7.285384178161621 -46.36882400512695
1285 -25.2018928527832 6.917903423309326 -46.08907699584961
1286 -23.98845672607422 13.12537956237793 -46.38135147094727
1287 -20.09604644775391 9.857038497924805 -44.33075714111328
1288 18.51590538024902 12.09037685394287 -44.35367202758789
1289 -31.81224822998047 18.16463279724121 -42.79375076293945
1290 -37.51952743530273 21.34063720703125 -42.82805252075195
1291 31.3079891204834 71.99790191650391 -43.32136535644531
1292 -10.45644950866699 77.36089324951172 -39.66194152832031
1293 -1.704905033111572 79.65322113037109 -43.64978408813477
1294 -42.31329345703125 -17.98708152770996 -42.87076950073242
1295 -32.76586151123047 -21.34554481506348 -42.47066116333008
1296 -29.58127021789551 -18.29889297485352 -42.45520782470703
1297 -43.13916397094727 -14.29845905303955 -43.48977279663086
1298 -40.97777938842773 -3.425871849060059 -43.18893051147461
1299 -43.69581985473633 -8.920790672302246 -42.54933547973633
1300 21.04898262023926 -5.696404933929443 -43.34113311767578
1301 47.81340408325195 -10.67432403564453 -42.89823913574219
1302 -28.84322738647461 -6.037150859832764 -41.86965179443359
1303 27.67819404602051 1.181763529777527 -43.37864685058594
1304 -34.12725448608398 -0.5032902956008911 -43.45729827880859
1305 -36.94621658325195 0.6035144925117493 -42.94540786743164
1306 43.20010375976562 -1.546566128730774 -44.26288223266602
1307 32.87481689453125 3.121416330337524 -43.01235580444336
1308 15.47462272644043 0.03802995383739471 -43.4748649597168
1309 -30.59786796569824 2.491394519805908 -43.74629211425781
1310 -24.97760009765625 2.043780088424683 -42.49615097045898
1311 18.08734703063965 4.202439308166504 -42.46011352539062
1312 -34.2353630065918 5.727638244628906 -43.62856292724609
1313 -17.60409927368164 9.41607666015625 -43.43770217895508
1314 -31.61555099487305 13.45847320556641 -40.52915191650391
1315 -31.6417179107666 16.1298656463623 -41.05681610107422
1316 28.98739814758301 19.24100875854492 -41.37835693359375
1317 35.5650749206543 23.2026309967041 -41.7312126159668
1318 -47.88068008422852 29.30884742736816 -38.33952331542969
1319 47.25671768188477 29.60253715515137 -38.83091735839844
1320 42.39221954345703 64.59136199951172 -40.93350601196289
1321 -43.6324348449707 65.86894989013672 -41.8916015625
1322 24.65293884277344 76.93681335449219 -35.80776977539062
1323 15.31565856933594 77.77333068847656 -39.79788970947266
1324 47.26520156860352 -20.08194923400879 -41.88125610351562
1325 47.27232360839844 -23.90376091003418 -39.02913665771484
1326 -36.41896438598633 -22.7339038848877 -42.1781120300293
1327 22.53996276855469 -23.75996780395508 -41.08518981933594
1328 -26.96109008789062 -13.53478527069092 -42.26134872436523
1329 19.50401878356934 -7.799259185791016 -42.77345275878906
1330 50.97125625610352 -5.253506660461426 -41.02980804443359
1331 -30.09848594665527 -0.7943521738052368 -42.41904830932617
1332 16.44670867919922 -6.449901580810547 -41.26211547851562
1333 19.23771667480469 0.2931824326515198 -43.54335784912109
1334 5.143582820892334 -2.263073921203613 -42.50046157836914
1335 12.93825626373291 -2.86783766746521 -41.7435188293457
1336 45.6571159362793 3.782339572906494 -38.93031692504883
1337 21.80608558654785 3.371411085128784 -42.43808746337891
1338 -18.95491027832031 4.737960815429688 -40.03730392456055
1339 -13.12427806854248 1.775168061256409 -39.49340438842773
1340 -37.96195220947266 9.102396965026855 -40.5946044921875
1341 20.08964347839355 7.811672210693359 -38.10416412353516
1342 19.92840385437012 10.63516998291016 -38.69134140014648
1343 22.7220287322998 16.33699226379395 -37.0286750793457
1344 -40.09807586669922 27.37907028198242 -39.66593170166016
1345 -45.5794792175293 28.10384750366211 -39.08626174926758
1346 50.94596481323242 37.07204055786133 -40.92170715332031
1347 -54.71307373046875 41.59828567504883 -37.39373016357422
1348 -54.47768020629883 46.29285049438477 -38.328857421875
1349 -46.35962295532227 63.55948638916016 -40.86434555053711
1350 -28.82578086853027 75.02162170410156 -39.42693328857422
1351 11.65170574188232 78.54730987548828 -37.88482284545898
1352 -5.097951412200928 81.12045288085938 -37.09619903564453
1353 39.07999420166016 -30.0760383605957 -38.70580291748047
1354 -33.00782775878906 -26.98911476135254 -40.11521530151367
1355 -35.31420516967773 -27.14087677001953 -39.33203887939453
1356 -38.11706924438477 -25.15682983398438 -39.64031600952148
1357 -28.10489273071289 -26.17843437194824 -39.60200881958008
1358 19.18772506713867 -15.09014129638672 -39.22568511962891
1359 -24.05359268188477 -19.12012100219727 -41.45915603637695
1360 52.37327575683594 -13.29119491577148 -37.97835540771484
1361 -46.57503890991211 -9.405801773071289 -39.62500762939453
1362 -22.97165870666504 -9.535276412963867 -39.73323440551758
1363 53.72700119018555 -7.123891353607178 -39.12673568725586
1364 -51.27076721191406 -2.86200737953186 -38.25675582885742
1365 -48.80488204956055 -0.4351106584072113 -39.45105361938477
1366 -21.58253479003906 -3.229122877120972 -40.20787048339844
1367 -41.57976531982422 3.066935777664185 -39.40054702758789
1368 40.93764495849609 6.481859683990479 -36.95629501342773
1369 23.08407974243164 6.770807266235352 -38.19807052612305
1370 48.96643447875977 54.77229690551758 -37.4462890625
1371 34.91976928710938 -30.17726707458496 -39.78154373168945
1372 30.81623649597168 -28.76858901977539 -39.00968551635742
1373 25.25361633300781 -28.09406089782715 -38.39609146118164
1374 22.79648780822754 -26.91035652160645 -38.54944229125977
1375 -21.92826080322266 -24.05152893066406 -40.38076400756836
1376 -20.42103004455566 -19.62904357910156 -39.9299201965332
1377 -21.05830001831055 -17.42601013183594 -40.09733200073242
1378 -46.06057739257812 -19.57814598083496 -36.02923965454102
1379 55.21725463867188 -2.972952604293823 -38.05889129638672
1380 10.14863586425781 -4.760672569274902 -35.01713943481445
1381 54.67811965942383 0.08130896091461182 -37.3745231628418
1382 33.8436164855957 7.876821994781494 -37.65201187133789
1383 -43.87839126586914 6.865354537963867 -36.02815628051758
1384 -36.68766784667969 13.97985172271729 -37.5702018737793
1385 -36.57302856445312 18.4749927520752 -38.1940803527832
1386 -39.91079330444336 22.47087860107422 -36.24813079833984
1387 33.05932235717773 20.81872749328613 -38.23508453369141
1388 39.81677627563477 26.12204360961914 -38.06445693969727
1389 49.62643814086914 29.46095848083496 -34.65873336791992
1390 -52.29196929931641 36.68355178833008 -36.05884552001953
1391 51.83764266967773 46.19718170166016 -37.10653686523438
1392 55.43133163452148 42.47629547119141 -31.2727222442627
1393 -51.90496826171875 56.56874847412109 -35.7675895690918
1394 -38.0777702331543 71.31584167480469 -37.28696060180664
1395 -23.67351531982422 76.95906066894531 -36.91097259521484
1396 -8.984862327575684 78.65652465820312 -37.38492202758789
1397 2.859498500823975 80.22052001953125 -35.43661499023438
1398 -28.1359691619873 -27.91382598876953 -37.11811065673828
1399 -21.05182647705078 -27.18698883056641 -37.56403350830078
1400 -24.31460762023926 -28.01080513000488 -37.91844177246094
1401 -19.38589477539062 -22.58069229125977 -38.32035446166992
1402 -19.12240219116211 -12.715744972229 -36.87953567504883
1403 14.61489677429199 -6.397938251495361 -38.83123779296875
1404 12.15560245513916 -5.715322017669678 -34.59634780883789
1405 -14.88733196258545 -2.651048898696899 -36.80844116210938
1406 2.305201292037964 -6.618589401245117 -34.59833908081055
1407 -16.44384765625 0.272167295217514 -38.42245864868164
1408 -10.1364917755127 -1.218009471893311 -37.556640625
1409 -42.66718673706055 8.515222549438477 -35.54719543457031
1410 -36.26335525512695 15.92390060424805 -37.40209197998047
1411 28.23231506347656 18.33885383605957 -38.08771896362305
1412 -45.165771484375 66.08549499511719 -34.53900527954102
1413 31.30144691467285 73.85569763183594 -35.84519577026367
1414 39.76679229736328 -35.18467712402344 -31.57013130187988
1415 34.78939056396484 -32.57671737670898 -35.39622497558594
1416 -33.29269409179688 -29.24432945251465 -33.35031890869141
1417 -42.37775039672852 -24.66308403015137 -34.11513137817383
1418 18.95480155944824 -22.84157371520996 -35.05627059936523
1419 -17.54059791564941 -17.10274124145508 -34.58552932739258
1420 -17.90909004211426 -8.166866302490234 -36.49346542358398
1421 12.37073993682861 -10.87083339691162 -32.37490844726562
1422 -53.03578567504883 -3.960290431976318 -36.28002548217773
1423 57.32344055175781 -4.028059005737305 -35.44157028198242
1424 -1.833640456199646 -6.59065580368042 -34.24221420288086
1425 -52.39498138427734 -1.422427892684937 -37.38332366943359
1426 -13.81110286712646 -5.310956954956055 -33.42461395263672
1427 -50.68579864501953 3.073438882827759 -36.63703918457031
1428 47.31871032714844 7.276817798614502 -36.75538635253906
1429 22.06823348999023 10.03609752655029 -36.41810989379883
1430 28.57563972473145 10.66252708435059 -36.06695938110352
1431 -43.74784469604492 25.4760913848877 -35.8194465637207
1432 42.29931640625 26.03156089782715 -35.27602005004883
1433 51.31780624389648 51.86023712158203 -31.85633277893066
1434 42.01151657104492 65.91175842285156 -33.2777099609375
1435 37.95671081542969 70.19083404541016 -32.67972946166992
1436 -25.91320037841797 77.60043334960938 -35.116943359375
1437 -17.52629470825195 78.13189697265625 -34.46443557739258
1438 15.13846969604492 79.8726806640625 -34.95956039428711
1439 -2.121128559112549 81.65206146240234 -36.3539924621582
1440 48.70652770996094 -26.78725433349609 -33.15873336791992
1441 -18.49225425720215 -25.87362480163574 -30.90224456787109
1442 15.43878173828125 -16.22996139526367 -32.91907501220703
1443 -48.88098526000977 -11.36126041412354 -35.32807159423828
1444 57.16331100463867 -13.94947052001953 -32.33033752441406
1445 57.90420150756836 1.974681377410889 -34.82810592651367
1446 -52.42569351196289 4.285150051116943 -35.12116622924805
1447 -55.56789016723633 2.355282545089722 -32.84599685668945
1448 -48.54560089111328 9.385883331298828 -33.94500350952148
1449 56.71350860595703 9.437229156494141 -34.4402961730957
1450 35.09029006958008 12.14253520965576 -34.41227340698242
1451 26.18881607055664 14.2685718536377 -35.63294219970703
1452 32.62749862670898 16.48638725280762 -35.29324722290039
1453 -39.14227294921875 16.80598068237305 -32.44901275634766
1454 39.04558563232422 23.96039390563965 -35.65731430053711
1455 54.31905746459961 34.87367630004883 -31.86207389831543
1456 -57.73117828369141 45.0118408203125 -33.88095474243164
1457 -34.13975143432617 77.94593811035156 -27.10702896118164
1458 -6.585551738739014 83.31672668457031 -31.65006065368652
1459 29.63503265380859 -30.53428268432617 -31.3093376159668
1460 -35.52576446533203 -29.14700698852539 -32.52488708496094
1461 -28.6486759185791 -29.3456974029541 -30.40052223205566
1462 -20.24361419677734 -29.37120246887207 -30.41100311279297
1463 23.46850395202637 -29.67032241821289 -31.31096458435059
1464 20.13381958007812 -26.91468811035156 -33.3603515625
1465 47.3376579284668 -29.09303855895996 -30.85890769958496
1466 -46.12276840209961 -24.23186302185059 -31.14186668395996
1467 53.89289855957031 -23.70860290527344 -29.86638641357422
1468 -48.97412490844727 -18.93427276611328 -31.86045455932617
1469 -13.48435688018799 -10.34930229187012 -30.42626190185547
1470 8.853129386901855 -6.9259033203125 -32.48892211914062
1471 -3.424717903137207 -8.56429386138916 -31.80944442749023
1472 -55.51541900634766 9.472291946411133 -32.96499633789062
1473 -53.38561248779297 12.32374477386475 -32.89946746826172
1474 -44.40449905395508 10.59367656707764 -32.67060470581055
1475 -41.34416198730469 12.56817722320557 -31.91311264038086
1476 41.58841705322266 13.98559474945068 -32.79929733276367
1477 50.22531509399414 16.93464088439941 -32.97825241088867
1478 40.77742004394531 20.64086532592773 -32.60309219360352
1479 -47.2678108215332 25.29826164245605 -32.61259460449219
1480 -50.28738784790039 28.47870254516602 -31.79355049133301
1481 -53.29873657226562 35.2241096496582 -32.12831497192383
1482 -58.8122673034668 40.89902877807617 -32.49613189697266
1483 -51.91495895385742 59.93848037719727 -32.47439575195312
1484 -48.19311141967773 64.05245971679688 -32.71124649047852
1485 -13.67502212524414 80.23063659667969 -32.02842712402344
1486 22.63068199157715 80.72044372558594 -28.77332878112793
1487 3.467964887619019 80.93328857421875 -33.53073120117188
1488 -1.148979187011719 83.52761077880859 -30.82860946655273
1489 -23.41411399841309 -30.22780990600586 -30.09995651245117
1490 16.74674224853516 -25.75952911376953 -31.87610626220703
1491 -15.01893520355225 -17.22024345397949 -30.83101654052734
1492 -53.35923004150391 -11.6568021774292 -30.04187393188477
1493 2.445224285125732 -9.681214332580566 -31.89720153808594
1494 58.04478073120117 -11.46364784240723 -30.68861389160156
1495 -8.696372985839844 -7.820538997650146 -30.25441360473633
1496 -12.12726974487305 -6.346985340118408 -31.59548187255859
1497 58.78414535522461 -1.120813608169556 -32.75788116455078
1498 59.93000411987305 10.33548355102539 -31.7271556854248
1499 40.6562385559082 17.43898582458496 -31.98447799682617
1500 -42.02300262451172 19.48675537109375 -30.78276824951172
1501 50.02154541015625 27.1735725402832 -32.40718078613281
1502 55.11494827270508 32.89760589599609 -30.06078720092773
1503 55.77610397338867 46.03324890136719 -27.35698509216309
1504 12.46056079864502 85.7401123046875 -27.57806205749512
1505 -2.084764003753662 87.27764892578125 -22.3099250793457
1506 37.96176147460938 -37.91317367553711 -28.1295051574707
1507 30.73786544799805 -32.45535278320312 -29.1735897064209
1508 -35.34637451171875 -31.24993515014648 -30.68412017822266
1509 21.58402252197266 -30.28681945800781 -30.45117568969727
1510 -38.59031677246094 -28.77359390258789 -30.92055320739746
1511 13.28466701507568 -17.826171875 -31.39980316162109
1512 9.229933738708496 -10.33377647399902 -31.29256439208984
1513 4.168330669403076 -12.43241691589355 -30.58999824523926
1514 -56.73386764526367 -4.965159893035889 -29.0106372833252
1515 -60.33742141723633 11.21509456634521 -28.61810111999512
1516 -57.23724365234375 19.22443199157715 -29.53925323486328
1517 -47.46780395507812 14.92563152313232 -30.47731971740723
1518 -53.51894378662109 21.43349456787109 -29.71195030212402
1519 50.14603805541992 21.55278968811035 -32.08458709716797
1520 57.02257537841797 17.98261070251465 -30.93573951721191
1521 58.67692565917969 24.43642807006836 -28.71694183349609
1522 -48.82451248168945 23.87312126159668 -30.27727508544922
1523 -59.26084899902344 49.2563591003418 -29.96121597290039
1524 44.92333602905273 63.1650276184082 -27.42712020874023
1525 -47.50501251220703 66.40546417236328 -29.75611877441406
1526 -40.1396369934082 73.33059692382812 -28.27995872497559
1527 16.86740684509277 85.19732666015625 -27.0252799987793
1528 45.34012603759766 -32.65999984741211 -28.50102424621582
1529 16.65448760986328 -33.75333786010742 -29.53938674926758
1530 9.129304885864258 -29.44284248352051 -29.66278266906738
1531 -47.68478393554688 -26.2596263885498 -28.64077758789062
1532 -16.30422782897949 -24.73509979248047 -29.2892894744873
1533 5.824682235717773 -19.53449058532715 -29.52155685424805
1534 57.54372024536133 -16.56502342224121 -29.03590774536133
1535 -52.29602432250977 -16.87667465209961 -29.7065486907959
1536 -1.177058339118958 -12.49677467346191 -29.7547492980957
1537 -10.77561092376709 -9.897625923156738 -29.31913757324219
1538 -59.73737716674805 0.2947796583175659 -26.99570655822754
1539 61.54428863525391 8.874159812927246 -29.21421432495117
1540 -59.91188812255859 15.07793807983398 -28.87488746643066
1541 -43.33651351928711 15.70303726196289 -29.39531707763672
1542 -50.08586883544922 21.86263847351074 -29.58560943603516
1543 59.8436279296875 20.52848243713379 -28.48481750488281
1544 -53.38296890258789 29.95022964477539 -30.19823455810547
1545 -58.14035415649414 35.42678833007812 -27.89307594299316
1546 -60.87813568115234 46.17058944702148 -27.10462760925293
1547 -55.18824768066406 62.03882598876953 -29.14688873291016
1548 -13.7321310043335 83.48223876953125 -24.97646522521973
1549 3.215062141418457 84.34864044189453 -28.58639717102051
1550 4.834446907043457 -58.32543182373047 -29.22366523742676
1551 1.746463179588318 -57.76491546630859 -28.48381614685059
1552 6.837921142578125 -55.66347885131836 -29.26593780517578
1553 4.426078796386719 -50.4680061340332 -30.34794044494629
1554 -0.781438410282135 -48.69621276855469 -28.96676826477051
1555 1.405581474304199 -46.00740051269531 -29.40297317504883
1556 7.829178333282471 -43.85755157470703 -29.3463134765625
1557 15.14551448822021 -46.31156158447266 -27.24799919128418
1558 -3.166767120361328 -38.39283752441406 -29.59851264953613
1559 11.4094705581665 -39.2535285949707 -29.3764705657959
1560 -3.173476696014404 -33.35416412353516 -28.2822437286377
1561 -7.253055572509766 -42.7001838684082 -28.34477424621582
1562 6.437825202941895 -31.66291046142578 -29.31670570373535
1563 23.3377857208252 -32.20850372314453 -29.41608238220215
1564 21.06360816955566 -38.36264801025391 -27.86597633361816
1565 -41.30394744873047 -36.52634048461914 -28.44156074523926
1566 -28.01231384277344 -31.68700790405273 -27.56315994262695
1567 -34.22861862182617 -36.45759963989258 -27.73716354370117
1568 -20.42996597290039 -31.91817665100098 -27.62113189697266
1569 -17.07895088195801 -26.75811767578125 -29.19136047363281
1570 49.86636352539062 -28.68733215332031 -25.99478721618652
1571 -13.11114883422852 -26.26786231994629 -29.46833610534668
1572 -6.140517711639404 -14.70246505737305 -29.34542655944824
1573 -12.37418651580811 -16.35457420349121 -29.57695007324219
1574 -4.504139423370361 -21.78205490112305 -29.36116409301758
1575 0.04626583307981491 -15.53232669830322 -28.82770538330078
1576 0.4252407848834991 -20.87242698669434 -27.88479423522949
1577 59.45622253417969 -4.727999687194824 -26.16458129882812
1578 62.14533233642578 4.846210479736328 -26.76071357727051
1579 61.60599517822266 17.55777740478516 -26.58100891113281
1580 -54.43129730224609 26.8659553527832 -29.30979919433594
1581 -57.53068542480469 31.08131980895996 -27.93539428710938
1582 58.07476043701172 33.04803466796875 -27.37575149536133
1583 58.02824020385742 39.30973052978516 -24.79437255859375
1584 -60.84816741943359 38.46263885498047 -25.67155075073242
1585 -61.2108039855957 54.45516204833984 -26.55614852905273
1586 35.9447021484375 75.61296081542969 -23.41570281982422
1587 28.09145545959473 79.48384094238281 -25.31708335876465
1588 -17.60967254638672 84.76837921142578 -20.29428100585938
1589 3.062960624694824 -66.18064880371094 -27.91147994995117
1590 10.1408166885376 -61.61164474487305 -27.41290664672852
1591 15.38703441619873 -51.98761749267578 -26.3624267578125
1592 -4.673230648040771 -54.74746322631836 -25.3250617980957
1593 -3.917226314544678 -48.45039749145508 -27.78984260559082
1594 -11.67062473297119 -48.177978515625 -26.60713386535645
1595 -11.221923828125 -43.6728515625 -27.55064582824707
1596 17.89960289001465 -42.0086555480957 -27.18627166748047
1597 -5.831745147705078 -33.4159049987793 -28.0749454498291
1598 -12.30666542053223 -36.00645446777344 -27.80796813964844
1599 -33.58948516845703 -39.49246215820312 -26.50079536437988
1600 37.28196334838867 -39.65170669555664 -27.18134689331055
1601 41.01622009277344 -38.40023422241211 -25.39689064025879
1602 30.98297691345215 -35.77262878417969 -27.07615089416504
1603 26.530029296875 -39.60312271118164 -26.46445083618164
1604 -48.57615661621094 -31.33205604553223 -26.64734649658203
1605 -44.21967315673828 -36.86869812011719 -27.17352485656738
1606 1.570078372955322 -26.13607406616211 -26.36038398742676
1607 -5.899733066558838 -27.10636329650879 -27.96586799621582
1608 -55.38924407958984 -21.66197967529297 -26.25579261779785
1609 -1.850371718406677 -25.27176666259766 -27.02095031738281
1610 56.78742218017578 -20.70868873596191 -25.33112525939941
1611 63.32865524291992 1.305752396583557 -20.24476623535156
1612 -62.72144317626953 26.95332717895508 -25.78259468078613
1613 61.97716903686523 27.04593467712402 -25.58819580078125
1614 -57.03922653198242 62.18290328979492 -26.78302955627441
1615 -54.91107940673828 64.76873779296875 -25.38937759399414
1616 39.65303802490234 72.85832214355469 -20.10375022888184
1617 -27.45086860656738 83.52523803710938 -20.31976509094238
1618 18.28503036499023 86.57168579101562 -23.4714527130127
1619 0.9996252059936523 86.93582153320312 -23.5821418762207
1620 1.854345798492432 -70.47916412353516 -26.20222473144531
1621 -2.452409029006958 -69.46903228759766 -26.09002876281738
1622 8.887829780578613 -68.99262237548828 -25.36090278625488
1623 13.81121158599854 -64.00140380859375 -24.40226554870605
1624 -12.28069877624512 -64.46902465820312 -23.07266616821289
1625 -12.68798351287842 -54.78849411010742 -23.61495590209961
1626 20.80617141723633 -46.09482574462891 -24.52095413208008
1627 -19.00679397583008 -41.15775680541992 -24.81534004211426
1628 24.28919410705566 -46.11768341064453 -22.91653251647949
1629 38.61106491088867 -46.27117156982422 -25.21831893920898
1630 35.3655891418457 -44.46193313598633 -26.34043502807617
1631 29.10763931274414 -41.67605972290039 -25.91782569885254
1632 -39.90444946289062 -43.40684509277344 -23.59566688537598
1633 -29.84968376159668 -40.99945831298828 -25.89784240722656
1634 -23.59724617004395 -36.03506851196289 -26.12797737121582
1635 -47.48720169067383 -36.08970642089844 -25.11478233337402
1636 54.61012649536133 -24.25949287414551 -25.34487724304199
1637 58.18344497680664 -11.86527729034424 -23.50904655456543
1638 -57.52378463745117 -10.7848072052002 -25.4879093170166
1639 62.93986129760742 13.40172290802002 -24.21634101867676
1640 -65.26625061035156 14.30317783355713 -24.61655807495117
1641 -67.99230194091797 23.3610897064209 -21.2185173034668
1642 59.56274795532227 34.05578994750977 -24.77213859558105
1643 -63.41459274291992 50.31341552734375 -23.98336601257324
1644 49.01420211791992 57.44421768188477 -23.75678253173828
1645 -45.86967086791992 71.05374908447266 -22.44000244140625
1646 9.325784683227539 86.10504150390625 -25.56784439086914
1647 -2.996541023254395 -73.19403839111328 -23.90693664550781
1648 4.789005279541016 -72.4017333984375 -23.71712875366211
1649 19.01520347595215 -52.91690826416016 -23.47232818603516
1650 38.18977737426758 -52.15246200561523 -22.10443687438965
1651 -35.08151245117188 -49.65580368041992 -22.48210525512695
1652 -32.48107147216797 -49.67465209960938 -22.06742858886719
1653 27.46907997131348 -46.23675537109375 -22.35357666015625
1654 41.38184356689453 -41.17990493774414 -23.79947853088379
1655 -43.87799835205078 -43.06661605834961 -21.30391883850098
1656 -24.32804298400879 -40.59501266479492 -24.48679542541504
1657 47.54742431640625 -36.05054092407227 -19.18169784545898
1658 -55.54193115234375 -26.14687347412109 -23.69287109375
1659 -57.09854507446289 -22.49271392822266 -23.04790115356445
1660 -57.71667098999023 -17.50740051269531 -23.28154563903809
1661 -63.95116806030273 -0.9675004482269287 -22.25611305236816
1662 59.75488662719727 -6.571564197540283 -22.01896095275879
1663 -64.47349548339844 4.652317047119141 -23.70754051208496
1664 64.36701202392578 4.114473819732666 -17.62536811828613
1665 62.95133590698242 30.03175354003906 -22.59764671325684
1666 -62.26208877563477 32.64764022827148 -24.26734352111816
1667 52.43753814697266 54.20749664306641 -17.84667015075684
1668 -63.90068435668945 51.75221252441406 -22.29519462585449
1669 -63.09664916992188 55.46791839599609 -19.88958740234375
1670 -57.67016983032227 64.14974212646484 -20.90670776367188
1671 -49.80636596679688 66.68946838378906 -24.5162467956543
1672 -36.083251953125 80.32744598388672 -20.26695823669434
1673 7.465733528137207 86.11233520507812 -21.99075698852539
1674 14.81465530395508 87.41432189941406 -21.51249313354492
1675 -10.82189464569092 -72.97727966308594 -21.20778465270996
1676 15.04805564880371 -69.44487762451172 -21.07306289672852
1677 -13.7072114944458 -58.59343719482422 -22.51123237609863
1678 19.10464668273926 -61.07698822021484 -20.28362655639648
1679 42.07552719116211 -49.96484375 -22.86693572998047
1680 -21.47734642028809 -46.24049377441406 -22.20830726623535
1681 -40.46044540405273 -50.83319854736328 -21.72701835632324
1682 -52.7348518371582 -32.70791244506836 -20.8660717010498
1683 53.16594696044922 -26.68647384643555 -20.21627616882324
1684 -61.86258316040039 -7.40684986114502 -21.96888542175293
1685 -67.35402679443359 15.86866188049316 -21.83750152587891
1686 64.10236358642578 25.64820861816406 -22.15926361083984
1687 -67.71920776367188 26.81187438964844 -20.39867401123047
1688 -63.93612289428711 38.52484130859375 -20.0296573638916
1689 -44.02496719360352 75.03572082519531 -19.47107696533203
1690 -31.26382637023926 83.17832183837891 -19.28124809265137
1691 -10.82838153839111 84.6082763671875 -20.15141296386719
1692 -5.892269134521484 -76.30556488037109 -20.24514770507812
1693 9.115745544433594 -75.67328643798828 -18.83956718444824
1694 -19.0114803314209 -62.84017181396484 -17.25724411010742
1695 24.13581085205078 -54.24759292602539 -20.43036842346191
1696 30.54933547973633 -50.68769073486328 -20.4339714050293
1697 -44.39898300170898 -50.69820785522461 -19.67090797424316
1698 -25.73330307006836 -52.10688400268555 -18.98850250244141
1699 -25.71124458312988 -47.24483871459961 -21.06672286987305
1700 46.88517379760742 -48.49963760375977 -19.26336669921875
1701 -47.56753540039062 -39.67771148681641 -18.8946418762207
1702 51.16081237792969 -32.3848876953125 -14.85596466064453
1703 55.46187973022461 -21.9752254486084 -15.72013759613037
1704 -57.85528564453125 -18.12828636169434 -21.42734527587891
1705 -61.64619827270508 -10.40358924865723 -19.59317779541016
1706 -66.93680572509766 4.655169486999512 -20.05014228820801
1707 -65.07286834716797 32.01755905151367 -20.48418045043945
1708 60.4210205078125 37.52059555053711 -17.57985687255859
1709 44.34333038330078 64.50056457519531 -18.76580238342285
1710 -53.88063812255859 65.84384155273438 -12.14966869354248
1711 -49.75900268554688 67.58250427246094 -18.20335960388184
1712 35.70401763916016 77.35626983642578 -17.17042350769043
1713 27.67309379577637 80.83031463623047 -20.62834167480469
1714 -12.58363914489746 84.43634796142578 -19.88606643676758
1715 0.5197210311889648 -77.34698486328125 -16.73173141479492
1716 -16.29491996765137 -72.19974517822266 -17.16609573364258
1717 20.68105697631836 -69.75146484375 -16.79560470581055
1718 41.85236358642578 -58.04175186157227 -19.08847808837891
1719 -39.87017822265625 -57.02243804931641 -18.06935882568359
1720 -36.71136474609375 -54.59822463989258 -20.13216972351074
1721 31.22768020629883 -60.13614654541016 -18.72222328186035
1722 45.78125 -54.13409042358398 -18.17267608642578
1723 -54.36896896362305 -30.77028846740723 -17.30785369873047
1724 -64.91520690917969 -4.053450584411621 -19.01524353027344
1725 65.43541717529297 12.65587139129639 -17.30649566650391
1726 -70.02803039550781 23.71737480163574 -16.90819931030273
1727 57.6060676574707 44.41667938232422 -17.33431243896484
1728 -21.30816268920898 85.22853851318359 -16.79305267333984
1729 20.14234352111816 86.70196533203125 -18.15596771240234
1730 -8.708996772766113 84.9564208984375 -18.18948745727539
1731 -13.99247264862061 -75.94442749023438 -15.48133850097656
1732 5.766446113586426 -78.59400939941406 -15.68500709533691
1733 13.97072124481201 -75.84815979003906 -16.03314018249512
1734 20.41765022277832 -72.96054077148438 -15.01343154907227
1735 21.81996917724609 -62.69702911376953 -18.24637413024902
1736 37.30754852294922 -62.01459121704102 -19.0678596496582
1737 27.93130683898926 -58.58766174316406 -18.61502265930176
1738 48.34617614746094 -37.68642044067383 -16.45830535888672
1739 -50.26930236816406 -37.18548202514648 -14.42652320861816
1740 -69.89321899414062 16.62559509277344 -15.60485172271729
1741 65.55895233154297 23.08168983459473 -15.27515983581543
1742 64.62141418457031 28.32620620727539 -15.30351829528809
1743 -65.74921417236328 48.42562103271484 -15.81864643096924
1744 -64.39125823974609 53.78549957275391 -15.54874801635742
1745 -45.00417709350586 75.35346221923828 -14.84010696411133
1746 -35.43506622314453 81.96023559570312 -16.07503700256348
1747 2.800827980041504 87.01101684570312 -18.03216552734375
1748 9.180154800415039 85.88642883300781 -16.40281867980957
1749 29.08453941345215 -70.16661834716797 -14.52079391479492
1750 42.06814956665039 -60.44078063964844 -16.67618179321289
1751 -22.66638946533203 -66.88187408447266 -14.96040439605713
1752 -33.86101150512695 -60.32106018066406 -15.32274532318115
1753 -45.76934432983398 -55.10436248779297 -16.02085304260254
1754 -48.01444625854492 -42.29365921020508 -16.15633392333984
1755 -57.1278076171875 -19.49591827392578 -16.24788475036621
1756 58.42341613769531 -10.7796745300293 -13.93886280059814
1757 -66.78528594970703 -1.997239828109741 -14.59954071044922
1758 62.23077392578125 -4.038084983825684 -14.67892169952393
1759 -69.08026123046875 28.54291152954102 -14.84549427032471
1760 -66.36961364746094 34.7196044921875 -13.53354549407959
1761 63.35086441040039 33.68571853637695 -11.8920783996582
1762 -65.82623291015625 39.17220687866211 -11.78259181976318
1763 54.50049209594727 52.45283126831055 -9.446887969970703
1764 43.29672622680664 67.1414794921875 -11.07208442687988
1765 -49.14474487304688 70.30464935302734 -10.70513248443604
1766 -22.98158073425293 85.80445861816406 -13.77815341949463
1767 17.25120544433594 87.19889831542969 -12.95998573303223
1768 8.454971313476562 -80.13063812255859 -12.24733352661133
1769 -7.086205005645752 -78.21235656738281 -15.25450229644775
1770 37.34923934936523 -65.21640014648438 -15.69596672058105
1771 33.46670150756836 -68.11140441894531 -14.52056789398193
1772 -41.09806823730469 -59.77805328369141 -14.72884368896484
1773 -30.79271125793457 -59.46740341186523 -16.13905143737793
1774 43.87052154541016 -59.83700561523438 -13.37158584594727
1775 49.62944030761719 -50.89774322509766 -11.91129112243652
1776 46.48374557495117 -56.63007736206055 -12.43638610839844
1777 -48.76287841796875 -49.07154083251953 -14.47112941741943
1778 51.85697174072266 -30.31219482421875 -13.78371810913086
1779 -54.12307739257812 -29.38513565063477 -8.969797134399414
1780 -62.06693267822266 -11.52166366577148 -11.00994491577148
1781 -63.95565795898438 -7.924230098724365 -14.90183448791504
1782 -69.99028015136719 9.394210815429688 -13.18144702911377
1783 -66.43875122070312 45.84366989135742 -12.22714710235596
1784 -60.62622833251953 61.32835006713867 -13.12369346618652
1785 49.36671829223633 59.0417594909668 -10.13875293731689
1786 -58.44601058959961 63.80495071411133 -13.66798973083496
1787 30.04264640808105 80.436279296875 -10.68578147888184
1788 -19.15771865844727 85.15341186523438 -11.6168270111084
1789 -12.88985443115234 84.06603240966797 -15.46420574188232
1790 -1.954461932182312 86.02167510986328 -12.59716510772705
1791 -0.2919005155563354 -80.04862213134766 -10.66003036499023
1792 -20.37364196777344 -73.12967681884766 -14.15610027313232
1793 34.44848251342773 -71.101318359375 -10.8880615234375
1794 -24.23363876342773 -67.19479370117188 -14.18535900115967
1795 -35.53361129760742 -61.4399299621582 -13.61754989624023
1796 -47.72807312011719 -54.51503753662109 -13.60486602783203
1797 51.21865081787109 -44.08289337158203 -12.29149723052979
1798 50.60661315917969 -37.06483840942383 -13.32662010192871
1799 -68.72905731201172 3.310183763504028 -12.14735889434814
1800 65.58446502685547 8.32672119140625 -10.40203380584717
1801 -67.08894348144531 33.80720138549805 -10.63157844543457
1802 61.39052581787109 42.37123489379883 -9.235867500305176
1803 -52.64661026000977 66.88957214355469 -8.777568817138672
1804 35.66577529907227 77.57917022705078 -11.12176132202148
1805 24.76871109008789 83.64536285400391 -9.148220062255859
1806 -26.50299835205078 85.60735321044922 -10.89824962615967
1807 6.233218669891357 -80.95927429199219 -10.38072490692139
1808 -14.15841388702393 -77.90164947509766 -11.59064483642578
1809 20.42325401306152 -76.876953125 -10.14821529388428
1810 27.04344177246094 -73.86135864257812 -13.0210657119751
1811 -26.6729564666748 -67.10852813720703 -12.49739837646484
1812 -23.67571449279785 -69.44403076171875 -12.01561450958252
1813 37.36406326293945 -69.00804138183594 -9.707147598266602
1814 -44.75857543945312 -59.23355102539062 -12.21046161651611
1815 -42.87915420532227 -60.46493148803711 -10.61984729766846
1816 -50.27622222900391 -39.78767776489258 -11.62296199798584
1817 55.75618743896484 -21.29091453552246 -9.788077354431152
1818 -56.06895446777344 -24.44498443603516 -5.34070348739624
1819 65.65446472167969 13.47835636138916 -11.83908081054688
1820 -14.83407020568848 83.04859161376953 -8.453433036804199
1821 -6.014040946960449 83.84117126464844 -10.85946273803711
1822 2.334206104278564 86.29029083251953 -11.00267505645752
1823 8.848644256591797 84.44992828369141 -8.253128051757812
1824 -9.766764640808105 -78.16442108154297 -11.12829780578613
1825 -17.47000503540039 -77.80325317382812 -9.992172241210938
1826 -20.16078186035156 -76.0513916015625 -9.513632774353027
1827 29.01723289489746 -75.28231048583984 -10.78991222381592
1828 -30.46769523620605 -65.64727020263672 -11.01290321350098
1829 -36.40654754638672 -61.76047897338867 -11.51883792877197
1830 -47.61417388916016 -56.39015197753906 -11.24870872497559
1831 -50.59341430664062 -48.08595275878906 -8.384072303771973
1832 51.5703010559082 -34.86914825439453 -10.49160003662109
1833 -70.38750457763672 23.55138397216797 -5.83289909362793
1834 -66.2750244140625 38.11830139160156 -8.08642578125
1835 -66.143798828125 48.96067428588867 -5.008891582489014
1836 -62.35882949829102 58.05576324462891 -9.920121192932129
1837 -54.7243766784668 65.25032806396484 -8.31028938293457
1838 39.04879760742188 72.9451904296875 -3.742441892623901
1839 -38.69751739501953 80.58014678955078 -7.905857563018799
1840 -12.06487369537354 82.49569702148438 -8.96799373626709
1841 14.58868598937988 85.16435241699219 -5.754311561584473
1842 18.20735931396484 85.78432464599609 -7.699018478393555
1843 50.21110534667969 -51.82102203369141 -5.141755104064941
1844 52.84051895141602 -39.97883987426758 -7.176565170288086
1845 -60.13381576538086 -19.69599914550781 -0.5104483962059021
1846 -65.65688323974609 -5.907521724700928 -1.405150651931763
1847 62.59433746337891 -5.229249954223633 -3.683530569076538
1848 57.30496597290039 47.87532806396484 -9.021327972412109
1849 -28.2918586730957 85.27204895019531 -2.521878719329834
1850 -22.76601600646973 86.45050048828125 -5.839370250701904
1851 -3.739246129989624 -80.57852172851562 -6.568306446075439
1852 -14.96499824523926 -78.84815216064453 -6.120278358459473
1853 19.42621040344238 -79.97003173828125 -4.125885486602783
1854 30.9620189666748 -75.07155609130859 -7.258795261383057
1855 -24.87211227416992 -68.31653594970703 -4.109550952911377
1856 40.63114166259766 -66.35772705078125 -5.585257053375244
1857 -44.47237396240234 -60.19097900390625 -4.845088481903076
1858 52.16901016235352 -46.30862808227539 -7.25535774230957
1859 -51.05852890014648 -36.2357292175293 -9.481328010559082
1860 52.54274749755859 -26.30000877380371 -4.911094665527344
1861 59.20775604248047 -12.20046901702881 -6.159154891967773
1862 -71.36386108398438 9.381163597106934 -0.8553456664085388
1863 -71.2471923828125 11.73590087890625 -5.665233135223389
1864 -56.88047790527344 62.37073516845703 -4.8101487159729
1865 -47.99102783203125 71.69330596923828 -5.94445276260376
1866 -44.46973037719727 75.82904052734375 -8.112306594848633
1867 0.76271653175354 87.11498260498047 -5.552731513977051
1868 17.08126068115234 -81.21119689941406 -2.023640632629395
1869 24.23264312744141 -77.42981719970703 -5.166640281677246
1870 -20.7152042388916 -75.73636627197266 -2.121341705322266
1871 -23.15507316589355 -70.44131469726562 -4.058526039123535
1872 -31.49395370483398 -64.92965698242188 -3.749863147735596
1873 -36.24641418457031 -61.72943878173828 -4.898750782012939
1874 45.66742706298828 -57.89669799804688 -3.785799264907837
1875 -48.18214797973633 -55.8055534362793 -6.143509864807129
1876 -52.25194549560547 -35.1553840637207 -6.448738098144531
1877 51.57926177978516 -29.46908569335938 -4.378719329833984
1878 63.5550651550293 -1.374030947685242 -1.442576289176941
1879 65.70496368408203 22.52915000915527 8.396966934204102
1880 -67.35437774658203 43.50529098510742 0.3035874366760254
1881 -62.78385162353516 54.78705978393555 -5.448843002319336
1882 31.58660316467285 78.45635223388672 -3.108410596847534
1883 -1.896702408790588 86.57508087158203 -5.442770004272461
1884 3.661231994628906 -82.22875213623047 -3.767556667327881
1885 9.087457656860352 -82.61637115478516 -1.68800938129425
1886 -9.699678421020508 -78.08207702636719 -5.14075756072998
1887 36.08051300048828 -70.42676544189453 -5.04211950302124
1888 42.64326095581055 -63.61782073974609 -2.063424348831177
1889 53.41800308227539 -40.95473480224609 -2.447515487670898
1890 -52.04724502563477 -44.72991561889648 -1.660399675369263
1891 -52.931884765625 -39.7846565246582 -2.23303484916687
1892 -54.44007873535156 -30.67895317077637 -5.019676208496094
1893 55.64253997802734 -21.40646743774414 -3.881425380706787
1894 57.31354904174805 -17.9006519317627 -3.541319370269775
1895 -71.47257232666016 20.37431335449219 3.500162363052368
1896 64.27687835693359 32.76610565185547 1.010048389434814
1897 62.71653366088867 39.24337387084961 -2.575470209121704
1898 -66.73014068603516 37.29217910766602 0.5470690727233887
1899 60.83971786499023 43.42334365844727 -3.471494913101196
1900 54.91040420532227 51.53725814819336 -5.371829986572266
1901 -38.56536483764648 80.32785797119141 -3.668343067169189
1902 -10.29341316223145 82.49192810058594 -1.280893325805664
1903 -5.99696159362793 84.04850769042969 -1.684076905250549
1904 -17.18277740478516 -78.57694244384766 -0.6891628503799438
1905 26.73873519897461 -75.72103118896484 -0.8055351972579956
1906 39.94577789306641 -67.32951354980469 -0.514884352684021
1907 -45.08256530761719 -59.18235015869141 1.896039366722107
1908 51.67386627197266 -47.38737487792969 -1.886644721031189
1909 58.39749908447266 -14.47238731384277 -2.118646860122681
1910 -62.98728561401367 -11.00416374206543 -3.031201601028442
1911 57.56711196899414 47.38401412963867 -5.27081298828125
1912 -65.67066192626953 48.00175094604492 0.08401589840650558
1913 -54.98023986816406 63.39850616455078 -0.8796274065971375
1914 -45.23154067993164 73.66532897949219 -0.4179528653621674
1915 -33.41237258911133 82.83437347412109 0.6268824934959412
1916 8.605319023132324 84.08377075195312 0.531017005443573
1917 17.98781204223633 84.65506744384766 1.227657794952393
1918 25.13052177429199 82.59457397460938 -0.4033136963844299
1919 -10.84913158416748 -77.72373962402344 2.840456247329712
1920 -41.99570465087891 -61.91608810424805 -0.1417167633771896
1921 47.64018249511719 -54.39902496337891 -0.4024951756000519
1922 52.65151214599609 -36.12588500976562 -0.7773249745368958
1923 52.56765365600586 -31.62479972839355 3.522094964981079
1924 -58.34966278076172 -26.52436447143555 2.370346069335938
1925 -69.70059967041016 27.09981727600098 3.546831846237183
1926 -67.19898986816406 34.08206176757812 -0.9046576023101807
1927 56.58116912841797 46.37329483032227 2.223292350769043
1928 -59.06017303466797 56.00417327880859 0.003629882587119937
1929 48.8828010559082 60.14744186401367 -0.1237592026591301
1930 -51.6237678527832 67.61214447021484 3.19423770904541
1931 -13.75991249084473 82.48579406738281 1.859918713569641
1932 -19.15825462341309 85.13898468017578 1.836982131004333
1933 2.969280242919922 -82.48798370361328 3.357643127441406
1934 -0.4261384606361389 -81.693603515625 0.5604376196861267
1935 -25.27190780639648 -68.75173950195312 -0.8195438981056213
1936 -56.25090408325195 -34.17305755615234 0.8234615325927734
1937 -62.57101440429688 -12.67178916931152 1.578887343406677
1938 -69.24885559082031 2.529649019241333 2.164592504501343
1939 65.49253845214844 10.39710903167725 6.67693042755127
1940 59.81199264526367 42.55781555175781 3.932861566543579
1941 43.30351638793945 65.70172882080078 3.975074768066406
1942 -26.15469551086426 85.43462371826172 3.828844308853149
1943 -4.817090034484863 -78.82866668701172 6.206680774688721
1944 18.77251243591309 -80.64519500732422 3.012777090072632
1945 -22.54968643188477 -75.54035949707031 2.43195104598999
1946 -37.55788040161133 -63.80420684814453 2.034770727157593
1947 44.51387786865234 -58.24065780639648 1.924626231193542
1948 -49.50419235229492 -51.365478515625 2.55494213104248
1949 -53.61302185058594 -40.8763542175293 2.684005737304688
1950 52.29999542236328 -36.94322204589844 4.676126003265381
1951 56.71961975097656 -21.67141532897949 3.584354162216187
1952 65.66817474365234 13.95272445678711 8.769960403442383
1953 54.21877670288086 49.64257049560547 3.964056015014648
1954 49.91521453857422 58.16851806640625 2.192710161209106
1955 31.91354560852051 76.52969360351562 6.535068035125732
1956 -9.601181983947754 82.19739532470703 5.48481273651123
1957 -1.576263904571533 85.56854248046875 5.791741371154785
1958 -55.31426239013672 -37.73333740234375 2.324552774429321
1959 53.15415191650391 -28.8022518157959 5.967849254608154
1960 62.00777816772461 -4.837674140930176 6.349755764007568
1961 63.31477355957031 32.02418899536133 14.94769287109375
1962 -22.05344009399414 85.99391174316406 2.766028881072998
1963 2.816376686096191 85.57569122314453 5.390015602111816
1964 26.16253471374512 -74.20555114746094 5.754989624023438
1965 30.22825813293457 -72.20899963378906 5.476406097412109
1966 34.10298538208008 -69.63445281982422 5.23948860168457
1967 39.21259689331055 -66.30086517333984 6.500092029571533
1968 -40.07954788208008 -63.00852203369141 5.727163314819336
1969 48.53987503051758 -49.2587776184082 3.890273332595825
1970 -51.61336517333984 -44.5965690612793 3.248059034347534
1971 -65.38545227050781 -5.932096004486084 10.71412181854248
1972 -67.56304168701172 36.7190055847168 7.667233943939209
1973 -64.10030364990234 45.71233749389648 6.653460502624512
1974 -53.35547256469727 64.92452239990234 6.022763252258301
1975 -37.64257049560547 78.28946685791016 5.305984497070312
1976 13.40413665771484 83.43343353271484 5.521924495697021
1977 7.551257610321045 -81.73486328125 6.448276519775391
1978 -26.20019912719727 -72.27071380615234 5.517284870147705
1979 -32.60278701782227 -66.83275604248047 4.346765518188477
1980 -36.34251022338867 -65.51387786865234 7.155818462371826
1981 44.58721923828125 -52.7428092956543 7.230927467346191
1982 49.29928588867188 -45.40978622436523 9.530364990234375
1983 51.36772918701172 -42.57373809814453 6.734508991241455
1984 -57.80801010131836 -33.59115219116211 6.685479640960693
1985 -59.98102951049805 -22.56432342529297 6.412614345550537
1986 -62.45212936401367 -17.77920532226562 8.878493309020996
1987 59.07819366455078 -8.958483695983887 12.77915477752686
1988 -70.37767028808594 6.464882850646973 4.786165237426758
1989 -68.35942840576172 31.65629959106445 6.497287750244141
1990 -60.55443954467773 49.99405288696289 7.346258163452148
1991 50.16677856445312 54.58342742919922 9.448825836181641
1992 38.8331184387207 70.57231903076172 6.960008144378662
1993 26.48105430603027 79.25215148925781 9.298916816711426
1994 18.90728569030762 82.88941192626953 7.167747497558594
1995 -4.110698223114014 83.56280517578125 10.99754047393799
1996 -1.365221500396729 -79.51071166992188 7.12896203994751
1997 20.62204933166504 -78.21474456787109 5.873406887054443
1998 16.61964988708496 -79.30337524414062 7.522209167480469
1999 -21.60561180114746 -76.92562866210938 6.424850940704346
2000 -63.23666763305664 -11.34325790405273 9.03293514251709
2001 -63.94998931884766 -8.886885643005371 10.93599033355713
2002 63.64480590820312 3.339640140533447 10.16038131713867
2003 -69.91021728515625 24.91368865966797 9.904196739196777
2004 64.57986450195312 27.54946899414062 15.66422080993652
2005 -66.61846923828125 41.02890396118164 6.41688060760498
2006 48.05278778076172 57.98696517944336 8.018207550048828
2007 -12.48775577545166 81.42652130126953 7.100149154663086
2008 7.441174030303955 83.09516143798828 5.690881252288818
2009 -22.58367729187012 85.22474670410156 6.275899887084961
2010 -13.53624248504639 -78.70907592773438 11.74445343017578
2011 -9.655277252197266 -78.53485107421875 10.27816295623779
2012 -26.64022636413574 -72.62535858154297 7.58366060256958
2013 39.29732894897461 -63.14641571044922 11.27037811279297
2014 -56.07146072387695 -38.15711975097656 9.460631370544434
2015 -58.36026763916016 -27.75444602966309 12.99867534637451
2016 57.44452667236328 44.79231643676758 14.3570384979248
2017 -58.19146347045898 55.08610916137695 10.64738941192627
2018 43.14006423950195 63.16891479492188 9.049050331115723
2019 -45.60140609741211 72.06883239746094 9.642602920532227
2020 -18.07574653625488 83.31073760986328 9.179363250732422
2021 30.78027534484863 -69.46771240234375 10.91192150115967
2022 -30.20887756347656 -70.45700836181641 10.68548679351807
2023 42.09131240844727 -53.00033569335938 13.9161376953125
2024 -47.72508239746094 -51.21199798583984 9.454354286193848
2025 49.64990997314453 -40.21566390991211 16.3149242401123
2026 56.38111114501953 -22.42076873779297 9.21102237701416
2027 56.57376480102539 -21.09345436096191 10.88241004943848
2028 57.56314849853516 -13.77524757385254 13.10929870605469
2029 -62.65566253662109 -16.80471229553223 11.83803939819336
2030 -67.37046813964844 0.5300334095954895 10.35767269134521
2031 -70.33643341064453 17.29817962646484 10.45155239105225
2032 -70.03227996826172 21.24332809448242 12.0596809387207
2033 -68.35578155517578 32.63472747802734 10.98873138427734
2034 59.83895874023438 40.66496658325195 11.22006320953369
2035 -63.09743499755859 44.95488739013672 10.95107460021973
2036 -38.4487419128418 76.47882080078125 12.81353759765625
2037 -31.64640617370605 81.26405334472656 10.93954658508301
2038 10.09711837768555 80.13022613525391 11.23245334625244
2039 4.365237236022949 -79.32274627685547 12.57118701934814
2040 -24.13046455383301 -74.06587219238281 10.03320217132568
2041 23.0869083404541 -72.86373138427734 11.00871086120605
2042 -35.09633255004883 -66.53684234619141 13.09645843505859
2043 35.70433044433594 -65.77391052246094 13.53390121459961
2044 -39.25508499145508 -62.84740447998047 12.35342597961426
2045 -51.18107223510742 -43.84855270385742 12.75405502319336
2046 -57.32088851928711 -35.24637985229492 12.51071357727051
2047 -60.04951858520508 -21.85333824157715 13.80853080749512
2048 -67.00848388671875 38.59657287597656 11.48326969146729
2049 -59.38055801391602 50.4131965637207 18.56532859802246
2050 38.06775283813477 68.47622680664062 11.98111915588379
2051 -27.11157608032227 81.34639739990234 14.34151077270508
2052 -2.806707620620728 -77.31162261962891 13.73070335388184
2053 -16.13772964477539 -76.51758575439453 15.63639068603516
2054 17.42201042175293 -73.61469268798828 17.08582878112793
2055 -49.522216796875 -45.27764129638672 15.76142406463623
2056 50.64133834838867 -36.30940628051758 17.35451126098633
2057 52.38074111938477 -29.39581680297852 15.33010387420654
2058 65.12149810791016 13.01861381530762 14.17852592468262
2059 -0.6198678016662598 82.51404571533203 15.79937744140625
2060 25.59442901611328 -69.64541625976562 14.476393699646
2061 -61.84708023071289 -17.8165283203125 15.21219921112061
2062 -62.54792785644531 -11.47050380706787 16.08112525939941
2063 61.94034576416016 -1.180754065513611 12.37232112884521
2064 -65.51557922363281 -2.384831666946411 17.15393257141113
2065 64.72986602783203 21.7481575012207 17.59343147277832
2066 -69.31852722167969 34.38276672363281 18.68977165222168
2067 52.52086639404297 49.54764556884766 15.35272884368896
2068 -54.50226593017578 59.86165618896484 13.63582706451416
2069 -49.28549575805664 65.95912933349609 15.3575611114502
2070 28.69526481628418 74.41728973388672 15.89006519317627
2071 -11.33029747009277 78.07316589355469 17.48559761047363
2072 21.82540702819824 76.91622924804688 18.88224029541016
2073 17.93087768554688 78.52571868896484 17.27358055114746
2074 -17.55895614624023 80.19727325439453 17.40516662597656
2075 -3.066518068313599 82.12970733642578 16.1497802734375
2076 5.153507232666016 79.19624328613281 18.65572929382324
2077 2.66262674331665 -77.04179382324219 18.09221267700195
2078 -30.48015785217285 -69.39267730712891 14.67429161071777
2079 -45.47406387329102 -51.41640853881836 17.36274909973145
2080 -53.41933441162109 -40.10637664794922 15.65203380584717
2081 54.64240264892578 -23.46554946899414 16.03651809692383
2082 58.98588562011719 -5.544047832489014 16.21928787231445
2083 62.84943008422852 5.323032855987549 15.96509170532227
2084 -69.05477142333984 25.05137252807617 19.90659332275391
2085 -62.08456420898438 44.722900390625 18.08675765991211
2086 46.27121353149414 58.09597396850586 15.56689453125
2087 39.38878631591797 65.13315582275391 16.39009666442871
2088 -33.72939682006836 78.33663177490234 15.51020812988281
2089 -8.145866394042969 78.55363464355469 16.80118370056152
2090 -11.49895572662354 -77.02285766601562 17.56792831420898
2091 7.660864353179932 -76.67404937744141 18.83209609985352
2092 -19.42977905273438 -73.72154235839844 18.5399112701416
2093 19.8798713684082 -71.28546905517578 18.68808364868164
2094 30.15144538879395 -66.18077087402344 18.20051193237305
2095 -36.41598892211914 -62.78215408325195 18.67698669433594
2096 -41.54950714111328 -56.76663970947266 18.06765937805176
2097 43.14126968383789 -44.82242584228516 22.45616722106934
2098 -55.09991455078125 -36.34196853637695 17.63233184814453
2099 -66.62451171875 4.92315673828125 18.31130409240723
2100 -69.38835144042969 17.65962219238281 15.27608776092529
2101 12.38698863983154 77.61193084716797 19.23977279663086
2102 -22.55147171020508 80.71719360351562 17.19864082336426
2103 -27.64290618896484 -68.34929656982422 19.51462936401367
2104 35.18262100219727 -59.36397552490234 21.18428611755371
2105 -56.38108825683594 -30.22335433959961 19.99502182006836
2106 -57.79181289672852 -26.9207706451416 19.58036613464355
2107 52.31454467773438 -26.61307144165039 19.5930347442627
2108 -59.34077072143555 -20.31257247924805 18.90488433837891
2109 56.95079040527344 -10.68174648284912 20.68545913696289
2110 -63.14973449707031 -6.017743587493896 21.7282543182373
2111 63.37252426147461 12.33193397521973 20.51502990722656
2112 -68.56828308105469 28.22616004943848 19.92866897583008
2113 -51.90401077270508 62.45982360839844 21.86974143981934
2114 26.58120727539062 73.53990936279297 20.28432655334473
2115 -20.61339378356934 78.37796783447266 21.67573547363281
2116 -2.395690202713013 -75.35021209716797 19.5631217956543
2117 -19.31867980957031 -72.36982727050781 20.82615280151367
2118 38.44996643066406 -51.43439865112305 21.86929893493652
2119 -60.63796615600586 -11.12648582458496 24.65442657470703
2120 -67.34449768066406 12.59106731414795 23.78289604187012
2121 63.16355895996094 27.52760887145996 21.50553512573242
2122 -67.43667602539062 38.2281608581543 21.35704612731934
2123 57.56869506835938 39.0525016784668 21.73204803466797
2124 51.49207305908203 46.72811508178711 22.48385429382324
2125 44.37981033325195 57.66379928588867 19.84580230712891
2126 -45.54681015014648 67.78790283203125 18.23590278625488
2127 -35.46957778930664 74.27011871337891 20.20098114013672
2128 -32.60168075561523 75.84236907958984 19.56476402282715
2129 -30.98884201049805 -63.48855590820312 23.17427062988281
2130 24.55305290222168 -66.48774719238281 20.27357864379883
2131 31.9893741607666 -61.86057662963867 22.08440589904785
2132 -48.98443603515625 -43.08330535888672 19.8152961730957
2133 63.60546493530273 16.4689998626709 20.9032039642334
2134 60.15311813354492 33.33419418334961 25.26603889465332
2135 47.17288589477539 51.95447540283203 24.27335929870605
2136 -40.54656219482422 68.06742858886719 26.20396041870117
2137 -17.63800048828125 78.08718109130859 22.8977222442627
2138 1.918724179267883 75.92298126220703 25.94955062866211
2139 6.451136112213135 -72.40213012695312 26.45469665527344
2140 -13.01008415222168 -74.22292327880859 21.50250625610352
2141 12.12734985351562 -69.34117126464844 26.63846969604492
2142 -24.76947021484375 -67.833984375 22.25091934204102
2143 -40.8060302734375 -52.3184928894043 26.6310863494873
2144 -42.94677352905273 -51.83592224121094 24.78203392028809
2145 -45.27880477905273 -46.33324432373047 23.15944671630859
2146 53.11444854736328 -14.79409122467041 29.61711311340332
2147 58.84872436523438 3.992039918899536 22.43755340576172
2148 59.79045104980469 11.08220863342285 25.96403312683105
2149 63.49261474609375 22.68321418762207 22.21530342102051
2150 -59.96683120727539 43.87756729125977 25.68272590637207
2151 -53.58469390869141 58.62263488769531 24.26754570007324
2152 38.71069717407227 60.53890991210938 22.44283866882324
2153 32.73153305053711 67.35844421386719 23.02686882019043
2154 -7.819826126098633 76.78224945068359 20.17182922363281
2155 -1.938679814338684 77.0765380859375 24.16693115234375
2156 11.47246742248535 76.38276672363281 21.12039375305176
2157 -15.08096218109131 77.33782196044922 23.61975479125977
2158 26.3152027130127 -62.83411407470703 24.4202995300293
2159 49.16168212890625 -32.76884460449219 24.14309883117676
2160 -64.03099822998047 1.024012565612793 24.15093994140625
2161 -67.78020477294922 28.35920715332031 25.01856803894043
2162 19.38101196289062 74.48651885986328 23.87956619262695
2163 -13.1824426651001 -68.11971282958984 27.94385719299316
2164 -36.44768524169922 -55.69270324707031 25.99281883239746
2165 -49.8427848815918 -36.00208282470703 24.4399471282959
2166 -55.11572647094727 -22.62919425964355 28.52138519287109
2167 49.48238372802734 -23.96903991699219 29.01641845703125
2168 -67.52034759521484 15.60968494415283 24.86517906188965
2169 -67.04292297363281 26.03057098388672 27.5605411529541
2170 -67.70433044433594 33.53063583374023 25.53911399841309
2171 -46.14686965942383 64.47768402099609 28.06197357177734
2172 26.87561988830566 69.56991577148438 25.88349723815918
2173 -23.4460563659668 73.86099243164062 26.21302223205566
2174 -9.116206169128418 73.37953948974609 26.81968307495117
2175 -4.542606353759766 -68.16497039794922 30.4092903137207
2176 2.662772655487061 -72.49124145507812 26.89784812927246
2177 17.80122566223145 -66.77260589599609 27.15400505065918
2178 -23.9025764465332 -61.89881134033203 29.02952003479004
2179 22.2691535949707 -62.15830993652344 28.99127769470215
2180 -27.82209777832031 -61.94904708862305 26.96130561828613
2181 33.63737869262695 -55.19972229003906 25.78200149536133
2182 -41.74370193481445 -43.41579818725586 30.64802169799805
2183 42.81855392456055 -41.07820129394531 26.07390594482422
2184 55.52867126464844 -2.775792837142944 27.61690139770508
2185 60.31175231933594 17.45747947692871 25.67049026489258
2186 -66.78580474853516 37.26047515869141 24.34734535217285
2187 53.05506134033203 40.35939025878906 28.97430992126465
2188 -55.07842254638672 47.88775253295898 29.78859710693359
2189 -51.43821716308594 59.72837829589844 27.05983734130859
2190 -35.34102630615234 68.86329650878906 29.80089569091797
2191 -7.400892734527588 72.71372985839844 27.88019752502441
2192 -2.074956655502319 73.84836578369141 29.37395477294922
2193 4.216433525085449 -71.41399383544922 28.64328002929688
2194 26.15185546875 -61.47603988647461 25.73734855651855
2195 28.71431732177734 -57.42388916015625 26.37234306335449
2196 35.19042205810547 -46.9553337097168 29.36449432373047
2197 57.76119613647461 8.236072540283203 28.81535720825195
2198 59.29550552368164 24.60317802429199 28.45342254638672
2199 47.86525726318359 44.35000610351562 31.93684196472168
2200 17.91646766662598 70.25395965576172 29.95948791503906
2201 27.15065383911133 -54.72322845458984 29.35653686523438
2202 46.9115104675293 -31.08638000488281 28.54331588745117
2203 -59.1275634765625 0.6356638073921204 32.38130569458008
2204 -64.35700225830078 9.22183895111084 30.20689392089844
2205 -65.99617767333984 19.26461219787598 28.40621185302734
2206 38.36928558349609 55.55994033813477 32.21722412109375
2207 -45.49188613891602 61.14779281616211 34.19355773925781
2208 8.927180290222168 70.21675872802734 31.41915702819824
2209 11.48672294616699 -66.90962982177734 29.69564247131348
2210 22.1628360748291 -59.04775238037109 31.63277053833008
2211 -31.20886039733887 -54.61634063720703 30.84445381164551
2212 -35.56473922729492 -47.78569793701172 32.65962219238281
2213 32.59189605712891 -48.85989379882812 30.67105293273926
2214 -40.54877853393555 -49.91986083984375 28.64535140991211
2215 -45.11456298828125 -35.38019561767578 33.63544464111328
2216 38.34018325805664 -38.61777114868164 32.33453750610352
2217 -51.09652709960938 -27.48803329467773 30.89931488037109
2218 -57.03255462646484 -10.20886993408203 33.43848037719727
2219 53.64480972290039 -6.615848064422607 30.76321220397949
2220 54.28046798706055 -2.14819598197937 30.6397533416748
2221 56.91590118408203 10.41521263122559 31.66054153442383
2222 -63.37976455688477 12.17153167724609 32.32385635375977
2223 57.86333465576172 22.48984336853027 30.92706108093262
2224 -63.45468139648438 28.90122222900391 32.43797302246094
2225 52.54372787475586 35.01020431518555 35.44685363769531
2226 31.16329002380371 58.40386581420898 36.03374862670898
2227 20.62808036804199 68.50621795654297 31.2901496887207
2228 -19.60648536682129 70.24516296386719 33.07302093505859
2229 -14.05524730682373 71.73940277099609 32.42471313476562
2230 18.20339393615723 -61.79137420654297 31.90128135681152
2231 -17.95032691955566 -60.39128494262695 33.94257736206055
2232 51.43339538574219 -15.54941749572754 34.73239517211914
2233 57.26797103881836 29.41136741638184 32.10987854003906
2234 -60.90932846069336 31.15715789794922 35.46162414550781
2235 -60.88905334472656 35.3988037109375 33.73901748657227
2236 -49.45704650878906 49.21629333496094 35.62301635742188
2237 25.79102325439453 63.37216949462891 34.56568908691406
2238 2.427365303039551 69.83963775634766 34.95559692382812
2239 4.121036052703857 -67.51145172119141 31.94682884216309
2240 16.36140823364258 -59.79473876953125 33.92708969116211
2241 -25.47549057006836 -50.71688842773438 37.20070266723633
2242 23.43362236022949 -53.58208847045898 33.58235168457031
2243 -53.2947883605957 -17.91156578063965 35.56691360473633
2244 55.35917663574219 18.02613258361816 35.83786392211914
2245 -60.86075210571289 23.69217491149902 34.26324081420898
2246 -57.11270141601562 41.53244018554688 32.40999984741211
2247 -27.46844863891602 66.73242950439453 36.40390396118164
2248 -9.537868499755859 67.0357666015625 36.52049255371094
2249 -1.56602418422699 -64.78669738769531 35.54645538330078
2250 9.705728530883789 -59.34980010986328 35.919677734375
2251 -39.92967987060547 -42.07135009765625 33.5938606262207
2252 43.56531143188477 -27.06503677368164 35.98086547851562
2253 48.38987350463867 -21.9910774230957 33.17813491821289
2254 50.43025970458984 -12.49314117431641 37.54436492919922
2255 49.7611083984375 -2.37606143951416 37.0118293762207
2256 52.51611328125 3.280133008956909 35.08740997314453
2257 -45.33856201171875 57.45669555664062 37.75006484985352
2258 -37.67932891845703 61.91837692260742 37.37601470947266
2259 21.27809143066406 63.06262588500977 38.99087524414062
2260 -31.50565338134766 63.14570999145508 39.63628387451172
2261 12.59854507446289 65.18478393554688 37.72065734863281
2262 -10.87092590332031 -59.01850128173828 37.65789031982422
2263 17.55956649780273 -52.05220413208008 36.64208984375
2264 -17.93760299682617 -56.81661987304688 36.94954681396484
2265 -29.96915245056152 -48.42842483520508 35.63932418823242
2266 24.8720703125 -47.51869964599609 37.3443603515625
2267 38.32911682128906 -32.75782012939453 36.84215927124023
2268 45.39433288574219 -21.6210765838623 37.36303329467773
2269 -55.62981033325195 -6.572323799133301 36.56634140014648
2270 -54.65261459350586 4.290261745452881 39.75539779663086
2271 53.05846786499023 7.502173900604248 34.96966552734375
2272 -58.91524505615234 21.71858215332031 36.18752670288086
2273 -58.97590255737305 15.87672996520996 37.23373031616211
2274 54.1164665222168 30.38097190856934 35.97512054443359
2275 36.52614593505859 51.96434783935547 37.24512481689453
2276 -23.24386215209961 63.01117706298828 41.56943511962891
2277 2.106061935424805 -62.53133773803711 37.29720687866211
2278 14.78891849517822 -53.98097610473633 36.49030685424805
2279 -44.29711532592773 -25.16864013671875 42.22945785522461
2280 47.89587020874023 -16.78344917297363 39.29189682006836
2281 -52.95406723022461 0.1187088638544083 40.71633911132812
2282 -58.24333190917969 10.98319816589355 37.82085037231445
2283 -56.45574188232422 34.18716049194336 38.26864624023438
2284 51.85751724243164 32.63995742797852 37.18501663208008
2285 -54.02030563354492 42.4810905456543 35.00592422485352
2286 -44.79519271850586 47.25137710571289 43.2540168762207
2287 -14.62611675262451 65.83271789550781 39.69883346557617
2288 -6.37359094619751 66.71354675292969 36.57798385620117
2289 -1.787009596824646 65.96117401123047 39.35197448730469
2290 18.17778778076172 -47.61973571777344 40.53540420532227
2291 28.87100791931152 -37.2330436706543 40.7430534362793
2292 -41.35972595214844 -29.08331680297852 42.43360900878906
2293 50.99720001220703 28.1697826385498 38.94709014892578
2294 -57.75771713256836 25.99630546569824 40.01839447021484
2295 43.96781539916992 39.74064636230469 38.58760833740234
2296 39.28281021118164 41.39106750488281 41.38171768188477
2297 28.10470390319824 55.62231063842773 40.82754516601562
2298 -5.486932754516602 -55.87754058837891 42.10944366455078
2299 9.816675186157227 -52.17439651489258 42.1484489440918
2300 -31.85604667663574 -38.93894577026367 41.49763107299805
2301 -36.08423233032227 -33.6576042175293 42.76956939697266
2302 35.04875183105469 -29.75468826293945 41.43140411376953
2303 46.53935623168945 -7.340079784393311 43.76674652099609
2304 46.16200256347656 1.325079321861267 41.83958435058594
2305 -55.67097854614258 29.53894996643066 42.9852180480957
2306 -52.12129592895508 38.74102783203125 39.82808685302734
2307 -42.89845275878906 53.03606796264648 42.15663909912109
2308 -29.09199333190918 62.18783569335938 41.3936767578125
2309 -19.61387062072754 61.7334098815918 43.98501205444336
2310 -8.286348342895508 -51.13201141357422 44.21193313598633
2311 -22.6306209564209 -45.32598876953125 42.51821899414062
2312 21.97688674926758 -43.92343521118164 41.43865585327148
2313 40.68488311767578 -19.62200164794922 42.01528167724609
2314 45.87297058105469 -13.17804145812988 42.99422073364258
2315 -50.74216461181641 -13.58099269866943 40.91131210327148
2316 -56.11775207519531 19.20199394226074 41.98234939575195
2317 48.52563858032227 18.07451629638672 40.67159271240234
2318 43.87613677978516 31.96107864379883 41.67395782470703
2319 -47.49718475341797 43.94308090209961 42.28311920166016
2320 0.9562984704971313 64.71846771240234 40.79090118408203
2321 1.062907576560974 -56.27657699584961 41.85315704345703
2322 34.34274291992188 -24.68210601806641 44.17431259155273
2323 -49.99817276000977 -7.529763698577881 44.79597854614258
2324 42.88393020629883 4.430801868438721 44.99125671386719
2325 -53.31254196166992 18.93198776245117 45.67456817626953
2326 45.20936965942383 21.0601921081543 43.15876007080078
2327 34.5970344543457 30.64299201965332 48.2643928527832
2328 25.67839622497559 52.23966979980469 46.23322677612305
2329 -32.11130142211914 54.91824722290039 46.53264999389648
2330 20.1795539855957 59.11100387573242 42.34621810913086
2331 13.94517230987549 62.64019012451172 40.26263046264648
2332 -10.80414772033691 58.81758499145508 47.28496551513672
2333 -9.24467945098877 62.47927093505859 43.5330924987793
2334 -4.830314636230469 61.96553421020508 45.62437438964844
2335 7.492327690124512 -50.76554107666016 43.80990219116211
2336 20.52105903625488 -41.63004302978516 43.21333694458008
2337 -51.90399551391602 8.64646053314209 43.90119171142578
2338 43.26136779785156 12.81508541107178 44.79143905639648
2339 5.159645557403564 60.26682662963867 44.4193115234375
2340 -2.465301275253296 60.61797332763672 47.04843139648438
2341 -2.385889768600464 -52.03719329833984 44.51604461669922
2342 -22.87995529174805 -39.93176651000977 45.49079895019531
2343 21.13767051696777 -35.15618896484375 45.64127349853516
2344 27.5717945098877 -26.31779479980469 46.94355010986328
2345 -43.45998764038086 -17.16656112670898 46.0979118347168
2346 37.02542114257812 -14.57425594329834 46.02832794189453
2347 -46.12038040161133 -10.12557601928711 49.23198699951172
2348 42.86762237548828 -10.1202278137207 46.13676452636719
2349 37.43837738037109 12.59858417510986 48.75465774536133
2350 35.75974273681641 22.24224472045898 47.64016723632812
2351 -47.52959060668945 37.04282379150391 49.21093368530273
2352 23.08619117736816 53.51362609863281 46.38325500488281
2353 4.455881118774414 -43.28388214111328 47.92786407470703
2354 -5.592150688171387 -40.49983215332031 49.40702438354492
2355 10.80879306793213 -44.93996429443359 45.59418487548828
2356 -38.35950088500977 -19.45913314819336 48.56678009033203
2357 -49.59318923950195 0.8776238560676575 46.87528228759766
2358 -52.74292373657227 24.59747314453125 49.91085433959961
2359 30.59663200378418 33.60780334472656 50.10344696044922
2360 -42.15277862548828 45.22290802001953 47.39051055908203
2361 29.59639167785645 44.43832397460938 46.86652374267578
2362 -36.80937957763672 51.65262603759766 47.48982238769531
2363 -18.09626770019531 55.29277420043945 49.27888107299805
2364 16.06051826477051 53.22066497802734 47.40865707397461
2365 5.010265827178955 52.37204360961914 50.86255264282227
2366 -15.30742835998535 -39.43138885498047 47.52122116088867
2367 -24.11831283569336 -32.60494613647461 48.48482131958008
2368 14.93260765075684 -35.76654434204102 47.57063674926758
2369 -28.35839462280273 -28.62998390197754 49.1226806640625
2370 20.66885375976562 -28.01258850097656 48.61654281616211
2371 29.14886474609375 -17.21968269348145 49.61589050292969
2372 40.16233444213867 -1.15399694442749 50.88599014282227
2373 -47.21131134033203 2.859821319580078 49.34679412841797
2374 -46.05454254150391 8.332113265991211 49.63074493408203
2375 -45.03738784790039 12.2482442855835 50.49795913696289
2376 -50.5640983581543 32.2758674621582 50.76549530029297
2377 14.47754669189453 -29.56135940551758 49.3594970703125
2378 20.67341613769531 -17.33493423461914 53.08475112915039
2379 -41.83271408081055 -12.19437980651855 51.83895874023438
2380 31.40247535705566 -12.91562843322754 49.95487594604492
2381 36.1595458984375 6.902273178100586 50.01768112182617
2382 31.2529468536377 22.30885887145996 50.67678833007812
2383 21.72504043579102 48.69900131225586 48.83499145507812
2384 -34.02848052978516 51.31874847412109 48.68922805786133
2385 -27.6473274230957 50.14278411865234 49.95844268798828
2386 -3.828388690948486 56.08978271484375 50.61005783081055
2387 0.4355712234973907 -34.48006820678711 51.3124885559082
2388 8.731934547424316 -29.79278373718262 51.10926055908203
2389 -17.71513938903809 -29.00847816467285 50.19160842895508
2390 -24.7534008026123 -28.9435977935791 50.07488250732422
2391 -38.23480987548828 -16.01677513122559 50.3350830078125
2392 35.15536880493164 -5.087814807891846 53.19332122802734
2393 -44.15512084960938 -2.249893665313721 50.96604919433594
2394 36.54670715332031 0.2708350121974945 52.48369598388672
2395 -46.34775161743164 19.24720001220703 52.27798843383789
2396 32.50030899047852 16.13322067260742 51.05132675170898
2397 -50.17434692382812 24.60388565063477 52.56647491455078
2398 -45.05791473388672 37.61721420288086 50.52074813842773
2399 19.72905158996582 36.49222946166992 54.152587890625
2400 -1.263810873031616 -30.8339786529541 52.66674423217773
2401 -8.843903541564941 -29.2136287689209 51.87503433227539
2402 14.82049179077148 -19.2457332611084 54.23855590820312
2403 -26.28262901306152 -20.10892105102539 53.59260940551758
2404 -31.66224098205566 -14.51082324981689 53.28948211669922
2405 -42.24964141845703 -9.715920448303223 52.43117523193359
2406 38.21316528320312 -2.606797218322754 52.06191635131836
2407 -42.05826950073242 9.796913146972656 51.59301376342773
2408 -50.32808685302734 27.92747688293457 52.74230575561523
2409 -36.55804443359375 39.01213836669922 51.81834411621094
2410 -9.887784957885742 52.48490524291992 51.96199798583984
2411 -16.21800804138184 49.65000152587891 53.21630477905273
2412 2.06270432472229 -25.32281112670898 55.27162170410156
2413 -17.3433723449707 -21.5449161529541 54.30266189575195
2414 -36.28974533081055 -1.226888298988342 53.58331680297852
2415 -38.30430603027344 4.322121143341064 52.41389465332031
2416 25.82647895812988 5.12502384185791 55.12823867797852
2417 23.83493041992188 25.81840896606445 54.34142684936523
2418 -47.90847015380859 31.81077766418457 53.01277542114258
2419 -41.12028884887695 25.88783264160156 52.92414093017578
2420 -38.77828598022461 30.82157325744629 51.82660675048828
2421 -42.42507171630859 34.73883056640625 51.73546600341797
2422 -45.93104553222656 27.6188850402832 54.10107040405273
2423 -29.95527267456055 39.32996368408203 54.15871047973633
2424 13.15803337097168 43.85297012329102 53.74933624267578
2425 -3.314178228378296 49.00101852416992 54.3129997253418
2426 5.67939281463623 -14.61309146881104 60.28008270263672
2427 -22.02504539489746 -19.13472557067871 54.96014785766602
2428 -24.72480392456055 -17.37494468688965 55.02507400512695
2429 -34.37992477416992 -8.583833694458008 54.19033432006836
2430 27.38931083679199 -4.47714376449585 54.89844512939453
2431 28.34547233581543 0.7929813265800476 54.39657211303711
2432 -37.28182601928711 11.67625045776367 53.98027801513672
2433 -42.41062927246094 16.59125518798828 54.37052536010742
2434 -45.41505432128906 20.13475608825684 52.86441040039062
2435 -37.35870742797852 22.88613700866699 53.75718688964844
2436 25.18381118774414 16.47045516967773 55.16213226318359
2437 -36.21807479858398 29.30713653564453 53.25073623657227
2438 -31.06007766723633 34.71699523925781 54.77205657958984
2439 -2.318359136581421 42.57577896118164 57.93046569824219
2440 -9.911879539489746 43.69237518310547 57.3979377746582
2441 -6.095463275909424 -19.61300849914551 57.83262634277344
2442 -11.54630756378174 -17.12556266784668 58.10377502441406
2443 -17.31122779846191 -16.36440849304199 56.57234191894531
2444 18.99678611755371 -5.519969940185547 57.50441360473633
2445 -29.82821655273438 -1.168757081031799 56.80273818969727
2446 -29.73176193237305 4.883510112762451 56.91477584838867
2447 23.23054695129395 0.5283281207084656 56.89130020141602
2448 19.59124183654785 5.532752513885498 59.11172866821289
2449 -35.31321334838867 17.27563285827637 55.06595230102539
2450 -27.0922908782959 25.6927661895752 58.21297836303711
2451 10.47745227813721 37.15347671508789 57.87277221679688
2452 -22.90719604492188 38.54134750366211 56.46866226196289
2453 -15.72411632537842 41.63750076293945 57.57666397094727
2454 -22.32378768920898 -13.0785961151123 56.40627288818359
2455 -28.3892936706543 13.12759780883789 58.36564636230469
2456 18.73492431640625 18.90604782104492 58.93925476074219
2457 -25.7298583984375 17.54801559448242 59.39071273803711
2458 17.79325675964355 23.03903388977051 58.81664276123047
2459 15.34411144256592 28.75066375732422 58.19790267944336
2460 -21.90838813781738 34.87934875488281 58.26380920410156
2461 7.634073257446289 -12.27073001861572 60.6542854309082
2462 -14.95919895172119 -8.844259262084961 58.55051803588867
2463 -23.55416107177734 -4.61041784286499 57.74296951293945
2464 -23.59514045715332 3.304633855819702 57.99082946777344
2465 18.88324928283691 0.8446654081344604 59.27620697021484
2466 -4.87114143371582 37.59193420410156 60.42302703857422
2467 -8.150888442993164 -8.716134071350098 60.83663558959961
2468 -18.90829086303711 -4.197525978088379 59.38607788085938
2469 -20.35860061645508 -0.2876959443092346 59.51771926879883
2470 -20.06286811828613 9.390348434448242 61.02483749389648
2471 -15.20372676849365 35.45710754394531 59.86527633666992
2472 0.8130947351455688 29.85335540771484 62.00633239746094
2473 1.432200908660889 -12.23694133758545 61.76851272583008
2474 -13.04363822937012 -2.388931274414062 63.95130157470703
2475 10.58379459381104 7.22622537612915 63.6692008972168
2476 11.52239036560059 16.9165096282959 62.44311141967773
2477 -18.60677909851074 18.57795143127441 61.41928482055664
2478 9.235175132751465 21.46456336975098 62.57436370849609
2479 -10.29320621490479 30.90615844726562 61.59158706665039
2480 -3.499280691146851 -4.599617958068848 63.32381820678711
2481 4.421046733856201 -8.828832626342773 62.76918792724609
2482 10.69665908813477 -1.149614691734314 62.32168960571289
2483 -14.78909206390381 0.3569316565990448 63.90186309814453
2484 -15.88745880126953 13.6426420211792 62.4882698059082
2485 -8.526986122131348 26.33848571777344 62.9054069519043
2486 -3.22022819519043 28.22779083251953 62.86962127685547
2487 5.657285690307617 -3.290823936462402 63.24361801147461
2488 3.708678483963013 1.557931542396545 64.82361602783203
2489 6.71544361114502 2.591802835464478 64.48765563964844
2490 -12.96875858306885 12.08686542510986 62.99858856201172
2491 7.520998001098633 12.0935173034668 65.19710540771484
2492 -8.466527938842773 17.51155281066895 63.91359710693359
2493 2.594800472259521 21.23524856567383 64.36509704589844
2494 -3.079269886016846 22.07276725769043 64.48839569091797
2495 -3.680211067199707 0.2589460909366608 64.37130737304688
2496 -10.89929389953613 5.32118558883667 64.506591796875
2497 -1.647444009780884 2.684467792510986 64.68035125732422
2498 -4.976595878601074 6.784059524536133 64.3189697265625
2499 4.512518405914307 6.986421585083008 66.02613067626953
2500 -3.417316198348999 15.68469429016113 64.53379058837891
2501 0.8713437914848328 14.777174949646 65.9139404296875
2502 4.796194553375244 14.78056144714355 65.67430114746094
2503 0.7416380643844604 6.179837703704834 65.87476348876953
2504 4.398148389474503 -27.78040876014114 27.08172080193437
2505 2.096917449861419 -27.84771344410713 31.27315149581104
2506 6.062076547508291 -35.70446067237648 30.28147367901711
2507 1.399770225296427 -33.83943205038704 20.87591847631485
2508 6.47775411775389 -20.28544060771549 25.87288116689234
2509 11.22702108345511 -27.51564508312395 23.60365954628976
2510 -2.145375416486717 -27.4346745182701 24.40694032712184
2511 5.814334862032487 -24.86262045791629 36.86133751355183
2512 1.116548095310451 -19.20186987905805 22.65207534761942
2513 -4.60137164555897 -26.59438388565189 29.90923048315576
2514 0.7924049524853602 -26.69113667802442 40.61464080772727
2515 0.4021479508185246 -37.18562873689859 24.92217447349239
2516 2.447666104413092 -32.77135382373267 37.1134582526503
2517 2.389586911037058 -20.52412174787593 31.99419422609487
2518 0.7873779252966512 -27.39719620399247 18.4811031782912
2519 9.051739119235442 -29.46363079492586 32.33764469981829
2520 7.871333136445712 -34.40772592440132 23.59852833497474
2521 -1.430121955078899 -24.13543267183855 33.71638315026255
2522 -1.733219358768865 -31.89993600801847 28.65386282530229
2523 4.069195345958682 -39.01149037519376 32.89874245224428
2524 1.907157397050316 -36.47154935291435 16.44540798935825
2525 -1.207104090673939 -22.22032636980764 27.39286507129373
2526 11.83419422397081 -31.41229747575544 20.32107631102784
2527 5.781138459081979 -24.92096697183662 21.56171547971538
2528 7.879772958615161 -23.42509187319206 31.11727698147165
2529 9.582615158475303 -35.97400333385144 33.34571846246126
2530 -9.867041363705692 -27.11239635038682 29.07559650965764
2531 7.459543729443812 -32.72806467069966 36.56689424152115
2532 -1.238280891283769 -36.14506000176378 33.09055368210555
2533 5.735457549631881 -19.55344559514769 36.6414330241201
2534 5.793306485247297 -33.56176802019161 18.18794976436377
2535 10.5146422482582 -21.64006386434815 23.64279839954244
2536 -2.180661845239705 -29.58791128191207 32.97583455414005
2537 13.34612194954233 -28.92656634255676 28.33553264902562
2538 3.186068664711867 -31.45351886279284 41.25911740252841
2539 7.61347051909916 -39.78258736207382 30.3033451054479
2540 10.01002912104853 -26.36873355445635 37.69262962782102
2541 10.73686096634946 -33.61127946118212 28.66106244052035
2542 4.457665058877201 -37.02868646702136 20.1886463136243
2543 -0.6460804474232265 -22.94456430979469 38.18556348428044
2544 6.063089023932561 -38.5249554222064 25.38413912569698
2545 -2.432369469186968 -32.31230902621984 18.30034562355448
2546 -2.991344410105644 -32.59166601338242 23.55779543794124
2547 -5.581009735047898 -30.35902304844215 28.47261432237487
2548 6.690384057567601 -17.72010144247136 30.54538218588953
2549 -6.022096360057938 -26.44605117309675 25.66197228020412
2550 8.910153415553332 -17.31437178154407 24.81577534198361
2551 10.41076370143112 -20.07886796336493 28.00109455964282
2552 -1.073122877848979 -37.83915934416229 19.94274925345261
2553 0.586805493057649 -22.52016545345484 18.8425782777974
2554 3.142714816315911 -32.96681841943645 26.73494681674519
2555 6.890725565239458 -16.75042747527559 37.88125178892562
2556 2.213162066852361 -29.32798922124935 22.86328683221589
2557 6.923180780527424 -28.49275886443181 17.96161267057879
2558 1.30140256389511 -28.19062824921529 36.0379453437377
2559 2.9408291791017 -32.53955616095389 32.27314587869449
2560 13.34936733520946 -24.29623204435033 26.45828639083393
2561 1.830673149446055 -24.60506024438656 24.40947114331559
2562 14.25729840000612 -28.30867176018504 20.40863332220086
2563 -1.393275720183491 -18.11643906204252 26.73817986186272
2564 -8.088192161176206 -25.4727000333828 31.04982761373744
2565 1.732719897472727 -31.47556989514361 15.67107414759994
2566 7.046018600796142 -19.68770060387815 21.35822276099586
2567 -5.224362088794925 -28.56914480193907 22.79416464631086
2568 3.889274410002252 -23.28380580736004 28.45770005277103
2569 6.375875727836692 -28.93608971124489 39.01518640565024
2570 1.736186741976212 -37.11184140973841 29.36594829832172
2571 8.16154154142102 -24.78882112546877 26.47612151293749
2572 -0.6265515282195029 -26.38379562193492 28.28783043594697
2573 14.54456333027196 -30.24491801783344 24.19879044630577
2574 -3.513060215529572 -23.42521086042182 24.02825803209527
2575 0.5202823711005742 -17.89223274049959 34.35650361396864
2576 9.703015788746498 -38.55764248630773 24.94578095906637
2577 -0.7448260514116221 -30.70417979076626 39.11515804096857
2578 -5.203347496942814 -25.19321963369522 32.80793762415301
2579 8.798540448044989 -29.5575447811432 27.13316900951599
2580 7.028074929978383 -29.74223730276012 22.63442406912924
2581 4.569387030113503 -24.72700741530353 40.94339464966108
2582 -1.173961235217583 -26.69270717330649 43.18956151189838
2583 14.67864329316413 -25.51259441639852 23.02276189485128
2584 1.880980979135198 -36.81764750754911 35.84748519304946
2585 -3.183954270964811 -25.31463371923424 20.3378807134693
2586 -3.97438055155459 -22.77555967799167 30.0440158037412
2587 5.671459078438468 -35.57181514483396 34.30829239220775
2588 2.863803629919473 -24.42004931494573 33.75985566541118
2589 -2.309860226995487 -26.68319303733092 36.61059994354791
2590 11.98367238994099 -32.55986710411305 32.91958363994139
2591 -2.153322367025833 -25.20970085090115 40.7809429030003
2592 2.831826393965109 -19.10874228999781 27.91426838227289
2593 -6.968359329655344 -28.78513066017405 31.27920671385647
2594 -1.79642463349198 -29.67735022763764 21.17383140894665
2595 5.971611840039555 -31.56577830887187 29.51924217933594
2596 7.557891210838725 -38.92171117611364 33.8039554619595
2597 5.460512148227703 -28.68186339647093 34.73253901284137
2598 3.939567982226267 -40.26615785886152 29.26220989223743
2599 7.743187333012649 -23.27106963745807 39.62984944461417
2600 -0.6529608494239181 -38.67522349046239 16.5197107528199
2601 -3.784644101187027 -35.11424327580391 20.67355104226552
2602 -1.376691593224946 -19.62438939723794 30.5874804084754
2603 10.61301000987966 -37.33077526681344 29.83495413211322
2604 3.237057178455159 -22.18492894516834 38.21948412676479
2605 0.4629018957662963 -29.6118066758403 26.35562436231413
2606 3.021630468014383 -37.2435491736691 13.99659329784018
2607 -3.083630147786284 -33.55736541824158 32.30612014967943
2608 -1.069694030669286 -31.99685264845508 35.76177618975738
2609 -2.524869348656059 -36.59833358409531 29.170340222945
2610 10.94856161761602 -35.89216082626799 21.66849014463292
2611 5.106721117289806 -16.49920246024125 25.85739539602566
2612 -6.63814900051866 -24.7212008258533 28.29212194004844
2613 -3.461784738736452 -24.93301260216668 27.22221810864517
2614 12.13530624305688 -33.67912090859635 24.6776780850025
2615 0.7849158305931603 -23.72471654095888 30.6348024910537
2616 -3.864709314283229 -29.03145967965853 18.32406712822073
2617 -1.366621534230812 -16.77084982169258 23.05296039577001
2618 -2.468473333580259 -35.75640297014379 17.42336269444049
2619 0.6512935735924351 -34.54590687484293 13.90719960434635
2620 -4.688659419347083 -31.47946964293675 31.2682897759136
2621 9.920517223689714 -25.50950893131668 19.70569793426863
2622 3.722512543433198 -19.05381268855511 19.66125662561668
2623 4.708677951894928 -16.63328237572886 34.1517038829001
2624 -1.241920187534363 -29.51784611920712 15.21906281294039
2625 2.56186009921535 -34.71894554239276 40.25408091608881
2626 10.88259935077642 -25.77322331892219 29.4600560760485
2627 -1.634679081785692 -26.63181057964116 31.48067944097129
2628 -3.197668801175367 -28.29844309905095 27.43258764546363
2629 10.80388478617994 -30.21325693614376 36.19778972268995
2630 -10.37031242118842 -29.21983984809983 30.31309770949419
2631 7.539827813829911 -33.14605274798236 32.3750859290943
2632 4.314226648057313 -24.9913880667448 17.41319645730815
2633 2.055737791591488 -16.7813419225082 30.94698832679935
2634 4.37417121966145 -32.5691263425974 23.05564159802351
2635 -3.986257509289718 -22.4691155977071 33.18309702233341
2636 -1.479476494906661 -20.82378538112239 35.30463651939451
2637 5.774832529591004 -33.17120693810762 39.61816450150765
2638 0.4753754243517092 -38.84005824795239 33.15387178566622
2639 3.565334276817007 -30.05814074402129 19.25324758239545
2640 9.118139404263186 -16.72757787613133 28.24706735303798
2641 10.27855431753559 -38.77577398702076 32.58087018980872
2642 4.114807646161822 -21.70274732153868 23.07462739053559
2643 6.096590275285944 -27.10108460661407 30.7531094870563
2644 -2.263823580483487 -39.28893534065413 25.30944954476445
2645 0.5424896886746269 -29.70571070498458 42.35095512595633
2646 3.748868663129771 -28.00965373643309 42.25406110583954
2647 4.20535288114533 -33.8581611526113 14.73496530456616
2648 9.230719508166835 -22.20977744813186 35.46970387044349
2649 -0.2048249302702038 -25.7176854543428 15.65571366960373
2650 4.628538793216968 -35.69376133589517 37.58233153349247
2651 2.530032860608763 -35.94623587376081 32.57842017439265
2652 7.373244719484211 -34.09611078203127 27.23633406622418
2653 11.84384990877583 -26.3626549737086 33.70336894569349
2654 -6.342008922433406 -29.5567792872172 25.54517513335108
2655 1.738003458427489 -39.49415290016412 19.20583407173394
2656 -6.788213936656263 -27.67194298314266 28.2392665180411
2657 0.6892453511399643 -19.45777532228036 38.02445463234857
2658 5.561587042447536 -21.78564768814832 33.60340280150134
2659 0.5958316114972653 -32.5216489693192 24.17255157008203
2660 -4.749173813446449 -31.47897828098186 20.76416317445609
2661 -4.740945536659178 -33.54671928755091 27.9750036761741
2662 2.93807761899579 -28.85471091855536 39.02085731610238
2663 0.4361309275165834 -17.55731063793258 20.11101508047278
2664 15.58354734125979 -27.0937131784907 26.21111999675185
2665 -4.477531093510091 -27.94812455645996 32.43981785788706
2666 10.99541548526864 -34.20318257904481 35.97238610291787
2667 13.70904689478908 -32.97477016373099 29.86838926120939
2668 0.2597400290560163 -34.05977277336321 17.85009846917736
2669 11.01948534104394 -18.86415740040202 23.75638473242699
2670 8.557517247805187 -17.75897409870306 21.00084535961743
2671 -3.148143984641047 -35.73681054528333 25.42785214331696
2672 12.63432778771448 -23.24404979300569 21.51056247812546
2673 3.866622864243419 -40.0042454011464 22.29938352579526
2674 6.099067744871053 -41.1180268217679 32.46431495561693
2675 2.860630313438133 -28.00923374601101 15.09724462993864
2676 1.545169481930343 -30.85563128982565 29.48887254380976
2677 2.619716870167411 -25.61393781773114 37.90264024682831
2678 0.2312661712392954 -26.56374828862585 21.96310572373404
2679 1.433388111851022 -23.33135733100457 40.90578689647838
2680 9.683068873974975 -40.3339524504126 28.18388295006831
2681 14.20208198875334 -30.00391429881308 18.22522419824425
2682 3.801497485475818 -41.13551754281364 33.93089609758017
2683 -4.393764954025353 -21.84066929108565 26.92011213389838
2684 -2.978437034063994 -29.08896919969081 30.22336903857946
2685 0.44763189983413 -31.13904142210817 19.30231450477516
2686 11.60029407555061 -22.26498549985964 31.00230279119175
2687 14.41955650672727 -25.76175666042349 29.49445393509856
2688 0.8968737291564657 -30.41960349940398 33.68540384704593
2689 8.048480843410001 -25.97361200533248 33.96339293758074
2690 -3.704926037875769 -31.04279684350774 26.12497924032336
2691 -8.650988534361458 -29.59703185890274 28.29308668213162
2692 9.064378661380006 -31.64725644921129 17.69853789470893
2693 4.33292168224297 -41.21763058135458 25.25182603915348
2694 1.843304108126925 -21.51662596671775 35.19564523884004
2695 5.762688085171844 -30.77669054199053 25.77642533808936
2696 12.93338766951748 -20.539929516717 25.5944929376655
2697 5.536338567164997 -16.72134043131067 22.40264193717043
2698 -2.143449196207258 -21.32835216674355 21.18452926704549
2699 7.952976688677103 -37.68938801578523 21.61824668750491
2700 0.6863603536173422 -34.02906068865053 30.25123019473984
2701 -8.581251265660551 -26.07481018473793 26.77188977449546
2702 -3.802883288896273 -24.64006406441003 35.25312627553591
2703 -1.416768779182664 -20.34928829027318 39.47500525560968
2704 5.176089682458885 -38.31084947704919 35.74306104540342
2705 13.77427104215273 -29.29611989243966 32.23190577221109
2706 4.324445877407329 -36.11501597824969 27.36346773209935
2707 3.730088436021947 -36.13953409395347 23.72286603855488
2708 6.950155142149541 -22.53847830693656 18.77370329676603
2709 -6.375524621098471 -23.78274138943241 25.82912049164054
2710 -2.816821215189873 -20.09465245763962 24.42951936524147
2711 12.4099935573524 -35.34101934532667 31.32312206320876
2712 -1.682682872261242 -33.41800305772436 15.40970180129218
2713 7.840556086269959 -37.37374576665202 28.11110426760229
2714 7.328426665311634 -22.85297445502767 23.79212495307895
2715 5.154108416141321 -25.24680264401316 24.90989191492445
2716 -7.041566250411153 -26.61918552478179 32.78280305375412
2717 -6.195442391497942 -23.72903700556374 30.93498025328785
2718 10.08024622214129 -30.84387117791121 24.08002330956177
2719 1.559483001322399 -21.26602877516156 25.45570443801854
2720 -3.4404055485569 -38.03761182948205 22.37517659472572
2721 5.648164771695106 -36.85241360644392 16.35966751394986
2722 8.020060975556687 -17.58381506504621 34.72026572204854
2723 -11.45788263906865 -26.60275003448792 30.38555139911685
2724 -0.3669497027561626 -33.75359469619468 38.51770403808442
2725 -0.07817634115908523 -34.32720552172086 26.96176131702455
2726 4.741152539932177 -32.58019220546684 34.90545854895985
2727 1.541796624034945 -16.19650031480317 25.41302290315756
2728 3.10767912835516 -38.93292213139036 16.16803494468311
2729 -2.405542066661241 -28.27365800615794 39.94747279679255
2730 -1.08747674171241 -35.20363657218342 22.6642396821649
2731 -0.56576347482849 -39.49249760446812 30.01162038825218
2732 10.90006374505163 -28.57156838001048 18.08087264220382
2733 5.321423404109281 -30.89327754050487 15.89970353096147
2734 -4.547125341340479 -30.2619163313631 34.00501106215864
2735 -2.533596098298593 -29.48508843102384 35.8614485622443
2736 -5.467894600493708 -25.47721897165749 22.76814871473528
2737 -6.845912351367843 -31.29891613669345 30.33542354274952
2738 14.48082557948111 -32.20672916548395 19.43356244810126
2739 0.2076676645687319 -25.02954509976286 36.12933251763057
2740 5.464690613906876 -20.14421637068896 39.57592099280171
2741 12.65616375548595 -34.22399453930606 19.50631222963399
2742 1.205611587783571 -33.87404921796984 34.48327272287294
2743 -0.7937606445108847 -27.32129931288069 34.1941019375057
2744 2.680564795883654 -39.39501059216955 35.67086059669263
2745 3.308567831930875 -27.0211070155721 20.67490799949962
2746 -1.829771609663388 -40.42050692260194 20.37353222392505
2747 -0.4872061917620396 -39.94553277795122 22.83267662594918
2748 0.4466873752003107 -32.640714999489 41.1905474443789
2749 6.005660707192099 -30.18474076384204 41.88936900628018
2750 11.28364461031819 -30.74893076947051 30.23584850966792
2751 2.089682284419411 -40.70022044834118 31.64643605298157
2752 4.294246851802093 -33.2450143859459 42.32227574699822
2753 -0.8991665695681288 -24.97859764266641 25.63408899435847
2754 0.4833807822509121 -37.8186954393847 14.31713517359517
2755 6.308032375760233 -20.93173085849119 29.28074832406596
2756 14.46808959174286 -22.70548345108577 24.13767816352146
2757 -1.358130122858965 -17.43981763271943 30.22956428739942
2758 6.486030056300383 -41.20274865854706 27.8264075365612
2759 8.729141829318857 -41.35478197832219 31.70594994366196
2760 7.958814957898859 -26.66797997671297 23.67740576101477
2761 8.572581332561009 -32.30808735945972 21.00630225651366
2762 2.37471461999305 -25.38272304476836 42.95014501439534
2763 8.412458547368812 -36.06250917457265 37.0453558899118
2764 -9.347056095808355 -27.63546881257243 32.26060992533954
2765 11.63029951395945 -36.26413840428648 26.83581774126429
2766 10.27430479202008 -20.06195478199193 21.24252768988291
2767 -3.250221683888944 -38.69716884275377 18.47538750613461
2768 7.929885328908495 -37.3212682251111 31.55967743178086
2769 7.450362392383774 -26.35807008361706 40.79862051523991
2770 -0.6313572757944801 -31.60229135920313 31.41126390033296
2771 4.631694134873833 -15.1267675502208 28.62970398088315
2772 4.592220682317926 -29.80642902055312 31.84013552911065
2773 2.436964875664178 -26.02861994702903 28.7610781469644
2774 15.4735166317205 -26.15400453076259 20.70539009622982
2775 2.428691204330799 -23.87877244377921 21.23503134411006
2776 4.612474241151307 -30.65162884446874 37.24218354690527
2777 15.18336162679746 -31.36775692917823 27.36875946635647
2778 -1.271286314329668 -30.23373371944801 24.02966229341981
2779 1.314070310258628 -39.18328486223789 26.34552129379194
2780 9.063371791416319 -30.99629392754089 38.99510049086272
2781 -1.420078136414697 -32.60329563911434 21.05837333417388
2782 8.844068706676435 -34.84402759084038 18.25722978238227
2783 1.410529899461797 -36.90984542430391 21.69280877958484
2784 3.685256721727447 -33.88052546706955 29.61447563569415
2785 2.014588267954005 -36.60053577613157 38.50756398924853
2786 -5.729458120205665 -31.27440429552896 23.39757236527959
2787 3.075852903828073 -34.73537782324681 18.5739724556594
2788 9.523637959824242 -19.36925010479004 32.2884278166775
2789 11.80233932610476 -31.25670126009918 26.75727274171026
2790 5.326630335513507 -38.3168629281781 30.57724368426009
2791 11.29011675681826 -17.02378230314385 26.37160199712671
2792 11.32978662412036 -37.21468868232205 34.40883210855459
2793 3.8538356284624 -17.52210121545764 37.48174966349826
2794 9.280965526505215 -34.96663397105301 30.69911711399687
2795 -0.495339298309279 -22.67264368225291 23.52577560465181
2796 -4.759245310003895 -26.81420507352972 34.60649914418766
2797 -2.063819462116744 -22.35551183380758 40.64613404852899
2798 12.65683620611915 -26.05902845629268 21.09673796639418
2799 8.305952019563275 -20.49110295752789 38.22904784278828
2800 15.89549015217759 -30.83171616659562 21.24704704958834
2801 8.422257782358127 -19.82807767987344 23.7584305590518
2802 13.38946294874464 -21.8363277306896 28.43673665507481
2803 10.75473957475361 -24.59908398868311 24.69720501405757
2804 4.799653810607685 -28.17910423372912 24.06106231693496
2805 15.80916540917953 -28.06372533685842 22.73287390951292
2806 -0.3179566288342204 -21.66460845129781 32.48087625259405
2807 5.963357491271211 -14.9749374148878 31.60805690436842
2808 -5.002885166668541 -34.75045807210708 23.34480424070482
2809 16.02504020953984 -29.25957666935154 28.99144696257979
2810 -0.2686258825228278 -28.53824513581464 29.99870297269668
2811 0.6930118283161217 -27.21510050229035 24.78921513554247
2812 1.265061649162905 -23.80337884544206 27.23916224517622
2813 13.93717585971584 -33.03553912097054 22.31099704103034
2814 -2.563091201936146 -24.95792272326402 29.68673173389871
2815 4.80156758211773 -23.84219419232345 31.3864733354186
2816 -0.474597467446046 -23.04175615371236 16.3337098855743
2817 0.911172708643357 -21.05433588711905 29.21436868716629
2818 -8.039303785153869 -26.3943740037875 24.71966116208245
2819 9.062951407004327 -22.92654369059505 21.21138317845148
2820 10.30631536360996 -24.27669954978374 39.46562037636384
2821 -2.832961622812643 -26.25239044537764 17.28871085699399
2822 8.126635067562022 -28.55641191962855 36.41682811779978
2823 0.6104149324651869 -25.58367506703875 32.62585191922464
2824 0.0448729037986748 -15.574118406516 33.0577897305317
2825 3.510661923417408 -21.75481790416691 17.43303825203163
2826 8.919782721885436 -21.94590787150985 26.1218110808343
2827 16.19205047177004 -24.8388904893881 24.85836599580286
2828 -4.282037255787899 -33.85764561525551 17.24328026066056
2829 3.96314003638504 -19.05974882821545 24.6197668069365
2830 -0.6896538369169196 -20.31152840170175 18.11676001682103
2831 3.075510972099673 -30.24700273230785 43.98769379699512
2832 -29.01357610641602 -3.480369773747057 21.75043536871734
2833 -3.913283138651543 22.29075779073209 5.690945113245306
2834 30.6178502705405 -3.567640434407195 15.15994945273817
2835 -3.801764756673024 9.442106767368344 39.94161612783397
2836 -13.81469124393631 -1.898631728992971 1.599259605124193
2837 -28.59602832834401 -30.82567329151025 13.12014629809469
2838 20.43448720522496 -50.66177233994855 4.300613952431979
2839 26.99274754532043 -19.14168709940471 -4.324444159025358
2840 12.33607561392864 10.13219011713414 21.55419802326245
2841 4.202065644214217 -45.96963781385681 -7.636209047228412
2842 -2.832444990606611 -56.95115321334377 15.10525255947825
2843 -20.44771545669488 -41.34645697597264 25.48799275377455
2844 -19.67568473156309 -47.79245999190547 3.994335184831746
2845 -19.4411595746382 -9.711178024843365 37.06086807117651
2846 12.69973244476134 -2.08869779429671 1.80542218967858
2847 -6.526040704102048 -6.634320214831904 13.23648737031326
2848 -5.230377773320842 -18.50579005789472 -5.961727142135988
2849 -19.47442697638908 -21.58520589632687 16.41534042467742
2850 22.50389302447263 -41.81029440156814 14.49195967594857
2851 33.82655773438638 -29.11977684881236 12.76024039738234
2852 23.10872763901272 -9.506510268368263 29.6156471944964
2853 21.10972995283161 -11.26930087164741 16.84681349834519
2854 -13.91882380121853 -18.61728469502036 39.07213698029546
2855 10.33140730797217 1.681165690373922 43.71886078528237
2856 14.48512675688949 -37.64971576170454 3.812198004914409
2857 -16.04372644571482 -13.89736105190834 27.08307000366917
2858 -1.362013487087701 -3.848507639766208 42.92612768531028
2859 -15.31849956059096 -30.73817787876558 0.4947743304463916
2860 -27.82273344622563 -27.33285887461804 26.93238968265178
2861 -36.56757566544702 21.78601813620811 2.166639978901465
2862 5.689567797749474 -51.46249263448311 5.905188717984968
2863 -15.55619554371578 32.04868396778269 -20.69247292109207
2864 7.011741876396573 41.80219286365632 -32.88461737894331
2865 10.67079098051676 -23.02131867723662 -2.477331169628462
2866 27.50545794263403 -18.30363033863023 22.26574581751715
2867 31.16464048929752 25.31690550197072 -1.154643249342872
2868 -3.960111106726867 1.892552415857526 26.0045977779864
2869 -19.77506808764877 -31.4693525292015 25.8196720566286
2870 -13.09448202270296 -38.45964002442865 37.80217254369866
2871 9.801986752547531 -55.98754876534908 19.7641646000562
2872 -22.24360039871745 -23.00578717361439 34.93086833586746
2873 -5.430407184038199 -46.12089934153258 2.939224006714063
2874 1.7128170962233 52.65483040341003 -3.126845393903825
2875 -10.23111740789256 -53.59161738875953 25.32333564632555
2876 23.28435078829378 -20.42536438260788 12.15262566913165
2877 3.749471375418228 14.45507411600546 -18.15382137896752
2878 5.377068834263866 -40.86834638139264 2.309274571174823
2879 -6.295772142094008 -23.79997525818142 4.812897052852913
2880 -4.610673404230642 -17.36607503056139 48.51764626300718
2881 -24.95893049958989 23.83661533954353 27.88221903344835
2882 21.61404871107053 -31.08845245103323 7.678486798041247
2883 -16.08651872116749 -28.35364757535158 19.60317434252408
2884 -33.44976937477435 -12.30279023532084 1.84247099031413
2885 11.60870691227999 -5.842537504984664 14.2999661095845
2886 -22.66203752299608 45.78998421845415 4.546447482390798
2887 -23.83350589111537 8.074109893832008 -17.05156254547373
2888 18.75056506940217 -49.05081560662144 21.79564943127762
2889 15.67092568540551 39.35536331245299 19.62301425193563
2890 -16.30025406049113 -41.590351048128 13.47724214106851
2891 18.68572038711356 -7.632244258618793 40.89321438128587
2892 24.39245644845645 7.94436697411623 -14.72744766356534
2893 9.112202722712791 -13.69765606050047 6.001843022555736
2894 13.81468286624486 -1.312441675607191 26.5624937326477
2895 -10.39707530726216 -9.043132294850103 21.50598169929756
2896 -19.62484752968119 -20.9714229046597 27.41655872410254
2897 33.28029018333858 -27.22543438407572 26.94752724491194
2898 -4.115281463736217 -14.40437616110012 7.583130511498821
2899 -14.05662258914908 -36.79616482991943 26.03533187231265
2900 -13.60733271421293 -29.88066722818536 41.67248747676632
2901 -9.504004187070942 -5.712315723336665 32.03173129295445
2902 -40.30961420584285 43.82552212405682 -12.80122757034935
2903 12.78003631438644 -45.35380836926173 9.97579957100848
2904 -7.055571977862582 -12.04340722629988 41.0142943878588
2905 17.52002679715029 -10.58897514328281 23.09478595091241
2906 24.38176606871456 -27.7524306662665 14.64229828991087
2907 -13.21421585234159 -28.18545220483222 10.79373548845997
2908 -8.390833168728454 -41.95826968162033 11.87822586139187
2909 3.401600683261843 -30.32675132537252 0.6849997592083472
2910 -14.69639077310029 52.49989241853491 -33.62461111573736
2911 26.41110488223347 -36.12090252084831 20.88161354459417
2912 -3.224435484988819 33.72143057513091 34.72957984494673
2913 -11.36487694092099 -22.24986701217457 45.84308424446191
2914 3.484006567989815 -10.51813314909011 49.17955094374344
2915 6.319142645006204 -2.582602267466203 33.0011475970008
2916 13.91375503227816 -14.49969830681688 44.92438755913279
2917 -17.16826445908666 -34.67989489774212 31.26985706073889
2918 -32.77355670016136 -10.88578652628398 -20.66890416940882
2919 -11.81756074588091 -17.52357587455417 31.8174319906045
2920 -17.58199909474424 10.84483513898615 15.62756702985061
2921 28.73722457623671 40.99112084967662 -20.50341918627821
2922 29.00966455562792 -39.25862638252182 -6.165810746917414
2923 34.39709966625914 19.02951552291678 21.55815341200113
2924 -32.67866861207339 -36.7724830826767 -4.509268061874929
2925 -44.86660670922812 4.685122460208056 -9.850647390849428
2926 10.97136048052342 32.71683419922671 -7.392948325381678
2927 3.760081265664961 -54.56906287652423 28.37907904871409
2928 3.316601078624194 -8.676045762656017 12.31443721375033
2929 -44.06759881067028 15.93325136270979 21.57880535698326
2930 40.24486773135685 -2.115850978853846 -4.095261578823069
2931 2.760582905138182 -22.44807348541192 3.879414194206683
2932 6.47237435151408 -43.76733434226268 8.276356461967172
2933 -24.13483833866438 44.85446150266219 13.44689890122099
2934 -0.4579867797024839 -1.617184959884731 -10.74624888182471
2935 3.937082812197955 -2.959837065654613 21.01451207760423
2936 1.011632572974632 6.886770064356419 8.50361468615235
2937 24.93924341447354 50.43409433086106 0.8687300298506742
2938 34.1851707431078 -10.81448073360248 -23.16249339567493
2939 15.08582272533665 -24.14671799590156 6.309795181272499
2940 -7.722706030882814 -12.81846998322574 16.25024378145875
2941 -17.78456478807743 -15.43568783137439 3.663795914279751
2942 -3.006042602113752 -45.90309694164533 9.681480794182079
2943 -5.880644728853514 -49.2452472028592 16.37864795138225
2944 -21.22823794891805 7.432703809895729 33.23962788810132
2945 25.87952115227866 -18.48013673702849 36.54669924921529
2946 -6.814136697738319 -36.04917564501319 3.329014360329206
2947 -21.13728127600958 -20.80996613084073 -12.48420579004372
2948 15.00300179029536 -10.06258866332158 -14.08981082035345
2949 26.40565122327251 47.26474325094631 -41.79894757904579
2950 5.961844787701595 -6.322012641997483 41.4235253520794
2951 17.22801881051943 32.44576144919436 -43.9787552253338
2952 23.10191019324824 -42.53199584353379 27.74714128725057
2953 -10.03977391226725 12.54373710990055 -7.388702292786714
2954 -50.25621895286838 25.08102059663681 -10.90185810013418
2955 -21.28189536497586 33.66137686757695 -37.2727713520238
2956 -12.1080630815198 -18.44307811482997 24.34576099754061
2957 -3.257276533195399 52.06738607580511 19.12343592885478
2958 -10.99114049236449 -61.35162995999614 1.749182764494226
2959 -11.46092847183921 -37.42150066019891 31.81026228172905
2960 4.835105594609852 20.87412180160004 -35.48918464925904
2961 36.85140912503014 -15.10076704413444 6.915054115782485
2962 -11.82631128579428 -43.69997712057253 26.04238752009683
2963 12.52919406754124 15.44536683720485 -2.42728100961565
2964 1.513236574568101 -51.24906071763271 20.03782584246156
2965 -6.950346350911532 64.52364270136873 -17.45219927254476
2966 14.98758822739812 59.15904292782877 -20.46475352172736
2967 27.09212185113014 7.457068754912102 2.331679686588655
2968 16.95103550509513 -16.72002367238802 14.33033237696063
2969 21.61268242994879 -10.71970641256663 4.227521284827992
2970 -3.124323539214036 -7.608438392678554 36.80746364736514
2971 -11.84335828226149 -35.86700120497415 12.30182980926165
2972 17.66514873353061 -40.72709610703276 35.2621289931724
2973 23.68728297622049 -36.23275646320912 32.95383914336373
2974 -4.045108870856354 19.70258155856071 23.49012739153389
2975 -11.51730365732383 15.89609776128188 -27.708593002633
2976 -9.345231796565908 -33.26346340520233 37.80128395176229
2977 -2.089468899909336 -6.881034828824141 19.76434049224459
2978 19.14066770846614 25.05347452534879 34.14611168317558
2979 -32.13658970402314 24.82566407198129 -15.78566309354152
2980 -19.15819151764868 28.00522206142793 -3.033215880124921
2981 4.156718919445457 -63.4434391851 -6.752756352908353
2982 23.29508557050665 -23.06875260229389 18.68113631344969
2983 14.5447726381725 -7.521060894958135 30.80182429156947
2984 -11.51091825231325 -24.33216154536183 39.39814956586367
2985 -0.5519363348323956 -41.06676269954403 6.214300576610306
2986 -15.78381213410512 -5.623686897285538 -14.01739513575104
2987 -5.435456679300819 -33.09862982773472 -12.20819697430045
2988 -34.68010371822817 47.51346042093019 -34.09456167337116
2989 14.85570806506158 -35.08160566121907 -11.75253704522596
2990 -19.55186031644805 -4.267575511618688 11.44185651771108
2991 -31.90129921011862 5.522756813348007 6.93212252221287
2992 -45.50032264635603 -4.923774715867638 13.66079560299652
2993 -26.13745041118496 21.16095290474545 -29.05743235916911
2994 -27.8613983400411 61.60739899172629 -9.716878536628153
2995 28.23135914184425 5.682716530743061 28.11873996816917
2996 11.00632653057648 -9.541327431434039 40.96402323204765
2997 18.85949302085427 23.93720761976606 -21.0867963741359
2998 19.1015337303629 -25.54916952971125 11.47250102591906
2999 -5.377139209550366 -50.95547515518403 33.53259013245607
3000 0.7966983446732159 -49.65853307421705 37.70290327838529
3001 25.27706138295941 -24.07923812587222 24.96702889275691
3002 -34.08418937235759 -17.20770038000002 17.35311667991383
3003 -1.731474784541287 -3.585032316389754 2.40971990281405
3004 -11.09693968740844 -42.47304488433026 17.83500211535463
3005 11.62677764209295 -51.50529796563843 29.37039772520831
3006 35.09723642806855 38.50021512570456 13.77867912449024
3007 3.676488684983672 38.18318145391485 -46.42699524846981
3008 15.15653914119891 -46.40679044787666 34.45084703557092
3009 7.154520377472874 -47.84470835185697 14.44040341984063
3010 14.97730320715084 -43.03361876331041 15.82353512064548
3011 43.16051091460633 8.250108629692859 10.23297886896294
3012 38.5318405061721 -8.661875958720533 27.57617951707596
3013 20.32841307664062 -19.91888435701268 42.88337032040369
3014 6.917546569436 -50.11884913542493 34.90634009202352
3015 20.01360373012989 -34.69621584099002 12.81633628635219
3016 12.53598003718953 -12.26523478894588 15.41466549653601
3017 16.33946040414838 -15.71503236043938 19.48271702383775
3018 -43.59528577483192 38.59372396262274 11.61954381982557
3019 14.58889789093246 58.02744434080612 15.17884572325169
3020 -33.97931752536794 -2.07268866325159 37.34352020160439
3021 20.66416934206414 -15.41882541974445 26.02271711479545
3022 4.560030261740804 56.38306693606997 -42.01354141120744
3023 -7.97288175568305 -10.30771676641507 27.20506538547867
3024 11.81338838070453 24.43530803226989 12.13879932288968
3025 2.207256071200212 38.81820235925733 8.025274171723817
3026 -3.658043565783629 26.92466721974868 -11.04459244351343
3027 -2.14052002069274 43.31048829395341 -17.73477555906346
3028 -42.79204175750777 -30.17687642432261 7.168494975023209
3029 -17.67379124779647 27.24013969778351 13.42510915284195
3030 -14.32950914871333 -34.95640406028722 18.6333346746701
3031 -18.178701838803 48.44746475827689 35.20772805774666
3032 20.44917115946678 -0.331528071768318 17.84014883975016
3033 -10.43994481437939 -20.47468500211914 35.31931884812987
3034 7.623203507166048 -34.31803419491902 5.063738658278774
3035 -11.47127924348759 -19.79966848122055 12.86456142452794
3036 -7.536005988955294 -30.01630088376234 7.516391749859103
3037 -2.788816290801466 -45.05884622565162 42.11541431030064
3038 -17.94764175153145 -28.81553917477538 36.3352158554133
3039 15.02164867364531 66.27635706575606 -2.797780099974575
3040 13.15666593466219 3.971329327778836 -23.47424583081927
3041 13.67540937671755 -63.70249520208769 4.431615295491111
3042 -13.56487584589438 -22.63739885290219 21.17579932651809
3043 -15.89377984604146 -23.70463104662707 27.93793852730802
3044 -19.01881091904381 -27.02480140018885 30.91092360071639
3045 11.94674329199375 -7.575485796679913 23.34724947895324
3046 -32.73567433017455 -47.42929607071861 16.29966017854539
3047 -36.11688562779218 -25.52382517950191 -15.28396063144222
3048 49.73072387401471 37.01534350596226 -7.142234576413884
3049 -13.82670180152674 -41.80666070830033 -5.570194092012926
3050 -31.83932124576236 1.98352603096025 -27.88671151267351
3051 0.2042094404245943 60.81059707200551 6.675759304878719
3052 4.389519389672276 -11.13083522094859 -4.913255091020353
3053 -3.993454800351459 -23.30604518437772 51.5939394527679
3054 -26.71637541398607 -0.6025907592879136 -5.459841035532394
3055 -1.192289887616841 -12.29117458807484 13.52161985061461
3056 -17.52956855016241 0.9559078281206981 23.07986453453005
3057 35.02731769918775 -45.49872545638934 5.123316080349302
3058 5.016842568756833 -20.62023567721748 -14.51458077550483
3059 -36.67584623838316 39.25041413375653 30.2244213532319
3060 -5.887222367947668 32.4621845207914 -33.3484661710317
3061 0.1973933683044908 -52.65035102072065 24.77103314170721
3062 -36.12401533312153 14.54741645989429 36.3057701279002
3063 -16.49179049526282 -57.57073105995081 13.75847347162237
3064 -41.37524273403134 -9.0910024352455 26.97104224574665
3065 17.54646518235803 -38.53492242081999 15.51251506139856
3066 -1.841279208792783 -5.406990736297266 29.13609139016877
3067 42.28767223817085 14.88596083408375 -12.94730751471437
3068 21.36252376346275 -23.03747955028055 -17.49737916261391
3069 4.472609974822581 -39.42880568885403 6.905884106566821
3070 -24.34989902421344 13.99798178862857 -3.344106908795935
3071 19.17205894122711 -42.41747400028797 21.73721498163885
3072 34.27896581869351 -14.05757062829834 -36.44240332506064
3073 -13.45534498942006 -32.24123078221827 23.12429957051345
3074 -2.315113082635392 -20.28063794960138 8.046977503029783
3075 9.990914151303507 -38.74593770504171 9.030304788984157
3076 -18.33147870301048 47.17324796134518 -12.34790781954085
3077 16.09735940525237 -46.91630677111715 27.60811576156991
3078 -27.46879983505186 -12.47266602966874 29.04057707611832
3079 -47.19385611545953 -0.316300515749764 -25.80978198026269
3080 -8.509381136246338 -17.48943732677525 43.25352567870358
3081 -9.010854443061982 5.307758551403699 -19.14750353827073
3082 37.11417362171851 -24.45972438610037 -15.44340450295764
3083 25.00101916113874 30.93178054542982 -32.01008743409326
3084 47.22017577257373 26.02544509058636 7.795388586428839
3085 6.482638389296267 -49.65941283428072 23.17394709175789
3086 24.4416203078353 -29.73713395456009 20.47998384836817
3087 -14.68605670209061 0.03232754537870919 46.39083662717346
3088 20.76091857400247 -37.2308059348566 19.81852126643596
3089 16.21940856107508 -31.38429942201597 10.21609199159919
3090 25.00792818259725 -28.58049546436761 34.82666282566444
3091 -30.40673948729319 10.9903627950152 22.51464779616792
3092 -15.04273657475269 -21.36071101778438 31.54047865103275
3093 -11.5059466826037 51.56270532237594 -43.15498773149334
3094 -53.21088994871567 20.3897481548782 7.352635900680051
3095 -34.52498108101782 32.13902589282711 -27.89742210383446
3096 -12.34050094268238 21.54563548437829 36.18948044089038
3097 4.998667718973528 29.70225516862556 -23.17093779933777
3098 -38.99536005900175 53.7674936299652 2.497359940971866
3099 17.86495330524172 -48.53135220996909 -9.295274535911082
3100 32.36884673975797 -56.24722119654317 -6.953626226069689
3101 -18.13085242133203 63.75653044677738 5.969105238859532
3102 -9.303615253696414 -33.84032057725668 45.7250918547649
3103 -0.785289127548907 -9.975648705450869 42.7295577102344
3104 -7.188417367474509 -53.26692395843087 -8.439837433879887
3105 2.309003021162197 6.802422944509627 52.81670773124942
3106 12.15297482146912 -47.53705104291612 21.6720921285281
3107 3.47583349632293 -44.87753389352083 11.82549418077957
3108 -8.56608199320374 39.35937476739283 -3.14451882404247
3109 11.68493345376708 -19.77128485931309 48.33122688950225
3110 -5.95388397588259 34.24498226429888 19.88338791131113
3111 -18.17901569977581 4.024971550465489 -27.00530443512827
3112 9.561807313814775 -20.27000946986871 8.516178392033737
3113 -27.56022919687238 -24.62876675395565 0.9577190677426799
3114 5.477762213561337 -10.87337814803585 44.40612592139345
3115 20.62932788846491 35.59703559749337 4.951626056208672
3116 -29.46404802964402 31.79766828668149 39.93863601279024
3117 37.48180796851375 -28.61705028852099 -1.23111404267375
3118 7.610728844256474 -27.26313302147821 5.764749163336575
3119 11.6624125605737 4.318633694039922 -10.04768242518213
3120 -18.72411752605975 20.4140905335961 -14.34272777732225
3121 -33.57706589214807 -49.47800191738524 1.732991149886489
3122 0.8031428545583399 -65.1974076123511 5.706472864250553
3123 23.54921385479908 -2.371509374364154 -6.138537980826323
3124 8.903542808205806 51.33677739635951 29.24633691625784
3125 -11.04210344787359 -50.17732885039069 8.89862351713742
3126 -10.7730124564929 9.92421591663582 4.984262115475127
3127 -13.38522279677899 -23.11484763589475 35.56443598347842
3128 15.91798556279142 8.294265660193773 9.098509905968122
3129 -1.038431595648835 21.40123332848871 49.24026253941797
3130 45.31039500443588 0.6773319217955081 -20.24822248599182
3131 1.389723642818779 -0.596092177536665 -23.1939071203734
3132 16.27426934418183 -38.27890997763392 40.33665693977272
3133 6.143105467615019 -16.07381792234177 47.53191431418861
3134 1.555074670711941 8.858021925310279 -3.968122013903232
3135 24.07383078686444 40.06061833864994 -53.78760773136646
3136 7.365193035137051 -4.601528002585875 25.78989195045555
3137 6.734823436014461 17.19119892194784 33.1915478353425
3138 -6.066038263005966 -11.22255078516752 21.33470346419421
3139 5.145056556879748 -46.6605470284309 39.30154693972956
3140 -46.881038235364 -18.46172595781753 12.81886672816037
3141 8.414959078454707 -14.8539846311595 12.48664544512606
3142 2.44219540624642 -15.72975091168344 9.489536628510979
3143 -7.879332474171801 4.600473910661117 15.49468293853851
3144 13.38391630935832 14.77011224896308 -29.21853212475469
3145 -33.86254491172188 12.62316045616685 -22.28546488930721
3146 12.86139415555262 -46.38901882596929 0.5719121811285168
3147 -10.02412415582209 -18.45976441527476 18.27708129673355
3148 23.60350356928953 -23.4258313227156 30.72658824378881
3149 28.73757562761462 9.287463793928154 15.08849664180847
3150 -23.05392639269071 -37.15501724783368 5.609984031668652
3151 -17.83412595715181 -12.95933845107262 18.32716684762351
3152 24.14234182570332 -2.856998868791127 -28.34031988056027
3153 -4.952434383677177 -16.13741365084142 13.43575709810225
3154 -4.178755504952689 -48.63150961086011 22.39578250517981
3155 24.67533153651245 -30.75999607942781 26.55152364516838
3156 31.81306684504327 -3.023122333759473 38.61381621940627
3157 6.885408745524087 29.12022396658611 24.94731963234629
3158 -8.214788110307509 -44.30739465390802 37.03981317788951
3159 -10.68346751392624 33.61120927450256 -46.52342717696387
3160 -3.485168776589092 -12.05937362483104 17.30462095703295
3161 -7.972961975280339 -7.83687363167062 -5.617228950644784
3162 -3.777664205234219 -12.10014805768891 -16.48125251249289
3163 12.63889667223372 41.83650383504315 -19.07406239851214
3164 -9.492235920880756 -28.29383423651073 44.92430188971768
3165 -0.04513862232732402 10.39091621893227 -29.7864809281978
3166 42.82461848438888 -15.86763835647812 -5.833286070282606
3167 -10.04284083393257 -29.15745637560083 38.37767625963888
3168 1.667708512184201 -41.97847747388701 9.604366997687674
3169 19.4318135764314 -22.78655518105537 15.5734182068067
3170 -13.75227822891166 -40.50978966642156 5.428466421999219
3171 16.9321495545151 -13.82585454097764 28.57191160567647
3172 27.42508995933438 -53.03849772378804 14.09504698282314
3173 20.46616611707284 -27.47866607483981 -2.395037904805412
3174 -1.418289997729638 -26.4477557346428 6.164296830831996
3175 -26.556490263584 -14.86954307373171 9.371608372243589
3176 5.885941853852726 71.10922744867733 -21.86409302734228
3177 -24.32245585875423 41.9185957380044 -26.06241514885209
3178 -32.8345280764348 28.37022477232675 15.51617869640004
3179 -30.58065879565953 -13.39809433564744 40.97697556846565
3180 -7.353605021679773 -23.2131291680544 10.54327336844562
3181 36.9579878908781 39.45403730729163 -32.58588278061682
3182 6.74134416707733 25.58617956084545 -47.4603309919096
3183 27.05657471610841 50.14832271175105 20.61834323353528
3184 28.71655713341679 36.25302209633358 28.16922360388768
3185 -44.16318793114007 -12.98947462719681 -9.833011703163869
3186 16.96656909791274 9.130958812902094 33.69785921280486
3187 20.88192243889825 -18.88463124391992 22.30611856084669
3188 14.46417797985295 -13.26947457050765 -2.994178370028059
3189 -11.71484288208838 10.9370652971453 25.99613112648374
3190 2.545922399577274 -18.91121171890563 52.32872283849338
3191 30.31485835886224 56.45805671835089 -13.94724449741131
3192 7.051064266965291 -8.665029913950217 17.73340175154987
3193 -36.69518891915089 -14.12631774774498 -34.01038021618109
3194 -5.778401395386846 -9.792254821097584 30.97319696821923
3195 20.46417730632533 -29.49212277205145 15.05940659362868
3196 11.3209954860496 37.91949929297936 36.59004212219794
3197 -27.72159423253906 61.50873065451029 -26.91561298887174
3198 -43.66131019302912 27.61391185109308 32.02986271604721
3199 -54.19474267955827 30.48753519354491 22.22585387571199
3200 42.46070567602241 5.154149729801375 24.56223900013081
3201 44.76580924778543 -5.34132118401716 15.18977060886219
3202 -11.78393793011368 -24.41609544623078 16.24407795453494
3203 24.82916756185793 9.552838496856323 -25.68984295470959
3204 -0.9682039718221214 -37.53234657057202 -4.543839920461397
3205 -5.318140191289356 -29.10644220419468 -3.114651890507116
3206 15.07307983195787 -43.5977169573543 24.45137704060569
3207 11.63347568366216 -32.07218331416347 -2.798973149268331
3208 -32.34489548096901 35.92515354358605 -2.247597673930509
3209 19.40275686055016 59.68047230804675 -43.6403873419037
3210 13.88263538820978 -55.47096440033442 10.44360352672275
3211 -40.14157033134241 2.739446870628194 22.34594467705134
3212 24.17040004562701 -40.368984701355 4.641476174011439
3213 6.715781310721672 -49.28755141327603 28.45388965221653
3214 1.40982795443775 -48.8837787859734 31.20559220509831
3215 -21.39460476343828 73.06729200577558 -17.93201540112188
3216 12.21163308175207 50.1836896968656 -51.35497081387616
3217 -21.89737999828482 -33.16775128456406 -10.00535864083904
3218 31.10493156433384 -3.664002029715598 3.307266503911675
3219 -11.73051312078871 -34.1018431440954 25.80421407334262
3220 30.20165460359956 -13.69710491569217 14.01388035426867
3221 40.60516922559844 -19.91024440363111 19.7968581374604
3222 -22.3285353130013 -6.468921846972938 -23.73713794415465
3223 41.48338337996311 47.57191937926666 0.5474196990036598
3224 11.07996741180392 -46.69581850762929 38.74811562868806
3225 9.080808361284241 -42.29357093454867 12.09136920141508
3226 -28.30398421868322 58.50754915694316 -41.96481782578088
3227 -33.38127630764996 0.3987767621257188 -15.76957048914587
3228 -9.352512045810206 -15.39970298816291 26.34075897581515
3229 -3.564306230227128 65.18307780871147 -32.41075560748993
3230 -34.28419667836186 -6.959121887403208 12.13905350255703
3231 -11.77414516091707 -28.95313648143329 21.13732761579202
3232 -15.68547324021325 -28.20987686970075 24.0486904386009
3233 29.21713633376809 -24.52893631729322 4.46233408722135
3234 9.769658824269303 -47.98339330149901 31.38151597816697
3235 -7.158547353119904 -36.41973011200594 9.343814365761371
3236 40.95857909196945 -38.79312971148649 -6.469931192119956
3237 -47.457202436914 36.35369316624135 -20.61460202332339
3238 -37.36515449242626 -20.27827034564016 32.26510575465323
3239 -51.4005752401353 38.60790483955453 -2.887199042268548
3240 -21.81292746221831 44.91010115664157 -42.22631841090915
3241 -0.1581992389355134 -1.185570527352442 13.89081462403491
3242 1.619363000734308 7.992589132072471 19.16110787938814
3243 0.4516309755861798 -34.77146618877198 4.551063747508562
3244 10.01261662505093 -6.995943562449066 31.36785947342874
3245 -46.65937386449901 7.140164417728911 4.832176072873757
3246 33.87675641998109 26.6117572619861 -20.35845291692727
3247 -13.77528478348619 -22.20798875258362 25.46635712279519
3248 -18.31478825421928 -49.45111960431064 19.66515826439722
3249 4.414233095213017 -7.370183228242321 30.62616753615549
3250 23.56772725493343 19.0506986129128 7.738626226871956
3251 11.90899851176567 48.46973465711293 5.399269749600973
3252 -3.071353054711892 -54.48391872545267 6.171640562617288
3253 -37.16763212526225 53.49328553029893 18.98022829438813
3254 4.768136918637488 -42.6207911910483 42.61092566981371
3255 14.16771901383297 -12.37633989126687 20.9612726493654
3256 -4.711381853738458 52.86241044090244 35.06471573382071
3257 -9.212267542313841 -23.2000399885082 37.06624568829521
3258 -13.01508479480643 -21.75744015527304 -1.588546915932097
3259 -8.668941969099651 -13.12080522986435 34.93528871574149
3260 -25.27932699438251 -46.45726461028182 -7.040573137475747
3261 23.05309239778227 -5.074513913626945 10.86242588006952
3262 -23.38099579200885 -37.12868975589448 17.66551073551506
3263 -36.42687447274832 -37.81282204181809 22.47911459850452
3264 28.35357966956022 -9.160395121916258 22.08419631183681
3265 -24.15690453184671 3.061850620873235 15.63354410219939
3266 -12.15556499911399 -11.576823070193 8.948611818525222
3267 -25.85145287065861 10.44678751081167 -31.6298580768205
3268 19.51548453895944 -49.61255828968393 12.93167301864501
3269 4.121725499476768 -30.10354812327008 -9.62960156507407
3270 4.968713256021668 -47.42834241479061 17.9135923014652
3271 -9.788753599093504 -38.55390400277628 15.41987571264765
3272 -9.014945651068555 -66.61225582607608 12.17011093416238
3273 -9.812811986783061 -22.60706649950175 -16.40229258596366
3274 -0.8634522422099007 -50.06193239159615 24.4440792468292
3275 -1.632955310129519 1.319459219486435 35.36007298176141
3276 -19.72869684713914 13.89747579667593 46.41647548747351
3277 -7.096799280989342 20.05922928687714 -38.55512959823881
3278 4.619682514602319 7.036869630067689 29.17024775212232
3279 14.39906898089579 50.16613999283398 -8.132741042725769
3280 -7.095772758824801 -46.97747694650827 27.23312369712161
3281 -1.67807214311049 -46.9167721700573 17.07281107975295
3282 1.179215459737005 70.63022611652772 -4.424813399655733
3283 14.8810221527845 15.02161230302548 -14.05875838401896
3284 8.48822977056949 3.444619830437885 13.83787156461037
3285 -10.32150794905933 2.006222932594909 -8.963166611660075
3286 19.50858161860818 -58.11374645611937 -6.498251983603019
3287 -9.457733094893987 50.65871552086227 5.224976917597284
3288 24.94489912452898 29.55864283208592 16.61192705371445
3289 -28.0803144409189 17.08100790403853 11.33225054899723
3290 -38.30204085734694 -48.7672952596653 -9.603321401431353
3291 -16.0272362847453 -11.73896545439517 48.42122261197401
3292 -15.01541665666138 32.29399575757522 29.16376433500911
3293 -15.05826474156376 34.1335174694646 44.23810127506887
3294 -4.490418450108026 -40.69552125959049 9.502988592833798
3295 -34.54452050388254 -38.62837684377455 6.839300854185872
3296 -21.2150105599971 -7.136868478512852 24.25349678611995
3297 -26.14062873630621 36.55551807876873 -14.04089804735104
3298 -22.15794157916601 -11.1970596943168 -6.155229666100366
3299 4.944594738762461 -39.22415943840657 -18.11669644070009
3300 -7.886038333217836 -65.79375605904183 -9.628269722549351
3301 33.04539298756941 -1.426700921522217 -14.60233129272902
3302 -32.67251729573231 37.03808022443303 -39.99181524948686
3303 28.02046746994578 57.86824421509635 -29.80814836813808
3304 -7.212853679518647 17.86450854321948 -17.20663901615418
3305 15.97909993749631 -16.68332193506205 6.856815756060314
3306 17.62808967889398 -10.5627715419261 10.47246989148576
3307 -12.56502118836611 -30.58530252083252 15.91714881036041
3308 10.15375186801549 -56.83138669358307 -15.80589884000361
3309 11.39512316243202 -25.96218721080453 9.266137267473029
3310 -16.36866969203565 -24.72108262622908 32.18937648841712
3311 0.5293957499018818 -14.65243304715806 45.15697703409217
3312 -7.79139170336728 -14.57332645370719 22.73042237665721
3313 29.13927006206563 38.63965234483866 -6.283351825013899
3314 -41.91785244473294 -28.72997335161158 -4.972395958521014
3315 -7.735196092772105 15.5183354298378 13.98327952510509
3316 -52.18200550622337 50.52558573485491 -19.27748171575905
3317 -18.55761243125756 58.11194306146323 19.80492573680323
3318 19.21487913932466 -37.90337344888103 32.09907378236621
3319 2.853561475961207 53.87270280839923 -26.18384583106323
3320 2.847655816994278 -7.748519397795153 36.43947834296906
3321 -39.71116914767416 56.87424838310848 -19.66715935178258
3322 22.56797155888961 -35.93578871141668 25.34342517766024
3323 1.24042147455508 -14.85639548421778 1.538646952230837
3324 37.8891191370243 -23.48637958023172 -28.96966701118974
3325 21.21900966873105 -0.2257642876158474 33.60768543723047
3326 25.73643453806078 -33.91256012317739 -16.16038732202728
3327 -25.06326800636191 -4.531859024407145 45.4817527335296
3328 3.339116902440464 17.05608434071883 12.7191709271429
3329 12.88502462995195 -39.76792625343583 13.42405500158963
3330 -15.89669812156236 26.12227057422822 -30.50853421669452
3331 -33.29255913011364 11.0438234490796 -10.54781453987142
3332 12.70561862911603 14.45763251885512 47.42305806349628
3333 -5.801073419017632 -21.69642054543522 45.84812165394643
3334 16.73643055100471 -14.99940735459269 23.52218880830194
3335 -12.4741443624387 38.57696798488136 9.355081751137142
3336 3.819078822013512 -12.02439866102458 15.76983519872033
3337 -22.97931906375288 -6.499870216408112 3.036584752729098
3338 15.57870582750764 -22.3990351128923 45.26938442725191
3339 19.23838686737886 -25.83993977940116 42.21563767286025
3340 17.01640206257984 73.55246191009296 -14.24362405024547
3341 2.662042668317667 -23.83511812599298 7.955179184557712
3342 49.23533565747326 26.66490686278841 -19.00339958578836
3343 -14.86573623289842 -32.12246021931755 26.82111010018504
3344 33.07984215480184 35.49649065234479 -44.78272721246151
3345 -13.27361144544425 -22.55025036037189 6.38967337874937
3346 -20.95838165822681 5.646139636936081 5.372674343836452
3347 1.256524874448752 -23.82445921463397 -4.405172753290268
3348 19.87219035574729 -18.62060975628129 33.30168042108151
3349 -21.94266668937961 -25.04991014213051 8.24538853915104
3350 47.87012187434807 16.88227762346613 19.84421084999311
3351 45.55815858696506 31.32892986837461 24.49073675236036
3352 -16.68369109803126 -29.28692292642324 28.2083892600923
3353 26.2169350787961 20.05762225535242 -11.54825232746342
3354 19.47217860234705 -40.91228999714493 -3.699701837051287
3355 -25.9000676249796 -1.370964771502402 31.20230036561743
3356 6.668835913430295 21.95113590224193 -9.910454970570648
3357 -25.18520779342381 -16.96723826618808 21.59836921640333
3358 -10.6720193352767 56.94536677184242 -6.781345126966163
3359 12.73310171448952 29.94556496114779 -32.77165302926176
3360 -44.37369243154176 -17.51010723260822 -21.63480523542178
3361 26.52146681004911 -12.84150149866109 -14.35199057098945
3362 17.79920061356405 -19.42585357418356 17.99439834730199
3363 6.689403645072327 25.83211813600694 1.412228784595645
3364 36.7196394430217 9.146232083749613 -22.60381975115904
3365 -50.08850864349181 -6.355037426274601 -0.9379943202672126
3366 18.1511488358982 -41.22978156482125 9.291881436941694
3367 -18.949630741962 -33.29294846591704 12.86059950833012
3368 -28.21450180703173 -56.74867619541048 10.09399307752588
3369 0.7487249284823729 -51.50197710945228 12.12349542594143
3370 8.172420780720827 -54.53415557032923 -3.579964516345616
3371 -8.295199720359642 -44.54946673759045 21.21522216933731
3372 1.588779508350169 -7.661652611368903 24.02232895325079
3373 -10.99855649018887 42.26103127367961 -26.90507058111963
3374 -11.41861586182065 4.267143834931408 33.87506734880089
3375 28.66421001977249 -36.24445018049641 11.17689341901012
3376 -7.140787665619261 -25.03034696616816 46.21675142356335
3377 -20.84259804026845 -57.03686722975154 -3.552669301558582
3378 -12.91888804941248 -2.442881643420933 16.85646265326782
3379 24.52666613878247 -61.03289261499648 6.543524000764959
3380 -42.11045716860258 -25.94059647100207 21.92201769128788
3381 -9.276622309094162 -14.06091176615125 0.4647537611676196
3382 21.59045975741375 18.13681304448802 19.89313092295516
3383 -13.48873359199224 -14.88187035143458 -7.643652595049679
3384 21.44621851810328 -26.57336997209196 17.9971901497758
3385 47.14380813501106 -9.018767000279198 3.575073677763618
3386 6.11911015712326 -9.986573828833205 39.94019290946698
3387 7.378151454380949 -12.16186184487651 41.3552700679428
3388 14.6301473766912 -21.58859528526788 11.74845625595344
3389 16.71029401399425 -43.31359387196498 30.60204840702238
3390 -25.77453628051361 -20.11958131468702 -23.43499267981662
3391 8.346972443557856 8.396407573776649 -36.90693984251302
3392 -11.71174043048569 -19.74356307039162 28.04281664575267
3393 -17.75792184106466 19.34422260965334 4.751761641161131
3394 19.72555107392992 -34.95889825726199 35.92265529806032
3395 24.23284487547072 64.02384473256978 6.090374990907541
3396 17.56215732758442 -30.49556921792166 13.44405968804113
3397 22.30064090675133 -20.14939421653799 27.31263082676212
3398 -22.3001369790102 -25.52869628541477 22.31553854248229
3399 -15.24902948049609 21.17921401067311 22.6848331959417
3400 -7.73963025358992 0.2513585586054345 7.733951665478626
3401 -51.261406727608 6.004408463643633 18.48462491834078
3402 5.588735428599178 -1.815074970041089 7.135786796978783
3403 19.41322451524708 47.07730251021223 -29.89902541548697
3404 -1.010338759190948 20.77810867454329 -25.9554589704511
3405 -55.66780942257044 13.02282057713245 -4.907467696033867
3406 -31.43378835649733 -16.18641957873337 -10.62010146810654
3407 30.2287269916147 -22.56060806153938 15.07606572473858
3408 51.57033156106043 8.201871604004314 -2.653899872843991
3409 21.7441270470359 -32.98529378807321 18.69530438503107
3410 45.84903984687477 -12.59007373253923 -27.23714188496316
3411 -13.2554759952529 -28.38511867789164 -8.752763507769044
3412 1.872432472116585 -47.02759239895101 6.585984902399228
3413 5.643664855770865 -59.40157559636319 12.18651035698034
3414 2.276699077937828 -65.90236658014651 22.66189387655644
3415 -46.53803213080124 55.26543451275249 -7.883430765445014
3416 -8.990971515259943 -30.76240041934838 11.81964532693698
3417 14.54181760988892 -42.66459599327179 37.47853344193209
3418 32.01658207439225 -44.38645113476579 15.7902134041559
3419 2.697408670615031 41.02850596611109 26.21531284112179
3420 -30.65284424172472 26.39321209558963 -36.3609751329811
3421 17.78597644655936 -20.49307496471267 -8.730628320154256
3422 16.34732160951729 -7.488956457877308 17.89123039189665
3423 -2.068099672957572 18.87857708052631 -4.236971007654473
3424 -1.080648040134829 -39.76476326282937 44.46309582175495
3425 11.05586803302223 -32.40129269244874 8.889989821554524
3426 -5.005889550511892 -27.54464664144533 48.77884659498703
3427 13.99754322660692 -11.148867583081 25.09425110826543
3428 -13.9137043443814 -32.28901832356122 35.56025539061259
3429 12.16052717004157 67.15695994693121 -32.56465628608161
3430 22.18207646297634 -6.055723532115735 21.08746290213261
3431 5.4414687800079 -40.75146103270227 10.39442684299863
3432 18.24842355491399 25.74178787516086 -1.172555186749629
3433 26.30933068235758 -18.51389097166489 -27.0708438066015
3434 14.6133643056511 29.36899893348469 -52.00215616696855
3435 1.287370583806149 28.07886356322732 13.84081951215107
3436 -17.52083743413366 17.14371217521974 -34.67908975522928
3437 -6.26179797191607 4.008792952009772 -0.7400551772438515
3438 2.793267983765022 -30.71654908251901 6.573549924784483
3439 -48.42328417035832 14.28002135105035 -17.65794955321968
3440 -43.78837306097921 25.20115631915688 -21.59993357597027
3441 2.639497507753603 41.32232877570066 -6.923024543562727
3442 45.99340102012398 39.73465996552056 -22.50827691141777
3443 23.01693646269922 -30.37080912168368 30.81705791011509
3444 -23.87157251552886 33.72767990051267 21.2940007566617
3445 -11.86748707894894 -39.49948906778608 22.09762989589451
3446 -29.86587378682686 48.21100507750404 -6.160733865103676
3447 -3.466258103532814 -9.412406391647771 26.07697904454145
3448 38.12690011416296 14.13236835753163 -0.4499647695286807
3449 0.6739686907119005 -50.77715094466168 -1.194542220487344
3450 -34.75983588997857 -23.36129417248776 8.694385794641207
3451 -43.3944008883204 -20.03096965147987 2.146135691704457
3452 -37.00408196111584 -36.77182405458334 -14.93598759337315
3453 27.33326827722122 20.0372240357028 -26.55775548890661
3454 5.084443235841865 15.3065504510272 -45.33050689031567
3455 36.82138083349191 -9.350813733607255 18.60842742319737
3456 -10.11817635967765 52.68590440639512 -20.02510164745819
3457 -1.580692304247973 7.827462352592124 -13.22656090720457
3458 14.17489806106926 22.59173953370208 -40.39058681990741
3459 -7.64896788090251 -7.532983414986836 50.4450910577369
3460 0.8148398711259808 -45.6435429462073 37.31471546257908
3461 3.370506874551734 -46.62805308817807 35.01090046486213
3462 -31.72550019359065 65.75423583227801 3.120308748254594
3463 13.60372673329356 -10.58353571125188 35.73913380605084
3464 10.10261812681131 -40.30352844648522 -4.889174968573433
3465 23.23310305646994 -16.92806868728848 17.0876713127752
3466 -16.50181666399519 -14.57413532106623 -19.85564007094558
3467 35.48839424650686 -2.985563617104669 -32.10147455805319
3468 -0.9360638803505417 -16.82215110507725 11.95296062004408
3469 34.60147598272093 47.00804577457444 -52.17391575486547
3470 6.115106388139077 -9.876473725852247 -20.2579117532411
3471 -10.86416358921067 -34.91520122801709 29.98755287928488
3472 -10.78228570834749 -38.93057025351887 27.64281423720388
3473 -1.573870912779045 21.37527370147426 -51.48419597421315
3474 5.171108841969932 -2.075812980867825 -3.483163040907352
3475 -6.387070785133752 -43.60779011500038 -17.63736892793694
3476 12.87900071354045 -17.87923214407687 -20.90926956219932
3477 -9.191779127086008 9.872078303377601 50.7462626489969
3478 26.76844363333393 67.52183220773459 -8.168277614990645
3479 -6.935152009338383 -44.4021024852897 15.94364604589313
3480 3.197754297574325 64.01507170642934 19.5347573920576
3481 31.31883363590138 -9.543976140496692 -5.501651997803826
3482 29.33839397375397 -28.73061051121233 -7.808186587266489
3483 22.10399998941888 -21.03713358455887 4.340016176519674
3484 37.33265013264989 -35.75648878644541 5.955566812689826
3485 31.05351611486512 17.56378234983497 35.18785440809385
3486 11.21384843737594 -47.28139475829749 26.09130131917078
3487 -20.09947886988066 13.08407951241423 -24.37493106866877
3488 -8.545749368660214 -42.88011889585861 31.77907864163516
3489 20.90849437183918 -58.82229500567895 17.7083605803626
3490 -5.176094618640833 -14.64578436377941 18.36176007224146
3491 18.17697385201777 -35.17585341108847 16.1093795704858
3492 33.77718839688473 -43.44050670653562 -13.38640930433571
3493 27.36746812727585 -32.70723771077284 0.6938645242062966
3494 11.57006957004654 69.90696368859001 9.193284677346947
3495 -4.273943042954769 43.99983027661323 -36.9148113077337
3496 -18.65805301757434 7.547916962080672 -8.485691459032637
3497 -26.21528293740269 26.92159513931788 5.866785383983865
3498 -11.75083590666529 -25.54037468413336 20.7514064656515
3499 21.75291182661943 48.24651583439199 34.48053037474254
3500 -2.097663119249454 -8.05310034785963 8.394544054130211
3501 -18.44999883144425 -50.11920618879657 29.48793277230332
3502 -46.4440092093034 44.65226844555098 -29.23693523882937
3503 -8.941436661100793 -34.41024786851873 34.36029095336513
3504 22.43219228872902 -2.57766271769454 -17.02669983595424
3505 -55.28984813334037 35.62003928940696 9.421190159994335
3506 -38.33487254360347 -1.309630031537997 -1.17707518999328
3507 33.49042724497244 -1.267723200396727 24.04794495512457
3508 -28.82959518519652 7.387549700003018 42.38643361898041
3509 -12.25996272662603 -51.91711195159442 -0.4348106148180944
3510 -0.5894274806230849 -11.44516716617023 37.46521044569677
3511 -0.4123105170251285 -8.75858030182682 32.76385151833648
3512 -49.33242951150687 17.76430274538239 31.49788795238612
3513 8.51329322955503 -7.562511172303141 35.53244065568994
3514 13.5772234964813 -1.841619652650573 36.45665722495038
3515 6.785778446789076 46.4402146990168 15.98331578422195
3516 21.84839961515016 31.15637948315405 -12.06024416847533
3517 4.601596954264805 60.78679894614942 -12.83526865636924
3518 -12.86896984815732 -2.743187056401881 -22.71382023969
3519 -6.580244415446367 2.630254882080235 -28.69007579726455
3520 -23.48860353066637 23.45867131922051 50.01259822100872
3521 6.443190796650397 18.82343629313445 22.65477982659956
3522 -28.71937257996629 50.88158037079849 -18.40337919086107
3523 34.87060191355459 -18.58255950810912 30.33497272545666
3524 -2.66110759925804 -37.70417313999472 7.898618379105244
3525 -26.97411224817188 67.45226163493291 16.19922400885499
3526 -14.06123530810327 -27.12427395590451 36.39464552058641
3527 -10.81006929316756 46.02845222809897 -52.26224887153727
3528 17.58439420869831 6.379750703464982 -1.748061104697037
3529 -10.02480228229931 -4.012839286282151 40.42762773054427
3530 -2.655678597525962 -45.26513779174911 35.01423181545739
3531 12.67267026790349 -41.50643195244994 41.94597159740921
3532 -17.49290008931366 -2.924388497337386 30.71362819264739
3533 16.06173045230796 -30.56565907231657 2.956105929309321
3534 -29.14400474955536 -36.25446598157595 32.80688206309086
3535 -4.213971184493359 -12.39879219039945 37.71020782630127
3536 -40.07949590890289 49.18392001114045 -43.43484007313912
3537 8.452659862680305 -35.27164363238843 9.462855664523296
3538 -5.003520104151823 33.98753152958081 -22.5952745652989
3539 -40.6613316511896 -10.70296807597404 37.75010743897371
3540 -2.640348203894864 30.63435451331183 -0.990636837847461
3541 -3.5949654514089 -14.22940433022408 43.36195957586961
3542 -12.71686189557188 -34.30281632323145 33.14626945374044
3543 9.356059315286172 -29.35656581437618 -18.94991298682655
3544 -8.372803987120173 -24.29762955984837 41.75583754942124
3545 15.31865495522793 -39.26946364435246 17.91342995573869
3546 39.18608442377066 -47.7956261003373 -1.210237595789132
3547 7.562604467618431 -71.72534311924767 -0.1975086735545548
3548 -1.957200310967444 29.11392228354956 -42.58177599248107
3549 -25.20248551046759 -9.439033350060283 17.45276696587756
3550 10.9146551759662 -1.262154886443818 19.89916492683133
3551 8.719539906553635 6.858337677120323 2.431490358062718
3552 4.01285398987035 15.60012782425522 2.90965038506439
3553 18.37179910469392 -25.94888684590703 14.95498971358922
3554 -25.91645016151132 -6.318304714232003 -14.23429240965032
3555 43.4643646040067 -10.10654022258392 -16.02724680840863
3556 42.92572303088858 -24.53048966130102 7.969914916432555
3557 -17.98528834415965 -16.05579353827427 11.30871301037588
3558 39.07913168359011 46.25015266567023 -11.45527036428489
3559 13.47948736427853 -16.43817305449438 16.7386947349223
3560 -4.354919711023075 -18.13190846694442 2.237703928152374
3561 -5.430043798339237 42.35297165486919 43.73759635100375
3562 3.520847428872993 33.12770032713298 45.85950444460084
3563 23.94355147381518 -13.56999204514602 10.86682797593292
3564 -42.17782073293758 5.16526830494186 39.63981964779426
3565 13.73918827854095 -67.9610871933434 -7.850617270051075
3566 16.33818208553489 -0.001982161712827946 10.49531833435366
3567 -12.20624563794653 -34.15059629692924 6.165900288028209
3568 -16.46542730568573 64.90911412404013 -39.53292394684398
3569 32.76490361931758 7.092733144534916 -7.326604045254068
3570 -24.19010400985115 31.13787503160734 -26.54604172426728
3571 15.20527747713628 43.69100694873613 -41.12884877599529
3572 5.702463777251494 -36.88690841326606 8.61036767046183
3573 -2.585663642123272 -42.88739880034549 11.85822858481358
3574 6.492946603549044 -19.22915982140741 11.0203341995087
3575 -27.69324751622527 -22.32816307814925 14.02094417569534
3576 -40.57283544757922 31.99979833883168 -11.3986627829838
3577 -3.935289971593656 -25.0631458266331 9.417749720924027
3578 -27.04280639102398 30.45859196810345 -44.43164498699652
3579 -12.96301423042919 44.45252669003381 20.24980277250974
3580 39.01951385368192 34.3516781644129 2.604486192867029
3581 -12.75761976504221 32.58083131459892 -10.33989495020172
3582 -19.7922096064663 39.20085924970243 -4.467076047126419
3583 21.52979683948205 45.38046613121754 11.40471375658276
3584 -53.61493251178829 37.71077621146369 -12.00752669440728
3585 53.88954425545078 23.33856301113585 -3.00521985154221
3586 -20.09843357917303 -16.01540664426473 33.03653759269528
3587 15.04211552795179 -26.98621993523693 11.80887461148234
3588 -18.86588693139992 -23.87399401445802 42.60779723032593
3589 -15.2101486991552 11.88078439275005 -16.3778380988825
3590 22.24411986160617 -24.72707966137488 22.09896827097663
3591 13.64017967047066 -64.37379946471293 13.99678446102329
3592 21.72313941716731 -0.4113374873037252 2.981743570384467
3593 -7.120933027271231 -38.86096674467957 42.48254538952435
3594 19.7827331367795 -22.2248265273213 19.09756048489212
3595 -8.27376618135523 -7.288344152850089 3.916123888875757
3596 1.580041297427651 -64.20542046632873 -17.30566791874827
3597 -11.8621477880891 22.46078370979312 -7.242397988153559
3598 4.06662759625646 -9.315216426310732 21.61719768962885
3599 -19.9422533706215 57.76323132552255 -50.21895318657106
3600 -2.535006328365149 -59.49354677205835 -1.644462302419979
3601 5.090823381727524 -8.018674563492507 2.296222853736324
3602 -7.346890497733651 -3.926292396149745 24.8493541682555
3603 -28.54058014344924 -19.16259334864624 -32.76797790110115
3604 -41.70378987570766 21.95169499847717 42.50513464276086
3605 19.63919536682819 5.595648490259243 24.83015409378632
3606 0.2702905291039746 -46.84375103748926 18.16407477701014
3607 -52.70788447844173 -6.106132395550599 -16.34930747377057
3608 -8.20710117892115 10.91017330147008 -36.22396943892987
3609 -17.98651436919026 -18.15411917399739 21.97039251400505
3610 35.59921970214219 20.96511499307883 9.466224005238052
3611 -15.34765876446689 67.93392518605317 -27.27787111285931
3612 -3.208123149499009 12.92951083740131 30.68068779754871
3613 -2.088707142291128 23.19396680211171 33.38497707805971
3614 32.80709045058585 53.90284172768032 10.06579218786357
3615 7.36099733316537 -1.582840619773918 -15.98563941642628
3616 -43.49087842641111 -39.6231863527364 -0.3755165929044375
3617 -25.18223628888167 17.29821205985781 37.10903047320049
3618 19.17422707958652 -38.79832713416177 27.53269057913063
3619 26.61988201747876 7.801178559459504 41.15790471634988
3620 -6.559946689091205 -27.83990056358934 10.99703145710264
3621 -8.178716773488942 -18.20370526030165 37.98733086954492
3622 -33.43785364037041 1.789444572807524 15.38885283136245
3623 20.40958091353194 -10.96704749263621 -22.95736272766025
3624 14.70579903132129 -4.601791544407798 -25.97136329885693
3625 16.07924066503583 2.197407867280024 -32.01665730199146
3626 10.22722252127985 -44.01191656665378 16.67723933479941
3627 13.37629755139464 -50.05970294129599 15.58404366172916
3628 27.82240733746336 1.983797541284126 9.063197594381535
3629 37.41778423707072 0.4350957478131221 9.470106645352882
3630 10.87672891033433 -9.854447590778333 26.5851040362722
3631 -3.619975604591975 -20.67552890763653 11.60124033328513
3632 -26.39899450244683 16.997485703195 -18.58241573308119
3633 3.073790979564402 -47.42543208803723 23.75977515124057
3634 -20.70220652982609 9.572903596078605 24.24916872682987
3635 -0.03258978001446222 -10.33410904186671 18.79012646144255
3636 -41.21729175054198 36.1031254716924 -34.49802400851335
3637 -3.959518461114053 -45.90923632146368 19.65363798997816
3638 -11.68227553780367 29.32108910411863 4.318377046578662
3639 25.39718380469724 66.52640819488023 -20.81295120527806
3640 -39.24088479886484 13.57788114474896 11.18618167931717
3641 22.8463891337456 15.18227794634447 -3.074577754117152
3642 13.93344866244176 -42.62810233840949 19.72632358091721
3643 18.01879999898317 -39.61054700469132 22.18944524017863
3644 -3.668435854537355 75.55719382179082 -25.76644271685865
3645 -12.4683197035 69.52149964209882 -4.174091412623353
3646 14.10453838077906 -43.55224439497666 -17.31677820213011
3647 -57.86747996482055 16.19552055117949 21.80425815816689
3648 28.75160132130133 -15.55340034608014 3.986749547185396
3649 10.53240522985002 -13.06161885079958 40.75900270703332
3650 8.452871346073387 -37.8147993404404 45.32006360692127
3651 -13.13139449899546 -13.88963895568589 21.30882440123744
3652 -14.97546992162512 3.346621548817747 10.96935770287963
3653 -3.122165824189157 -36.3897205279802 46.83927200384909
3654 22.00945447091878 -28.25173232831735 23.87312308801666
3655 -15.26695439687771 -25.79566078678588 25.44277573863665
3656 -26.70720655767944 -28.66668538695809 -17.85679770205609
3657 -16.3968962827809 25.48014097059085 -40.5531415767807
3658 -9.357441979486541 25.05776423035044 -23.38971562806838
3659 -10.46200429834992 65.89537390152162 14.99729236482982
3660 24.30574527172638 54.3686293943304 -51.42458067726864
3661 -5.792984055942802 60.74456835442276 -46.13714686591389
3662 36.98394586084529 50.66029044463529 -23.58654357633291
3663 -32.91634773821738 6.165339382112798 31.25811378816371
3664 -8.571700394296439 25.01728746740531 16.51758203480926
3665 -43.41461013059608 16.19462755861091 -6.189932584598631
3666 -5.560237109118749 -12.56522000943175 24.2245262613524
3667 50.60674944215706 -2.611129455922233 -10.04369426485413
3668 -47.22211642835766 -0.08309169414191864 30.84512304980628
3669 51.43410416487377 14.95435807486753 -20.73906821900099
3670 11.7279861921697 -10.49000731286949 30.04770188406312
3671 51.46668533612996 0.6356518101225428 8.036320582330887
3672 -14.22481250252805 -38.01415052178667 -15.4328424233756
3673 11.21772195230992 40.60512860930454 -52.76198812013764
3674 -35.64759503596913 42.85882897627086 -23.44631466621768
3675 -10.6589601961502 -20.79539849695383 32.51971021574467
3676 19.38415854086998 57.54736276530166 26.2069685965219
3677 -18.37304631920492 -65.74828876345434 7.611789388031705
3678 -23.97410949445819 -44.17187239110338 10.52675844706111
3679 -41.68530615428998 -11.79621440856659 7.514942641678226
3680 -7.609710361488994 -18.05859909257314 9.244002621137763
3681 -40.36221784272992 32.75563027298452 41.14346270390394
3682 -7.59388493234407 -2.931773894292546 -15.69444012368787
3683 33.12001323434727 -57.27980921231349 6.588386453322136
3684 -14.09186504746112 -7.411165462860027 26.9451660743764
3685 -15.29693935131572 -9.087204458731804 -2.101227210728337
3686 8.731240694529689 -46.78919798682902 35.01289063654617
3687 -35.93437758141611 23.05512481923572 25.06372822704819
3688 -41.92361948763789 32.40004881094278 21.56502192198477
3689 -16.63264439496357 -42.91584691617174 31.80596338207769
3690 -4.524078794277047 -45.41641004378968 -5.712393384254883
3691 8.923428445517743 -12.36047394484644 17.36792506461124
3692 2.593504009909823 -11.46641832771838 39.57232830678889
3693 10.8336945870289 38.47356590249775 1.657929263642239
3694 -9.500087423091415 -26.72446523510419 37.0604270421949
3695 24.54366123193256 28.1745777059045 -49.57635734695967
3696 -27.17375580436788 -2.526158384867376 9.610668673098919
3697 -53.75431066361898 -10.17480177384263 8.619955060324941
3698 -15.50171879941473 -29.44620245031242 32.73151055384749
3699 1.318652661170189 49.54770687294109 7.206260808186402
3700 -44.78265026486525 44.39739604104885 22.47525563082543
3701 -24.06375810385837 -1.602129304333255 -31.4293258662004
3702 -20.07685797405151 0.6035171205692151 -19.28504287156369
3703 -28.9223417282646 23.70760202836258 -5.401318034133698
3704 -17.93596876137492 -1.697512426075923 -6.270009059704885
3705 -2.773723361843985 -15.36933999057295 15.98815341214714
3706 42.01486541956673 15.76038456400517 30.37913191940423
3707 3.224433849806064 33.92601476826306 -13.99886010178813
3708 9.189401150263905 -17.12044608730915 -8.190402748082386
3709 -33.38331970993241 -5.791878440117832 29.17984532764121
3710 -3.350972346729062 36.10914606264451 -53.54213251687973
3711 2.85790306926703 -0.7567771042218181 27.39558313142481
3712 -13.2235953129335 -9.016101791632943 15.38404194181415
3713 -10.4874633119509 -36.02737194543285 18.00869750695266
3714 25.95575601286841 -46.6447587242901 -1.466797064270771
3715 -17.99194965683109 -25.7250931206999 -19.8755942242828
3716 -31.10685361406941 42.92657776858885 40.87772832534877
3717 -30.89611922191203 53.11422414109243 29.74278907046734
3718 -48.33814687930089 7.844250797682967 -25.22035958891908
3719 18.0702900545118 34.17921484261039 -24.39978919710195
3720 -27.22994820950642 56.16061194827361 9.501873155142672
3721 -7.633176213993753 -34.47104022442702 41.95165741810214
3722 -17.28827350478364 -42.3608385004275 19.87564908601926
3723 12.55748356165067 -27.14687405425932 -9.684256347668448
3724 -20.56004160609325 -25.52540050726585 -4.501410249964534
3725 20.58012650054075 -23.67336367625963 34.76482763064727
3726 25.97611825829153 -46.70956770155097 9.190879312480778
3727 -43.56194574583964 24.23350376343977 13.34841915360091
3728 46.37097853910487 40.64919007782411 9.892495889863207
3729 -3.803372535995634 -30.87945163566434 2.901654258704212
3730 11.20710783005065 -42.78097590625791 4.919690317638405
3731 12.11671052497704 -7.110223219155162 7.104658848667869
3732 4.85522620447933 49.87109099049791 -12.97593603587369
3733 4.143832684737574 -36.33549370535096 48.72327690407325
3734 -8.907499352619944 -35.28373103848966 14.29481890259747
3735 -10.0024934100791 -27.51874725228191 15.39814003181456
3736 -5.989098405829878 -40.65224416722002 13.61019681421957
3737 -4.20246149789954 -25.3376144387289 -10.2074521304266
3738 15.14018383703497 17.67646760682237 27.6352360746002
3739 22.31349735923915 18.63403786322846 43.68611203510285
3740 -12.49988675081393 38.40229003580826 -37.93372632432398
3741 20.82790318070282 -14.14714423927685 20.86649216479662
3742 -34.59577478000254 20.9576510906236 -25.78834394212167
3743 8.285811391157887 -23.55994897192547 50.34721374122941
3744 2.967485021227989 -43.71422489563113 39.45107962304906
3745 12.71150369704381 -36.13662166084897 42.73703138994775
3746 11.20337736373293 34.80245936588684 11.39399543475012
3747 -9.907861838941049 17.58348562289202 0.171599112352931
3748 -8.167645259993327 -38.14240677781837 36.29999376747342
3749 -7.852103908702697 -40.9241936418902 17.05384331679103
3750 5.798068427691068 -3.286644149375166 14.58967619548068
3751 9.585457921539803 21.00852721253165 -22.61699475439116
3752 -5.313133012384433 -68.64135174436362 -0.834666981427981
3753 12.77323456041469 -45.61195561846653 29.28014401546892
3754 3.077045921284801 -39.30624193150179 9.206836164194268
3755 13.41989561528964 -54.18020237077954 2.512614057140524
3756 13.07011911457589 -5.12502694747414 -6.732279094605779
3757 -5.511368398120115 47.6263773416602 -8.805505636635932
3758 8.160545955380647 -19.013686938947 2.163438430398419
3759 -0.5431390861569687 -42.78484579925609 -0.3182004800659963
3760 20.51015752609036 1.089482938438506 46.65193667969533
3761 -12.43696042978711 -4.570232418436871 9.92972835642855
3762 -8.659106849900921 59.81439962118747 26.47322401086742
3763 -3.683427442181461 -42.9434020312377 38.34836344687488
3764 -8.64884838359602 -17.9478171633045 21.91704954252135
3765 -25.88823494014977 -10.56354613848151 -31.10617611992134
3766 -34.08522621444375 67.79101334345354 -18.40316401630341
3767 -6.158157832380454 -1.612072583640701 17.952490390412
3768 -8.134776931308721 -15.27048802391475 31.26250136321714
3769 7.699696687628596 -46.38242093490192 21.08008824820175
3770 -0.4541823191356116 48.52784581264766 -48.4377925532393
3771 35.50992787357342 -33.90997754275599 -18.34051288272487
3772 45.42190853834992 -19.71180804114228 -19.61649272345755
3773 18.45570136254531 40.39103570050006 -5.802973461606179
3774 7.518925789024529 27.75129751153057 35.73198555391784
3775 -20.03051917829776 58.96753666093409 -18.23829702832864
3776 35.92067279516897 59.13382565953223 -1.560826240198036
3777 -11.85715873322657 40.56745536476647 -16.56207538953312
3778 -57.00838203169421 7.427595906880827 -17.13527520996554
3779 -9.52915818159236 -28.33211672087809 1.691552667982863
3780 0.5853200902617419 -43.61513492226299 12.52360477460717
3781 -18.19457930054385 16.42937438713446 30.5186038311974
3782 -45.05713108426579 30.27376281705948 3.044770948020413
3783 7.247905666311878 12.20028606825465 -10.1355346756017
3784 11.27187710937998 -18.6408432897916 12.99608583055847
3785 -21.373068915079 55.3065852037489 -2.219646470714578
3786 22.76406866347106 25.64746078911508 -39.19438908629638
3787 -19.29562577367883 22.00859771558282 -23.21760938787326
3788 -31.5808951790591 -11.16929339819652 22.16494039261521
3789 -13.01330907768747 -24.87931110672194 23.37161064499789
3790 37.34478794074201 44.37643316468647 24.47815331257695
3791 -14.53592784211334 -23.48034711793695 29.84649295974409
3792 36.60779021671906 -34.16139781636924 21.41736977953776
3793 -12.09046202442395 -48.16966834679691 14.95072338994334
3794 13.39082904993115 -35.02996784174177 11.97869717865915
3795 -3.092360074604765 -11.99341549261399 20.26048430557417
3796 9.446927593286606 58.29611946248889 1.780058990686892
3797 -23.286740352039 17.33540332591998 19.48976613704901
3798 -23.39972664415721 28.07389629087346 -17.26451714731618
3799 3.352476754741662 30.30787713169401 -34.69463180700462
3800 -39.6184792375421 5.085175449069804 -28.51378196736211
3801 -40.91905955437813 6.790315279803398 -19.04016309918164
3802 18.85400629589007 -5.321904371049038 26.55154105838058
3803 26.32108863252066 -2.803009236316501 26.96647190900321
3804 -3.258226291484325 -19.41242473417042 45.10171682516649
3805 22.75294978134506 -10.9055178050592 -4.434583617353924
3806 -34.17373258637969 43.70172558599957 6.526209115871759
3807 11.45827654624511 27.9938676958716 -15.98233756281358
3808 17.66983252096432 29.96290454651551 24.6141089119457
3809 30.0488858420288 41.31013783016873 4.381263899735364
3810 29.53272259890705 -26.12280631292519 -21.66486560809767
3811 6.850168806904227 -59.18687557338493 3.145549637558737
3812 -2.29390907657301 73.48258036650071 7.998952775904926
3813 37.50425492746813 6.206639311675562 34.85826489502538
3814 -20.83377712833457 0.07349745240390781 38.73924524399018
3815 21.31178510513674 49.65230683681759 -17.63655725712516
3816 6.261877510155123 3.925219610760278 -29.32698756051683
3817 6.560185337430398 -35.59361943394051 -1.117582831011955
3818 -13.77902130241073 52.82268650621667 -51.44692127251358
3819 21.55281281310944 58.15759780477438 -6.071552903382137
3820 21.60901819701075 -40.98133322034402 -12.43521447596579
3821 0.4465807654412834 -27.7956274105108 -17.55219152877655
3822 27.82125943668986 2.613641458638986 19.67006386214105
3823 -12.71092514550587 -12.01210739540475 31.19416484832814
3824 -5.316448602115509 -12.71529417109334 27.13487807676086
3825 10.40510259424095 62.32091734752814 -48.51490134475411
3826 19.81027948877487 -12.66289868648725 34.46221271207962
3827 -29.99682942460215 -27.9617488411666 -7.97439061153955
3828 -37.11018912870811 -3.739906167709107 -34.55886373936871
3829 -14.41110281450709 5.909465052486643 -1.430267566333082
3830 6.003314974841875 9.048992551735022 38.74904124327971
3831 39.19834742372294 50.18120042639805 -38.92820722379149
3832 -3.463869552831559 -33.83101251145374 7.477519838302073
3833 12.36513164272816 15.36282540746075 13.91226436342092
3834 16.17839859955964 -20.06179729513431 0.7092270944954544
3835 -27.21090343238778 -48.52034975784537 24.05336928550257
3836 21.00083507750587 -28.78063354507593 -10.97696415600705
3837 10.7214431746017 -5.510387495275645 48.79208187708917
3838 -45.24024439190392 -8.95435288426587 -27.80386245614878
3839 -34.04208202494031 -6.774080859135786 -8.392865129809234
3840 35.10975204323404 -19.9772523494162 -0.5651432165194494
3841 -46.64423199351453 50.55473836905712 11.637119749171
3842 5.645508702397207 6.106688111686712 -19.65686405667268
3843 46.74092994276302 -15.16496594910953 12.37335961880746
3844 -41.14966064178177 -6.224861298742978 -16.96018498545395
3845 -31.47532399973006 15.86732291973688 -31.21727933296741
3846 15.3137956283464 28.80098438671689 45.39796936920212
3847 -10.58530945084053 -22.75715151137152 34.64236515517262
3848 -21.50330663005182 -28.71059509862111 16.38928190878541
3849 -25.13523894776654 2.932663186237368 24.51578578257157
3850 -50.24615619753791 -11.75792906277467 20.93863471716283
3851 12.67054173903898 78.04771981345642 -21.54001834356814
3852 -33.6814123977512 39.62788559857255 17.17324970178467
3853 -11.21804460918856 -32.53476996255409 18.8962637612353
3854 16.3052082540746 -15.75303004375051 39.46652581405194
3855 27.30874422737042 -16.19529273233601 29.50353420760281
3856 -39.44042352023113 -0.0184158630102802 8.308097703895511
3857 29.65716027288287 14.51732459310508 -19.16118981275756
3858 13.23476755563186 -14.06232891853822 10.51157020777918
3859 25.31344012215146 -7.931739060650783 -35.00438298058968
3860 -24.51124594911109 37.54992416678076 31.75873716206341
3861 -17.72539773236061 -56.45353653741819 4.982156128528107
3862 -11.51220227490244 -35.63455517091115 22.24219571128961
3863 20.26442464938831 8.246807728015442 16.59964576962297
3864 -1.95168603095683 -9.369532210640811 -1.921177394720483
3865 -10.0009766039287 -60.97733661423309 19.57835363876804
3866 30.22527553041213 2.167874829450018 -22.97727387641714
3867 24.77778754393337 -25.51266579387727 8.790910678692686
3868 1.611079138981084 23.31926092901887 -17.58011531906961
3869 -1.994071520880236 -24.16912974503544 0.6353911323759456
3870 10.58850190302942 -10.40010566617335 20.70977935851389
3871 18.04887476092879 -17.26720074742633 28.18909417023058
3872 -0.1358087095156308 -14.42877260953512 15.47585243760595
3873 -27.15487259013496 -43.98514113197641 2.646500613553449
3874 1.494263927093524 -54.14878773029342 -9.242531886923057
3875 -35.62393867747854 -21.55205797375958 -3.410875484869971
3876 -3.542878202299659 11.50577136075431 -21.88981583798302
3877 -37.68568887232293 66.68691548112068 -6.644984989325376
3878 -25.66010496236101 6.186398717922271 -24.72784778594951
3879 -10.3002191883115 -35.11141113891864 -3.605657681395882
3880 -9.723411035995408 -54.96032613819627 14.16356172859858
3881 -34.83887274264676 -30.47636868492696 2.144626337793963
3882 -37.32169533147987 -5.084556343392326 20.00662806388244
3883 -10.36190560005593 2.308173117630496 22.48250480276294
3884 43.03166475836232 -29.56141149078585 -9.369857933820484
3885 -3.489228538679637 13.88534208491371 6.814083744453322
3886 -42.83926557526372 9.452903020044484 29.99565803752071
3887 -37.97879816588265 54.25338198313694 -49.90475193177441
3888 -16.49063914001279 35.29988063919635 -29.53388198848473
3889 40.31355833743234 -12.96159128557064 35.58653038901087
3890 -31.2033335224768 45.65784090030308 -43.85689593241801
3891 56.10940757057087 24.12758894894353 17.76013886501819
3892 -1.574573786903689 -26.83499423540122 49.57530275961086
3893 -25.94609862881488 73.91535844227467 -5.345646766736055
3894 6.375111886214352 3.732830913433649 22.77829241903886
3895 -17.81370324328344 -35.23019464958272 22.62839903410372
3896 -18.02429675943867 -30.7779353744444 6.671970143183286
3897 31.28867328827206 58.24568110321862 -42.42335978413675
3898 38.47401591091173 25.25789867785128 -9.963405381402728
3899 8.198729265989014 -9.328687942358503 23.69757987184992
3900 28.7644192111444 -21.34474701634624 -12.79587906357398
3901 35.77248893115792 -14.72050927839805 -12.32675996208208
3902 -16.40123627573242 -50.44366459676535 -9.029790333676283
3903 -8.178980257924199 39.93620341081499 28.1763993358683
3904 33.68918772462555 -8.178777501321365 9.386911722355151
3905 3.29592151948647 -27.24565291982877 49.973718691252
3906 23.01226981187898 35.55117478637256 38.8673259892901
3907 -3.344442185253682 -11.34984310135292 33.74437920230086
3908 -22.65949266535295 -16.43381223525436 41.11398399973965
3909 45.93533345981231 -2.45624851349312 -30.35972700030181
3910 1.800068120916775 -17.35702756189215 -7.953579074634257
3911 -31.16797616343798 5.223017056849845 -35.71693356624327
3912 -4.679405250303162 42.83185446757792 14.45285732964933
3913 -57.03027263026048 1.380655196551752 -6.184512157373839
3914 2.780944116507256 -20.48582801138689 10.51129144693964
3915 -39.63298081630069 57.0454636307371 -30.87862276017098
3916 -4.921930333425787 1.492430788149402 49.85733675716323
3917 -14.59462192041858 12.18217812477088 38.41415522492722
3918 18.85913360339232 22.66811128473686 -30.73239472348965
3919 -7.606483591553148 -43.50400363788211 26.08555649574864
3920 -4.808195753140853 -45.36385457178446 25.11746183829112
3921 7.724410859788817 -47.08563261271991 25.43593249991063
3922 20.93535591725635 -22.43399489325208 23.67400433576873
3923 45.27216916153722 -11.97983522431842 21.87200360767253
3924 -20.09946056551712 34.60351985802669 4.337668013202613
3925 -41.70285763986733 -12.38572236904299 17.02282849127038
3926 17.16177025611412 11.66245752017246 -21.88416229565982
3927 24.85591515777277 -67.45223798349663 -5.846795318457191
3928 -40.55542965729519 -46.84030644724844 9.713775794079002
3929 -37.60380093002436 -29.68562333868978 14.78845263116233
3930 -46.16290068113945 -33.90121136923193 15.29582130665002
3931 11.36177914922025 53.99061686548767 -33.45382757401223
3932 -57.43092695290575 33.27724010533112 -18.77042145829942
3933 -55.26819542239233 23.20708445275845 -19.71078690950306
3934 -27.32348849693079 -7.944877617457102 35.83920887078795
3935 -20.66299680282513 27.65668294421161 36.4633542997016
3936 26.80130543724807 24.68087134119103 26.62835549232553
3937 -5.695868052300843 -32.607370815112 10.36533934452084
3938 -33.97787678967296 12.26600927733772 -0.439985541887463
3939 4.037960490765399 -8.202440235054105 -12.53402907066004
3940 -19.69691355909865 35.90482219434396 -46.16577806858849
3941 -32.55611137325253 19.70204940936274 45.97708223022927
3942 -55.65140232838505 27.98003617854501 -1.060916215695242
3943 -14.18768170481623 -68.33941753206985 -3.374568614403819
3944 7.008730445749649 -46.47206318636085 3.075590569014127
3945 19.31107420778091 -19.11140496221404 25.85508790098933
3946 26.09470854813172 -7.58969723450414 16.52320480761284
3947 54.02808753178371 11.38156330938879 11.93119764672467
3948 8.584460787812263 -9.75707189577032 12.9693305329919
3949 35.6117031831419 2.605131866107596 17.15441475294149
3950 17.67449244767318 -32.05761961943189 -20.91271959689998
3951 35.69653688959131 4.126460139614354 1.100112210022267
3952 19.70573500632916 -29.41138363297663 37.24356603617326
3953 18.29497710110071 -43.11417668988243 2.828862841296913
3954 11.68611905722309 -45.62409431700321 32.46773248861673
3955 -8.596744191166389 -40.79854266916283 6.693928611796378
3956 3.801300744940956 36.80838618021829 17.46244916232519
3957 -33.57706601294065 -25.73713934712636 -23.86147233784123
3958 -4.216476010203 54.83195594712487 -35.7470506643597
3959 41.68542484264936 -46.80032186998294 -10.59217369458151
3960 1.064805634429477 3.537647356517857 1.573083699705653
3961 -19.51501166177693 -9.245593359827717 30.32482429475057
3962 -41.15586841057308 42.5168965050776 -1.902855242759955
3963 -49.8525928366504 49.09095832766243 0.9374694087629889
3964 29.88424702892677 31.23877683272602 7.461624708412511
3965 -5.901633626244352 10.80876420756401 20.33383055433469
3966 -12.44404183249187 -23.18725754829693 33.43676099183264
3967 -38.24763742954738 17.54179503915255 -15.4217884243903
3968 -20.29317493501702 -37.05357447618073 -2.519199829962885
3969 -6.932137836555426 28.00974631107406 26.88657519737405
3970 16.04660846055766 -55.91131582183841 24.5645114024083
3971 20.57611079333528 -35.59485634910607 0.8435833188946167
3972 -40.00790259166487 62.20506162504817 10.01410617421029
3973 -1.175420531246821 41.68740373000151 -27.40466831962599
3974 5.714469339346422 -42.36840776336322 13.04340892164897
3975 2.451073878057267 -40.48015243093124 41.78547060127713
3976 -13.55274128683353 -11.93085843442076 39.36962551172607
3977 -3.053162915389076 -12.17610669033548 -8.3610296362094
3978 -26.97212071469117 -31.13368581502223 20.46440236350279
3979 -44.2547197109707 -29.85920453901612 -18.94439420452792
3980 -23.51905725446677 73.66857432295369 6.845255346009186
3981 -5.256204703775746 -19.64045583348889 42.65880204867483
3982 -58.5933534417999 9.265140270912116 7.241486570096519
3983 7.839905419832712 -70.76485143311419 9.488329202679019
3984 10.81178263237755 3.418609356837978 31.70754161924166
3985 -22.6876853997843 -3.031401277587117 18.76818386300377
3986 9.374182103687707 -15.10307355013158 43.09973489376922
3987 10.35595695713278 -18.78756321325037 44.49265845994729
3988 6.144146476806516 -21.26780506571454 47.60086961718422
3989 -2.35096797213628 -46.9535304162309 30.54173642865448
3990 0.4104934503978618 -47.0429516417818 25.46095097002708
3991 -1.711746344795843 70.3953074642031 -40.48198069799734
3992 -5.957821816442067 27.06879438522414 42.14317285617116
3993 -13.42533457817008 -33.58196938543212 29.20114515643081
3994 13.85455133248002 -13.45217362195197 23.82746157903637
3995 5.66842838655625 -47.3002597079884 31.05736275784817
3996 -44.91377727622103 -22.55379865169027 -12.02341252809797
3997 -14.38516218928962 47.61959524461915 -3.056620347978573
3998 -3.934539309279505 -1.89657248887407 -4.337772530531412
3999 15.79386864121512 23.00449532055316 -9.596150917275448
4000 47.7414079837226 -19.98231878096964 1.124288440063339
4001 -16.15080877716364 -6.558836858265428 20.45993225576718
4002 -19.12196334502303 -22.35924074907774 2.186453765719699
4003 -24.78791046893861 -16.91055877298808 -0.6519060725142407
4004 -0.4123446750928448 -65.31943007061525 14.36343199715206
4005 -12.93057479933126 -14.68261064966818 14.89457143961426
4006 22.73395369689736 -25.9764441245347 27.11259528488167
4007 -31.37053853750911 -23.9001688922879 40.17159363083013
4008 22.51475216345168 38.07160776143441 -38.09639759216565
4009 11.78965487292298 -29.23305366253215 10.87465322294428
4010 8.152672980984349 -29.42817920335353 9.330896824443943
4011 21.53531936729348 -32.10478015075097 21.96574338545109
4012 16.8351076454148 49.50358668672236 20.39813290079566
4013 -11.91612474681362 -1.014797075711578 54.82190182318428
4014 42.62817449059335 -28.63570303707485 16.4578537131787
4015 -9.087473840447931 -19.00413738506955 30.70068735525058
4016 26.18256655943679 61.1458419401861 17.98676294625003
4017 -1.304332872396922 15.91502595911198 -11.85310326409639
4018 -14.56698284214663 -20.23584817335342 16.83958336749597
4019 -6.224047515355959 -17.29102782394168 40.38051198331459
4020 -1.06514834794918 -40.91194987913975 10.40612428854708
4021 25.7573302283512 -46.18121946502885 20.03596463875144
4022 -24.04992124009697 22.25206394443277 -40.05355687212506
4023 -26.11728606824959 41.1448693023625 -35.03785164487199
4024 30.91498557824417 -8.651572627674607 29.4912441011544
4025 -25.01784550391191 51.09719964080445 -31.4151226574835
4026 51.97516887397075 4.858872266244362 -26.69279444985977
4027 14.71412443421713 18.64267590097376 5.781613953826365
4028 -7.194976677080293 -20.6695253927023 14.04285319351293
4029 40.96658167344555 3.928168907342564 -11.93604555293186
4030 0.7310680314833622 76.02902678862968 -14.19359551790976
4031 -5.858665490972023 -11.44513409506319 11.45280151045489
4032 28.28641356416088 3.980493673084321 -30.96174057813902
4033 -17.98769454914255 -48.04258308128933 10.92746266062467
4034 9.493111068156949 30.31424145792636 -40.77273350501995
4035 -1.00328493501869 -7.295856094821792 14.74981060724889
4036 4.89983360345191 -18.72323196131637 6.377002297591124
4037 -15.63930682852518 18.86217757270943 13.10121587989401
4038 13.77147087438797 -12.15104325692412 28.96149402524932
4039 30.17332188294333 -36.50102509881894 28.02779586736252
4040 -52.83691275436904 -0.03633550046608747 8.569623431887834
4041 -32.8762635122005 -25.10799636305563 20.08095564626803
4042 -32.32392034420046 -18.74032875996709 25.20656456135429
4043 19.70584726650512 -28.25926305882968 17.21431851758035
4044 18.10074780679174 -28.54606421994007 15.39189269089451
4045 19.81511589262354 -31.01397673990709 17.75895890074873
4046 7.192366313856351 19.72745617722131 -53.25604437637116
4047 35.89952687510534 35.50470127795766 -14.30302900135139
4048 2.006601200493784 42.53215347077739 36.47733272513461
4049 -17.76655219331737 -22.63724777492175 23.1416603751156
4050 0.277992972635427 11.5534491587057 -38.5162819883465
4051 5.416808927571022 -53.79945481077502 15.74411764289301
4052 8.154714797253636 10.16929017346139 9.627309912010945
4053 13.52402020853716 15.09062273170982 -38.76710565799213
4054 -60.22358148043507 24.54231782165874 14.02651456244967
4055 24.16859454110001 -32.65140735854421 14.4413322034117
4056 16.90938752813101 -12.68088643332663 16.24804263613751
4057 -32.54795657598651 23.83002303744465 34.54911240435739
4058 -0.8243658498536518 -21.34456867319352 47.91088822827177
4059 34.20599000086889 10.90361401614276 7.535410456726341
4060 -36.6880999856616 -8.742538807973409 45.4600382923872
4061 0.6249436613286221 -0.3362657337306589 57.08342740650603
4062 -16.4308642711581 -22.77168669473491 11.4351097782609
4063 -50.24638034017478 -24.56885248054977 6.596154450733426
4064 -7.609224232168534 -20.67301698574772 40.50728665718366
4065 -11.93919067747339 25.58316134081302 -15.22893059690349
4066 5.063212845803852 16.17722194651875 56.47564062436454
4067 -24.25635415070653 12.95811037195133 -38.81525329320721
4068 -9.312396646988644 -19.12149517490995 26.49260713044231
4069 7.651058927012777 -9.608478280846107 29.35061985522937
4070 -4.981238827660221 33.17807012389123 9.369291598290829
4071 -9.327160203336856 74.64841965965806 -15.56249995752001
4072 -7.011754304945175 -37.64552414427688 13.28478588481478
4073 -12.32147068678446 20.97223614626296 51.82508971236989
4074 4.614354812060145 -16.15065180515318 13.10835869141693
4075 -9.489761868319643 -41.42009336162437 -0.1627942952814787
4076 23.3899369631437 13.53216204114723 27.69029693925456
4077 -55.71361317660966 47.09187677395076 -7.803193887628986
4078 9.409803162928856 -37.02393329401085 12.11582787326666
4079 -37.00609303213536 -4.240827510900105 -24.51113795285561
4080 1.406013825459094 4.23079849671182 44.55975546210223
4081 4.327773612313523 0.3403851801908755 39.26332065670729
4082 -16.09361016886731 9.277069353959785 -33.40072011569335
4083 -15.16650624116041 35.26437469037126 17.8338774370904
4084 -4.917365671138221 37.29911860689448 -11.34057894047851
4085 -29.17069029675132 -38.64370444529226 12.57281090489994
4086 8.404029692128193 -10.88701666984175 37.19015699740168
4087 17.67688702699306 -50.9491121349097 -2.430913487768328
4088 -19.4530124079 49.65105037125688 -21.97977779797219
4089 -9.299719970249752 -30.53624307495199 14.99531887456574
4090 18.42324549997838 -35.85143698271017 7.488046459649684
4091 10.43481558076845 -15.50505139167629 16.10782176183797
4092 -20.8329361766415 -13.09467685147754 23.53710870109978
4093 -22.86136208025168 13.95931405964609 -11.41481675209356
4094 5.023923660152116 55.92385074518857 13.79707831236004
4095 -5.08606093950262 -51.37645133099753 10.85670588867111
4096 2.475432126400478 -48.37650390725524 -16.37914547441469
4097 -18.67095420252543 59.89258745580305 32.54964921612381
4098 -0.6503344442525001 -30.37675598852333 8.079667381534613
4099 -28.37676112734568 -57.02013027171174 -1.646795445196877
4100 2.186768711729524 -58.72812599676023 20.41386134378046
4101 -27.73718360966345 -0.9067701360535463 -21.42455267940808
4102 -34.8599925892963 31.63545050019583 -45.42355823463368
4103 -40.61431773001069 38.34988539749178 -43.94144052070606
4104 24.3949186100301 -48.69602211858277 -14.78412564971245
4105 -0.695355956361293 1.747865298454815 19.89018737795849
4106 2.674430330096564 59.90097238545177 29.89219352550965
4107 4.670914820010461 -12.47781533687864 41.0736121404418
4108 -24.67646383165421 -14.39015206477723 -17.05976877659364
4109 6.715438086168168 11.90402764476012 -25.37525145985164
4110 -11.05515208861422 -21.2128472412851 25.7355219176674
4111 -10.42190430818756 -21.07306656941243 22.19076652930602
4112 -35.43744688475518 31.11192071952554 6.115284838407326
4113 36.3644041107098 27.60349351159826 34.41015169450977
4114 35.38775172545333 28.4534982130288 16.82833970350438
4115 -26.26514845152195 34.58700420612366 11.88555257435094
4116 -9.835297563819875 31.08447178122391 -56.81211939331122
4117 -18.72207079450786 -10.23168108640735 7.911539029553368
4118 49.81187985287977 3.134179726381892 17.78600556389833
4119 -0.9504208638433609 -25.16557273115228 9.526465439543824
$EndNodes
$Elements
20001
1 4 2 10 1 791 2589 2543 2591
2 4 2 10 1 2524 2668 2552 2787
3 4 2 10 1 2531 2631 2629 2666
4 4 2 10 1 715 714 2564 2764
5 4 2 10 1 2543 2589 791 2702
6 4 2 10 1 653 2641 652 2792
7 4 2 10 1 2537 2509 2579 2626
8 4 2 10 1 2571 2626 2579 2803
9 4 2 10 1 997 2645 2582 2762
10 4 2 10 1 2509 2526 2580 2732
11 4 2 10 1 2509 2626 2560 2803
12 4 2 10 1 2629 2631 2590 2666
13 4 2 10 1 259 337 427 2747
14 4 2 10 1 2509 2537 2560 2626
15 4 2 10 1 2517 2658 2533 2694
16 4 2 10 1 2582 2645 917 2729
17 4 2 10 1 2579 2626 2509 2803
18 4 2 10 1 2543 2591 2589 2739
19 4 2 10 1 2589 2591 2514 2739
20 4 2 10 1 2645 2646 997 2831
21 4 2 10 1 887 825 863 2703
22 4 2 10 1 372 415 417 2550
23 4 2 10 1 792 2636 2543 2702
24 4 2 10 1 2509 2580 2621 2732
25 4 2 10 1 545 2602 2586 2683
26 4 2 10 1 2527 2580 2557 2760
27 4 2 10 1 961 963 960 2599
28 4 2 10 1 2511 2604 2599 2740
29 4 2 10 1 2569 2581 2511 2677
30 4 2 10 1 2504 2571 2568 2643
31 4 2 10 1 797 2636 2575 2657
32 4 2 10 1 330 2670 2550 2697
33 4 2 10 1 2597 2662 2569 2677
34 4 2 10 1 2549 2510 2628 2654
35 4 2 10 1 2580 2557 2732 2761
36 4 2 10 1 2529 2763 2596 2792
37 4 2 10 1 2600 2618 2524 2754
38 4 2 10 1 2511 2597 2569 2677
39 4 2 10 1 537 2564 2530 2612
40 4 2 10 1 2526 2580 2732 2761
41 4 2 10 1 421 2550 462 2611
42 4 2 10 1 2504 2579 2571 2643
43 4 2 10 1 811 845 846 2763
44 4 2 10 1 951 917 2582 2645
45 4 2 10 1 2511 2588 2604 2694
46 4 2 10 1 209 256 255 2673
47 4 2 10 1 2595 2676 2504 2695
48 4 2 10 1 2557 2621 2580 2732
49 4 2 10 1 2563 2633 2592 2727
50 4 2 10 1 2533 2623 2517 2694
51 4 2 10 1 2524 2600 2552 2618
52 4 2 10 1 2508 2568 2642 2715
53 4 2 10 1 714 669 2564 2723
54 4 2 10 1 653 2711 2641 2792
55 4 2 10 1 2526 2509 2580 2718
56 4 2 10 1 375 422 462 2550
57 4 2 10 1 2533 2511 2599 2740
58 4 2 10 1 2543 2514 2591 2739
59 4 2 10 1 661 2630 2593 2737
60 4 2 10 1 2634 2639 2580 2761
61 4 2 10 1 605 607 2620 2661
62 4 2 10 1 997 2646 2645 2762
63 4 2 10 1 2524 2618 2552 2668
64 4 2 10 1 2508 2571 2568 2715
65 4 2 10 1 428 2747 2644 2779
66 4 2 10 1 2579 2626 2571 2643
67 4 2 10 1 2604 2679 2581 2740
68 4 2 10 1 2569 2662 2581 2677
69 4 2 10 1 2588 2597 2511 2677
70 4 2 10 1 537 583 2564 2612
71 4 2 10 1 230 185 226 2562
72 4 2 10 1 113 107 109 2557
73 4 2 10 1 2531 2597 2631 2726
74 4 2 10 1 212 130 128 2721
75 4 2 10 1 2524 2552 2655 2787
76 4 2 10 1 2505 2588 2558 2597
77 4 2 10 1 2558 2589 2514 2739
78 4 2 10 1 462 2611 2550 2640
79 4 2 10 1 661 611 2630 2737
80 4 2 10 1 2558 2514 2589 2729
81 4 2 10 1 2558 2597 2588 2677
82 4 2 10 1 2641 2680 565 2759
83 4 2 10 1 585 2586 545 2602
84 4 2 10 1 169 170 2601 2618
85 4 2 10 1 653 604 652 2641
86 4 2 10 1 2541 2631 2595 2794
87 4 2 10 1 2557 113 2632 2708
88 4 2 10 1 2533 2604 2511 2740
89 4 2 10 1 2580 2639 2557 2761
90 4 2 10 1 2554 2676 2595 2695
91 4 2 10 1 2654 2691 2656 2701
92 4 2 10 1 763 821 765 2653
93 4 2 10 1 2549 2567 2510 2654
94 4 2 10 1 2534 2639 2634 2761
95 4 2 10 1 2534 2542 2520 2634
96 4 2 10 1 93 2534 92 2721
97 4 2 10 1 2576 2610 2520 2614
98 4 2 10 1 2595 2631 2541 2750
99 4 2 10 1 2686 2802 2626 2826
100 4 2 10 1 963 2599 2581 2740
101 4 2 10 1 2506 2587 2559 2651
102 4 2 10 1 571 2691 2630 2737
103 4 2 10 1 2530 2691 441 2701
104 4 2 10 1 2557 2621 113 2708
105 4 2 10 1 2580 2621 2557 2760
106 4 2 10 1 169 168 170 2618
107 4 2 10 1 791 2543 822 2591
108 4 2 10 1 2507 2639 2634 2787
109 4 2 10 1 2626 2802 2560 2826
110 4 2 10 1 717 2564 626 2717
111 4 2 10 1 493 2612 537 2701
112 4 2 10 1 2511 2604 2658 2694
113 4 2 10 1 2533 2517 2623 2658
114 4 2 10 1 2511 2658 2588 2694
115 4 2 10 1 2556 2605 2554 2695
116 4 2 10 1 599 2641 565 2759
117 4 2 10 1 1001 997 1000 2582
118 4 2 10 1 2557 2580 2527 2745
119 4 2 10 1 2520 2534 2634 2761
120 4 2 10 1 714 2723 2564 2764
121 4 2 10 1 537 2612 2530 2701
122 4 2 10 1 2534 2557 2639 2761
123 4 2 10 1 2607 2608 2536 2734
124 4 2 10 1 2508 2642 2568 2719
125 4 2 10 1 2568 2571 2504 2715
126 4 2 10 1 2605 2695 2556 2804
127 4 2 10 1 694 2590 2711 2792
128 4 2 10 1 369 415 372 2550
129 4 2 10 1 2618 49 2712 2754
130 4 2 10 1 2520 2534 2761 2782
131 4 2 10 1 2539 2680 2641 2759
132 4 2 10 1 2568 2571 2528 2643
133 4 2 10 1 2579 2595 2541 2750
134 4 2 10 1 2527 2557 2621 2760
135 4 2 10 1 943 2581 2679 2740
136 4 2 10 1 853 852 878 2540
137 4 2 10 1 2509 2621 2580 2760
138 4 2 10 1 2668 2783 2552 2787
139 4 2 10 1 2517 2623 2575 2694
140 4 2 10 1 293 251 295 2663
141 4 2 10 1 2614 2652 2541 2789
142 4 2 10 1 2521 2578 2627 2796
143 4 2 10 1 508 2539 558 2759
144 4 2 10 1 2504 2676 2595 2772
145 4 2 10 1 496 2756 450 2802
146 4 2 10 1 2540 2648 821 2653
147 4 2 10 1 2506 2559 2587 2631
148 4 2 10 1 2628 2654 2510 2690
149 4 2 10 1 508 560 2680 2759
150 4 2 10 1 791 819 2589 2591
151 4 2 10 1 2505 2558 2588 2823
152 4 2 10 1 2547 2654 480 2691
153 4 2 10 1 603 517 566 2609
154 4 2 10 1 694 2666 2590 2792
155 4 2 10 1 375 2550 2611 2697
156 4 2 10 1 2592 2727 2633 2771
157 4 2 10 1 2533 2599 2511 2799
158 4 2 10 1 65 107 111 2557
159 4 2 10 1 49 2618 2600 2754
160 4 2 10 1 2504 2695 2605 2804
161 4 2 10 1 111 2557 113 2632
162 4 2 10 1 2528 2686 2626 2826
163 4 2 10 1 375 2550 421 2611
164 4 2 10 1 2509 2560 2537 2664
165 4 2 10 1 2516 2577 2558 2608
166 4 2 10 1 993 2645 997 2831
167 4 2 10 1 2558 2577 2514 2729
168 4 2 10 1 2558 2729 2589 2735
169 4 2 10 1 2525 2602 2563 2683
170 4 2 10 1 2594 2616 2518 2685
171 4 2 10 1 337 2644 427 2747
172 4 2 10 1 109 113 2557 2621
173 4 2 10 1 427 2644 428 2747
174 4 2 10 1 274 2567 228 2616
175 4 2 10 1 961 2581 963 2599
176 4 2 10 1 228 2616 2567 2660
177 4 2 10 1 2507 2668 2552 2730
178 4 2 10 1 632 2635 2602 2636
179 4 2 10 1 2521 2578 2635 2814
180 4 2 10 1 2541 2595 2579 2652
181 4 2 10 1 2614 2718 2652 2789
182 4 2 10 1 1000 2582 985 2762
183 4 2 10 1 2521 2702 2578 2796
184 4 2 10 1 793 2543 792 2636
185 4 2 10 1 2526 2718 2580 2761
186 4 2 10 1 66 107 65 2557
187 4 2 10 1 508 2680 2539 2759
188 4 2 10 1 795 2636 797 2657
189 4 2 10 1 293 295 2617 2663
190 4 2 10 1 2538 2516 2577 2662
191 4 2 10 1 671 717 626 2717
192 4 2 10 1 2514 2591 2589 2729
193 4 2 10 1 169 2618 2601 2767
194 4 2 10 1 1001 2582 1000 2762
195 4 2 10 1 2571 2579 2504 2760
196 4 2 10 1 2522 2607 2620 2661
197 4 2 10 1 2521 2627 2578 2814
198 4 2 10 1 342 345 2576 2758
199 4 2 10 1 2614 2667 2541 2765
200 4 2 10 1 2508 2697 2550 2801
201 4 2 10 1 98 2616 179 2828
202 4 2 10 1 111 107 113 2557
203 4 2 10 1 307 2610 2576 2614
204 4 2 10 1 2510 2654 2567 2690
205 4 2 10 1 611 571 2630 2737
206 4 2 10 1 2504 2595 2579 2643
207 4 2 10 1 2569 2646 2581 2662
208 4 2 10 1 2582 2591 933 2679
209 4 2 10 1 2518 2556 2594 2685
210 4 2 10 1 2508 2714 2571 2715
211 4 2 10 1 2568 2571 2508 2755
212 4 2 10 1 2511 2604 2533 2658
213 4 2 10 1 2505 2588 2597 2643
214 4 2 10 1 2511 2597 2588 2689
215 4 2 10 1 2511 2581 2569 2769
216 4 2 10 1 779 2596 2763 2792
217 4 2 10 1 2539 2674 558 2759
218 4 2 10 1 2556 2778 2594 2781
219 4 2 10 1 2587 2596 2523 2768
220 4 2 10 1 494 536 2560 2827
221 4 2 10 1 2557 2675 64 2733
222 4 2 10 1 2634 2652 2554 2707
223 4 2 10 1 2578 2665 2627 2796
224 4 2 10 1 2558 2577 2516 2662
225 4 2 10 1 2511 2588 2658 2689
226 4 2 10 1 2577 2608 814 2735
227 4 2 10 1 295 251 332 2663
228 4 2 10 1 2568 2642 2715 2719
229 4 2 10 1 960 959 2599 2769
230 4 2 10 1 581 534 491 2723
231 4 2 10 1 2514 2591 2582 2679
232 4 2 10 1 275 314 228 2567
233 4 2 10 1 2588 2689 2643 2815
234 4 2 10 1 64 2557 63 2675
235 4 2 10 1 2584 2650 2587 2726
236 4 2 10 1 963 2581 964 2740
237 4 2 10 1 2543 2636 2521 2702
238 4 2 10 1 565 2641 2603 2680
239 4 2 10 1 2525 2602 2586 2615
240 4 2 10 1 2634 2639 2534 2787
241 4 2 10 1 2587 2584 2726 2742
242 4 2 10 1 787 2629 2540 2653
243 4 2 10 1 2518 2816 2649 2821
244 4 2 10 1 2616 2624 2518 2685
245 4 2 10 1 2575 2694 2623 2793
246 4 2 10 1 2513 2593 2547 2684
247 4 2 10 1 325 2669 2550 2670
248 4 2 10 1 147 2732 2562 2798
249 4 2 10 1 2522 2659 2690 2778
250 4 2 10 1 2526 2681 101 2692
251 4 2 10 1 462 421 375 2550
252 4 2 10 1 101 2692 2681 2732
253 4 2 10 1 2558 2577 2729 2735
254 4 2 10 1 2563 2602 546 2683
255 4 2 10 1 169 2601 262 2767
256 4 2 10 1 169 168 2618 2767
257 4 2 10 1 2525 2615 2586 2814
258 4 2 10 1 2533 2623 2694 2793
259 4 2 10 1 274 2585 2567 2616
260 4 2 10 1 2516 2688 2558 2776
261 4 2 10 1 66 107 2557 2732
262 4 2 10 1 2688 2726 2597 2776
263 4 2 10 1 2505 2676 2504 2772
264 4 2 10 1 2541 2667 2614 2789
265 4 2 10 1 2513 2564 2593 2716
266 4 2 10 1 2556 2594 2685 2781
267 4 2 10 1 187 184 185 2562
268 4 2 10 1 2516 2726 2688 2776
269 4 2 10 1 2597 2643 2588 2689
270 4 2 10 1 2505 2597 2558 2688
271 4 2 10 1 2586 2615 2602 2806
272 4 2 10 1 958 956 924 2582
273 4 2 10 1 2652 2706 2554 2707
274 4 2 10 1 440 441 2691 2701
275 4 2 10 1 2527 2557 2632 2708
276 4 2 10 1 2538 2577 2516 2748
277 4 2 10 1 2529 2587 2531 2631
278 4 2 10 1 2609 2644 472 2671
279 4 2 10 1 2560 2803 2626 2826
280 4 2 10 1 2513 2578 2564 2716
281 4 2 10 1 2576 2610 347 2699
282 4 2 10 1 2550 2611 2508 2640
283 4 2 10 1 2587 2768 2523 2790
284 4 2 10 1 356 314 275 2567
285 4 2 10 1 462 2550 422 2640
286 4 2 10 1 2531 2597 2519 2631
287 4 2 10 1 2654 440 2691 2701
288 4 2 10 1 2537 2579 2509 2789
289 4 2 10 1 541 2612 2586 2717
290 4 2 10 1 2554 2605 2556 2659
291 4 2 10 1 109 2557 107 2732
292 4 2 10 1 2531 2529 2631 2666
293 4 2 10 1 646 2674 559 2682
294 4 2 10 1 53 92 57 2647
295 4 2 10 1 460 2633 2727 2771
296 4 2 10 1 2528 2568 2643 2815
297 4 2 10 1 2587 2596 2529 2763
298 4 2 10 1 496 450 494 2802
299 4 2 10 1 751 750 2532 2608
300 4 2 10 1 2558 2662 2597 2677
301 4 2 10 1 2523 2651 2587 2790
302 4 2 10 1 2584 2650 2726 2742
303 4 2 10 1 48 93 92 2721
304 4 2 10 1 558 2598 2674 2758
305 4 2 10 1 2519 2626 2579 2643
306 4 2 10 1 876 2582 917 2729
307 4 2 10 1 2602 2636 2635 2806
308 4 2 10 1 368 323 322 2669
309 4 2 10 1 440 2701 2654 2818
310 4 2 10 1 2541 2595 2652 2794
311 4 2 10 1 2519 2629 2531 2631
312 4 2 10 1 743 2641 2596 2792
313 4 2 10 1 2507 2668 2730 2781
314 4 2 10 1 2557 2639 2580 2745
315 4 2 10 1 2525 2586 2602 2683
316 4 2 10 1 2508 2568 2592 2719
317 4 2 10 1 2548 2508 2592 2611
318 4 2 10 1 109 2621 2557 2732
319 4 2 10 1 2513 2593 2564 2656
320 4 2 10 1 2527 2621 2557 2708
321 4 2 10 1 2504 2760 2579 2804
322 4 2 10 1 2528 2626 2571 2826
323 4 2 10 1 822 2591 2543 2797
324 4 2 10 1 2506 2651 2559 2784
325 4 2 10 1 2558 2688 2597 2776
326 4 2 10 1 2618 2668 2545 2781
327 4 2 10 1 602 2603 565 2641
328 4 2 10 1 2526 2562 2732 2798
329 4 2 10 1 2521 2543 2702 2739
330 4 2 10 1 919 920 954 2582
331 4 2 10 1 791 2589 789 2702
332 4 2 10 1 369 372 325 2550
333 4 2 10 1 2519 2590 2629 2631
334 4 2 10 1 652 604 602 2641
335 4 2 10 1 558 2598 507 2674
336 4 2 10 1 792 2543 791 2702
337 4 2 10 1 298 2670 330 2697
338 4 2 10 1 595 558 2674 2759
339 4 2 10 1 2552 2783 2655 2787
340 4 2 10 1 2533 2740 2599 2799
341 4 2 10 1 2587 2704 2596 2763
342 4 2 10 1 2579 2652 2718 2789
343 4 2 10 1 933 2582 2679 2762
344 4 2 10 1 2526 2509 2562 2798
345 4 2 10 1 2514 2577 2558 2662
346 4 2 10 1 322 2669 2535 2696
347 4 2 10 1 2544 2520 2652 2713
348 4 2 10 1 2551 2802 2686 2826
349 4 2 10 1 545 546 2602 2683
350 4 2 10 1 558 2674 2539 2758
351 4 2 10 1 342 2576 2544 2758
352 4 2 10 1 307 2614 2576 2765
353 4 2 10 1 2692 2732 2557 2761
354 4 2 10 1 850 2729 2577 2735
355 4 2 10 1 184 187 186 2562
356 4 2 10 1 2504 2605 2676 2773
357 4 2 10 1 537 495 583 2612
358 4 2 10 1 2569 2662 2597 2776
359 4 2 10 1 322 2535 2672 2756
360 4 2 10 1 2558 2516 2608 2688
361 4 2 10 1 522 2691 571 2737
362 4 2 10 1 715 711 714 2764
363 4 2 10 1 2548 2623 2517 2658
364 4 2 10 1 2520 2652 2614 2718
365 4 2 10 1 477 437 480 2547
366 4 2 10 1 285 322 323 2669
367 4 2 10 1 633 2602 2575 2636
368 4 2 10 1 2518 2553 2816 2821
369 4 2 10 1 2554 2634 2556 2695
370 4 2 10 1 2590 2631 2529 2666
371 4 2 10 1 2556 2518 2594 2678
372 4 2 10 1 2601 2618 170 2828
373 4 2 10 1 2511 2604 2588 2677
374 4 2 10 1 186 184 2562 2681
375 4 2 10 1 2520 2652 2634 2707
376 4 2 10 1 582 537 2564 2723
377 4 2 10 1 63 2557 2632 2675
378 4 2 10 1 2590 2529 2711 2792
379 4 2 10 1 2676 2773 2605 2810
380 4 2 10 1 2558 2514 2677 2739
381 4 2 10 1 605 2620 2607 2661
382 4 2 10 1 2556 2659 2778 2781
383 4 2 10 1 450 2756 2560 2802
384 4 2 10 1 2658 2689 2588 2815
385 4 2 10 1 2601 2618 2545 2781
386 4 2 10 1 2667 2777 2614 2789
387 4 2 10 1 2626 2803 2571 2826
388 4 2 10 1 2508 2548 2592 2755
389 4 2 10 1 541 2586 2612 2683
390 4 2 10 1 2520 2699 2534 2782
391 4 2 10 1 2659 2690 2546 2725
392 4 2 10 1 2507 2556 2639 2685
393 4 2 10 1 295 332 2617 2663
394 4 2 10 1 2556 2685 2659 2781
395 4 2 10 1 2548 2592 2517 2633
396 4 2 10 1 2654 2690 437 2786
397 4 2 10 1 2508 2611 2550 2697
398 4 2 10 1 2586 2635 2578 2814
399 4 2 10 1 2654 2701 2549 2818
400 4 2 10 1 226 227 230 2562
401 4 2 10 1 2506 2587 2651 2790
402 4 2 10 1 2510 2678 2574 2753
403 4 2 10 1 480 2547 437 2654
404 4 2 10 1 867 868 866 2555
405 4 2 10 1 2596 2523 2768 2790
406 4 2 10 1 345 342 425 2758
407 4 2 10 1 2542 2634 2534 2787
408 4 2 10 1 720 2635 632 2636
409 4 2 10 1 2556 2507 2659 2685
410 4 2 10 1 322 2696 2535 2756
411 4 2 10 1 2546 2690 2671 2725
412 4 2 10 1 2541 2652 2614 2765
413 4 2 10 1 2522 2690 2659 2725
414 4 2 10 1 2541 2750 2631 2794
415 4 2 10 1 2603 2641 2539 2680
416 4 2 10 1 2585 2678 2553 2795
417 4 2 10 1 2520 2542 2534 2699
418 4 2 10 1 2564 2578 718 2716
419 4 2 10 1 821 2648 2540 2820
420 4 2 10 1 661 698 2593 2630
421 4 2 10 1 559 2682 2674 2751
422 4 2 10 1 2507 2556 2634 2639
423 4 2 10 1 2613 2628 2513 2656
424 4 2 10 1 2590 2666 2529 2792
425 4 2 10 1 2561 2715 2642 2719
426 4 2 10 1 131 2721 2542 2782
427 4 2 10 1 2521 2627 2743 2796
428 4 2 10 1 2569 2637 2538 2776
429 4 2 10 1 450 2560 494 2802
430 4 2 10 1 455 411 458 2563
431 4 2 10 1 2516 2726 2650 2742
432 4 2 10 1 2514 2679 2582 2762
433 4 2 10 1 2563 2592 2633 2757
434 4 2 10 1 2543 2703 793 2797
435 4 2 10 1 951 917 919 2582
436 4 2 10 1 2564 2578 2513 2717
437 4 2 10 1 2532 2584 744 2638
438 4 2 10 1 2579 2541 2652 2789
439 4 2 10 1 2506 2559 2631 2784
440 4 2 10 1 2547 2593 2513 2656
441 4 2 10 1 492 493 537 2701
442 4 2 10 1 595 508 558 2759
443 4 2 10 1 2652 2695 2579 2718
444 4 2 10 1 748 654 656 2532
445 4 2 10 1 793 2543 2636 2703
446 4 2 10 1 2581 2599 2511 2604
447 4 2 10 1 2619 2712 49 2754
448 4 2 10 1 632 2586 585 2602
449 4 2 10 1 2522 2605 2659 2778
450 4 2 10 1 683 2682 2638 2744
451 4 2 10 1 2586 2615 2806 2814
452 4 2 10 1 2545 2624 2616 2685
453 4 2 10 1 2546 2690 2659 2778
454 4 2 10 1 997 993 2582 2645
455 4 2 10 1 2504 2643 2568 2773
456 4 2 10 1 493 495 537 2612
457 4 2 10 1 2556 2634 2554 2659
458 4 2 10 1 491 488 490 2530
459 4 2 10 1 2631 2726 2597 2772
460 4 2 10 1 494 2560 450 2827
461 4 2 10 1 2504 2579 2695 2804
462 4 2 10 1 2510 2690 2567 2778
463 4 2 10 1 2548 2508 2611 2640
464 4 2 10 1 2505 2597 2688 2772
465 4 2 10 1 769 676 2623 2824
466 4 2 10 1 2553 2678 2775 2795
467 4 2 10 1 2578 2513 2717 2814
468 4 2 10 1 2635 2636 766 2702
469 4 2 10 1 751 2532 2607 2608
470 4 2 10 1 2557 2534 2692 2761
471 4 2 10 1 919 917 876 2582
472 4 2 10 1 414 2563 458 2617
473 4 2 10 1 2536 2743 2688 2810
474 4 2 10 1 2525 2602 2615 2817
475 4 2 10 1 98 97 102 2616
476 4 2 10 1 2576 2614 2520 2765
477 4 2 10 1 2547 2661 2654 2690
478 4 2 10 1 2508 2642 2714 2715
479 4 2 10 1 2523 2682 2674 2704
480 4 2 10 1 2554 2652 2634 2695
481 4 2 10 1 2534 2647 92 2721
482 4 2 10 1 689 2596 2641 2759
483 4 2 10 1 653 604 2641 2711
484 4 2 10 1 2584 2516 2650 2742
485 4 2 10 1 2528 2571 2568 2755
486 4 2 10 1 2536 2620 2607 2734
487 4 2 10 1 2704 2744 803 2785
488 4 2 10 1 940 2657 2604 2679
489 4 2 10 1 571 522 2630 2691
490 4 2 10 1 2507 2634 2542 2787
491 4 2 10 1 2508 2755 2571 2826
492 4 2 10 1 415 2550 369 2669
493 4 2 10 1 379 425 342 2758
494 4 2 10 1 2513 2564 2612 2656
495 4 2 10 1 492 2530 446 2701
496 4 2 10 1 782 2584 2724 2785
497 4 2 10 1 2579 2595 2519 2643
498 4 2 10 1 2614 2652 2520 2765
499 4 2 10 1 2608 2734 752 2735
500 4 2 10 1 2531 2519 2597 2822
501 4 2 10 1 920 956 954 2582
502 4 2 10 1 2535 2669 322 2766
503 4 2 10 1 762 718 673 2578
504 4 2 10 1 2513 2612 2613 2656
505 4 2 10 1 546 454 2563 2683
506 4 2 10 1 475 2711 2667 2765
507 4 2 10 1 2513 2684 2628 2814
508 4 2 10 1 2589 2702 2543 2739
509 4 2 10 1 940 2679 2604 2740
510 4 2 10 1 748 744 603 2532
511 4 2 10 1 2556 2580 2639 2804
512 4 2 10 1 32 2624 33 2649
513 4 2 10 1 59 102 97 2616
514 4 2 10 1 2708 2775 2642 2825
515 4 2 10 1 2504 2579 2595 2695
516 4 2 10 1 2556 2639 2745 2804
517 4 2 10 1 2659 2685 2507 2781
518 4 2 10 1 422 2640 2550 2791
519 4 2 10 1 93 92 2534 2782
520 4 2 10 1 2580 2634 2556 2639
521 4 2 10 1 646 559 645 2682
522 4 2 10 1 2549 2510 2574 2613
523 4 2 10 1 2601 2720 262 2767
524 4 2 10 1 2570 2638 2523 2651
525 4 2 10 1 718 2564 717 2717
526 4 2 10 1 477 520 2547 2737
527 4 2 10 1 740 2596 689 2759
528 4 2 10 1 492 537 2530 2701
529 4 2 10 1 494 448 536 2827
530 4 2 10 1 605 658 695 2607
531 4 2 10 1 2549 2628 2613 2656
532 4 2 10 1 529 485 531 2723
533 4 2 10 1 2571 2626 2528 2643
534 4 2 10 1 769 2623 2575 2824
535 4 2 10 1 2597 2726 2688 2772
536 4 2 10 1 2567 2585 2510 2594
537 4 2 10 1 2538 2516 2625 2748
538 4 2 10 1 417 2550 415 2791
539 4 2 10 1 2542 2520 2634 2707
540 4 2 10 1 2661 2786 2690 2808
541 4 2 10 1 718 2578 2564 2717
542 4 2 10 1 2773 2815 2615 2823
543 4 2 10 1 2521 2743 2702 2796
544 4 2 10 1 669 582 2564 2723
545 4 2 10 1 345 2680 2576 2758
546 4 2 10 1 2548 2517 2623 2633
547 4 2 10 1 2507 2552 2668 2783
548 4 2 10 1 125 2542 2721 2728
549 4 2 10 1 694 2711 692 2792
550 4 2 10 1 2526 2732 2509 2798
551 4 2 10 1 423 422 2550 2791
552 4 2 10 1 411 458 2563 2617
553 4 2 10 1 2536 2734 2608 2735
554 4 2 10 1 940 936 938 2679
555 4 2 10 1 2540 2769 2569 2780
556 4 2 10 1 274 183 2585 2616
557 4 2 10 1 2519 2579 2626 2750
558 4 2 10 1 2588 2677 2604 2694
559 4 2 10 1 522 2547 480 2691
560 4 2 10 1 2540 874 2769 2780
561 4 2 10 1 1000 997 996 2582
562 4 2 10 1 2536 2665 2734 2796
563 4 2 10 1 287 2617 242 2663
564 4 2 10 1 2518 2585 2553 2821
565 4 2 10 1 558 2539 508 2758
566 4 2 10 1 2626 2686 2653 2687
567 4 2 10 1 795 863 825 2703
568 4 2 10 1 2520 2695 2652 2718
569 4 2 10 1 2567 2585 274 2736
570 4 2 10 1 2539 2674 2598 2758
571 4 2 10 1 2582 2645 2514 2762
572 4 2 10 1 2509 2537 2573 2664
573 4 2 10 1 2523 2587 2651 2704
574 4 2 10 1 437 2654 2547 2661
575 4 2 10 1 2627 2665 2743 2796
576 4 2 10 1 2518 2594 2585 2616
577 4 2 10 1 2510 2613 2549 2628
578 4 2 10 1 2545 2616 2594 2685
579 4 2 10 1 391 2786 2661 2808
580 4 2 10 1 2521 2806 2615 2814
581 4 2 10 1 2587 2651 2584 2742
582 4 2 10 1 2513 2627 2578 2665
583 4 2 10 1 2518 2553 2585 2678
584 4 2 10 1 2577 2558 2608 2735
585 4 2 10 1 2511 2569 2540 2769
586 4 2 10 1 716 718 2578 2716
587 4 2 10 1 480 2654 438 2691
588 4 2 10 1 2585 2594 2567 2616
589 4 2 10 1 2517 2592 2548 2755
590 4 2 10 1 2588 2677 2694 2739
591 4 2 10 1 2516 2538 2637 2776
592 4 2 10 1 2528 2551 2686 2826
593 4 2 10 1 2504 2676 2505 2773
594 4 2 10 1 2531 2587 2529 2763
595 4 2 10 1 2585 2553 2698 2795
596 4 2 10 1 624 669 582 2564
597 4 2 10 1 2516 2637 2650 2726
598 4 2 10 1 202 253 251 2663
599 4 2 10 1 152 2585 2553 2698
600 4 2 10 1 656 751 750 2532
601 4 2 10 1 2571 2504 2715 2760
602 4 2 10 1 2511 2540 2569 2822
603 4 2 10 1 2671 2690 2661 2725
604 4 2 10 1 226 2562 185 2681
605 4 2 10 1 228 2567 273 2660
606 4 2 10 1 2560 2756 450 2827
607 4 2 10 1 2580 2745 2639 2804
608 4 2 10 1 2602 2806 2615 2817
609 4 2 10 1 97 2616 2545 2624
610 4 2 10 1 714 711 2723 2764
611 4 2 10 1 185 2562 184 2681
612 4 2 10 1 2523 2651 2584 2704
613 4 2 10 1 2506 2651 2570 2790
614 4 2 10 1 2599 2604 2581 2740
615 4 2 10 1 2538 2637 2569 2749
616 4 2 10 1 322 366 2696 2756
617 4 2 10 1 2517 2592 2568 2817
618 4 2 10 1 2517 2548 2658 2755
619 4 2 10 1 2593 2620 2547 2684
620 4 2 10 1 2595 2506 2652 2794
621 4 2 10 1 2513 2665 2593 2684
622 4 2 10 1 480 522 477 2547
623 4 2 10 1 703 2629 787 2653
624 4 2 10 1 2522 2609 2607 2661
625 4 2 10 1 2688 2726 2559 2772
626 4 2 10 1 749 2666 694 2792
627 4 2 10 1 92 2692 2534 2782
628 4 2 10 1 359 356 275 2736
629 4 2 10 1 2509 2583 2560 2664
630 4 2 10 1 717 715 670 2564
631 4 2 10 1 374 2697 2611 2727
632 4 2 10 1 2544 2706 2598 2790
633 4 2 10 1 2516 2558 2662 2776
634 4 2 10 1 328 325 372 2550
635 4 2 10 1 2543 2677 2514 2739
636 4 2 10 1 10 2619 47 2754
637 4 2 10 1 2513 2578 2627 2814
638 4 2 10 1 1001 1000 985 2762
639 4 2 10 1 624 582 537 2564
640 4 2 10 1 2507 2659 2730 2783
641 4 2 10 1 2561 2745 2804 2811
642 4 2 10 1 66 2557 61 2732
643 4 2 10 1 2506 2768 2587 2790
644 4 2 10 1 2538 2625 2516 2637
645 4 2 10 1 328 2550 330 2670
646 4 2 10 1 943 2679 940 2740
647 4 2 10 1 2509 2583 2664 2805
648 4 2 10 1 503 2563 373 2727
649 4 2 10 1 2544 2598 2758 2790
650 4 2 10 1 230 229 2562 2774
651 4 2 10 1 2526 2562 2509 2573
652 4 2 10 1 792 766 2636 2702
653 4 2 10 1 2544 2576 2520 2713
654 4 2 10 1 2549 2613 2612 2656
655 4 2 10 1 2531 2637 872 2780
656 4 2 10 1 2556 2804 2745 2811
657 4 2 10 1 689 2596 740 2641
658 4 2 10 1 372 417 334 2550
659 4 2 10 1 345 425 2680 2758
660 4 2 10 1 544 630 672 2686
661 4 2 10 1 2539 2680 508 2758
662 4 2 10 1 267 2601 2660 2808
663 4 2 10 1 2505 2815 2773 2823
664 4 2 10 1 138 101 2526 2681
665 4 2 10 1 2570 2523 2638 2751
666 4 2 10 1 2587 2631 2559 2726
667 4 2 10 1 325 369 2550 2669
668 4 2 10 1 588 590 2640 2807
669 4 2 10 1 2522 2690 2605 2778
670 4 2 10 1 2690 2786 2546 2808
671 4 2 10 1 264 347 266 2610
672 4 2 10 1 2517 2568 2592 2755
673 4 2 10 1 488 491 534 2723
674 4 2 10 1 2510 2585 2574 2678
675 4 2 10 1 2564 2513 2612 2717
676 4 2 10 1 2533 2658 2604 2694
677 4 2 10 1 2516 2637 2726 2776
678 4 2 10 1 2518 2639 2556 2685
679 4 2 10 1 322 2672 2535 2766
680 4 2 10 1 169 170 217 2601
681 4 2 10 1 2513 2547 2628 2684
682 4 2 10 1 2507 2783 2668 2787
683 4 2 10 1 2581 2646 2569 2769
684 4 2 10 1 2593 2665 705 2734
685 4 2 10 1 2554 2659 2707 2725
686 4 2 10 1 2586 2602 632 2635
687 4 2 10 1 280 2585 2574 2736
688 4 2 10 1 2516 2662 2538 2776
689 4 2 10 1 435 2667 2614 2765
690 4 2 10 1 996 997 993 2582
691 4 2 10 1 743 2596 779 2792
692 4 2 10 1 2570 2523 2751 2790
693 4 2 10 1 876 920 919 2582
694 4 2 10 1 785 850 2577 2735
695 4 2 10 1 64 2675 60 2733
696 4 2 10 1 943 964 2581 2740
697 4 2 10 1 2547 2513 2628 2656
698 4 2 10 1 2588 2643 2505 2815
699 4 2 10 1 2537 2509 2573 2789
700 4 2 10 1 2530 2593 2564 2764
701 4 2 10 1 913 917 2645 2729
702 4 2 10 1 2531 2629 2519 2822
703 4 2 10 1 2566 2642 2527 2714
704 4 2 10 1 2522 2547 2620 2684
705 4 2 10 1 154 2566 198 2622
706 4 2 10 1 243 328 290 2670
707 4 2 10 1 2654 2656 2549 2701
708 4 2 10 1 2681 2692 2526 2732
709 4 2 10 1 239 2766 2708 2819
710 4 2 10 1 2595 2643 2504 2772
711 4 2 10 1 762 764 761 2578
712 4 2 10 1 2537 2626 2579 2750
713 4 2 10 1 2603 2711 475 2765
714 4 2 10 1 93 2534 2721 2782
715 4 2 10 1 251 293 249 2663
716 4 2 10 1 558 507 559 2674
717 4 2 10 1 2510 2605 2572 2628
718 4 2 10 1 2530 2564 2593 2656
719 4 2 10 1 2630 2691 2593 2737
720 4 2 10 1 2510 2549 2574 2736
721 4 2 10 1 2622 2642 2775 2825
722 4 2 10 1 2522 2661 2690 2725
723 4 2 10 1 540 541 2586 2717
724 4 2 10 1 2552 2600 2524 2655
725 4 2 10 1 2595 2631 2506 2794
726 4 2 10 1 2597 2662 2558 2776
727 4 2 10 1 2580 2527 2745 2804
728 4 2 10 1 2569 2538 2662 2776
729 4 2 10 1 2581 2599 959 2769
730 4 2 10 1 2547 2691 522 2737
731 4 2 10 1 168 133 170 2618
732 4 2 10 1 359 356 2736 2818
733 4 2 10 1 2567 2778 2690 2786
734 4 2 10 1 2519 2595 2579 2750
735 4 2 10 1 292 289 288 2617
736 4 2 10 1 2530 2564 537 2723
737 4 2 10 1 435 2614 2667 2777
738 4 2 10 1 2579 2760 2695 2804
739 4 2 10 1 125 2542 126 2721
740 4 2 10 1 763 2540 821 2653
741 4 2 10 1 558 559 594 2674
742 4 2 10 1 61 66 65 2557
743 4 2 10 1 285 322 2669 2766
744 4 2 10 1 2560 2802 2696 2826
745 4 2 10 1 370 415 369 2669
746 4 2 10 1 639 2548 588 2640
747 4 2 10 1 90 2600 49 2618
748 4 2 10 1 2654 2661 437 2690
749 4 2 10 1 2567 2660 2594 2786
750 4 2 10 1 2581 2646 2514 2662
751 4 2 10 1 957 954 956 2582
752 4 2 10 1 2639 2675 2518 2745
753 4 2 10 1 59 2616 97 2624
754 4 2 10 1 2567 2616 2594 2660
755 4 2 10 1 2504 2804 2605 2811
756 4 2 10 1 626 717 670 2564
757 4 2 10 1 2528 2653 2626 2686
758 4 2 10 1 782 809 2584 2785
759 4 2 10 1 2531 2650 2637 2726
760 4 2 10 1 972 974 2749 2831
761 4 2 10 1 872 2637 2531 2763
762 4 2 10 1 170 2618 133 2828
763 4 2 10 1 2592 2508 2719 2829
764 4 2 10 1 920 2591 2582 2729
765 4 2 10 1 940 938 2657 2679
766 4 2 10 1 2544 2652 2706 2713
767 4 2 10 1 673 2578 718 2717
768 4 2 10 1 585 545 546 2602
769 4 2 10 1 1000 999 985 2582
770 4 2 10 1 2557 2639 2632 2675
771 4 2 10 1 2570 2651 2523 2790
772 4 2 10 1 2604 2694 2677 2739
773 4 2 10 1 2514 2581 2662 2677
774 4 2 10 1 2519 2631 2595 2750
775 4 2 10 1 2605 2804 2556 2811
776 4 2 10 1 2564 2612 583 2717
777 4 2 10 1 325 2550 328 2670
778 4 2 10 1 2504 2773 2561 2811
779 4 2 10 1 2563 2683 454 2710
780 4 2 10 1 2604 2533 2694 2793
781 4 2 10 1 437 2690 2661 2786
782 4 2 10 1 2627 2810 2572 2823
783 4 2 10 1 249 293 246 2663
784 4 2 10 1 705 2716 710 2796
785 4 2 10 1 65 64 61 2557
786 4 2 10 1 878 853 2540 2820
787 4 2 10 1 2561 2745 2715 2804
788 4 2 10 1 477 2547 522 2737
789 4 2 10 1 2575 2636 2602 2806
790 4 2 10 1 605 2607 2609 2661
791 4 2 10 1 705 2734 2665 2796
792 4 2 10 1 368 2669 322 2696
793 4 2 10 1 287 324 242 2617
794 4 2 10 1 2520 2634 2652 2695
795 4 2 10 1 705 2665 2593 2716
796 4 2 10 1 2505 2588 2815 2823
797 4 2 10 1 963 937 2599 2740
798 4 2 10 1 894 2555 893 2799
799 4 2 10 1 2632 2639 2557 2745
800 4 2 10 1 2514 2645 2582 2729
801 4 2 10 1 2536 2743 2665 2796
802 4 2 10 1 2518 2553 2678 2775
803 4 2 10 1 48 92 2647 2721
804 4 2 10 1 2505 2743 2558 2823
805 4 2 10 1 2509 2732 2621 2798
806 4 2 10 1 2508 2697 2801 2829
807 4 2 10 1 2577 2645 2538 2662
808 4 2 10 1 302 2673 2544 2699
809 4 2 10 1 423 2550 417 2791
810 4 2 10 1 2507 2634 2556 2659
811 4 2 10 1 2520 2610 2576 2699
812 4 2 10 1 960 963 937 2599
813 4 2 10 1 2584 2651 2587 2704
814 4 2 10 1 738 2596 739 2674
815 4 2 10 1 2544 2598 2706 2779
816 4 2 10 1 2549 2654 2628 2656
817 4 2 10 1 2541 2667 2711 2765
818 4 2 10 1 2622 2708 2642 2825
819 4 2 10 1 1001 997 2582 2762
820 4 2 10 1 779 2763 780 2792
821 4 2 10 1 2547 2661 2620 2737
822 4 2 10 1 605 2609 568 2661
823 4 2 10 1 2561 2504 2715 2773
824 4 2 10 1 2572 2605 2773 2810
825 4 2 10 1 2505 2504 2643 2772
826 4 2 10 1 161 154 198 2622
827 4 2 10 1 219 2660 2601 2828
828 4 2 10 1 2523 2674 2596 2704
829 4 2 10 1 439 480 438 2691
830 4 2 10 1 913 2645 2577 2729
831 4 2 10 1 392 2614 2573 2813
832 4 2 10 1 356 355 314 2567
833 4 2 10 1 956 924 2582 2591
834 4 2 10 1 822 2543 793 2797
835 4 2 10 1 154 2566 2622 2708
836 4 2 10 1 604 2603 602 2641
837 4 2 10 1 930 933 2582 2591
838 4 2 10 1 2530 2612 2564 2656
839 4 2 10 1 2567 2654 2549 2818
840 4 2 10 1 2536 2734 2735 2796
841 4 2 10 1 147 2681 2562 2732
842 4 2 10 1 2507 2707 2659 2783
843 4 2 10 1 2665 2716 705 2796
844 4 2 10 1 2561 2773 2715 2812
845 4 2 10 1 198 247 2566 2670
846 4 2 10 1 2505 2773 2676 2810
847 4 2 10 1 762 764 2578 2635
848 4 2 10 1 2531 2637 2569 2776
849 4 2 10 1 996 975 978 2582
850 4 2 10 1 791 819 789 2589
851 4 2 10 1 460 2633 589 2757
852 4 2 10 1 2642 2708 2527 2775
853 4 2 10 1 92 57 2534 2692
854 4 2 10 1 2631 2750 2590 2794
855 4 2 10 1 748 2584 2532 2742
856 4 2 10 1 2574 2753 2678 2795
857 4 2 10 1 2532 2638 2570 2651
858 4 2 10 1 131 2542 2699 2782
859 4 2 10 1 878 879 853 2820
860 4 2 10 1 778 2638 2584 2744
861 4 2 10 1 500 454 455 2563
862 4 2 10 1 632 2602 633 2636
863 4 2 10 1 2611 2640 505 2771
864 4 2 10 1 2565 2624 2545 2685
865 4 2 10 1 2557 2692 61 2732
866 4 2 10 1 2510 2567 2549 2736
867 4 2 10 1 505 2611 462 2640
868 4 2 10 1 904 907 944 2625
869 4 2 10 1 2544 2758 2713 2790
870 4 2 10 1 2563 2617 373 2727
871 4 2 10 1 2589 2591 819 2729
872 4 2 10 1 657 2667 608 2711
873 4 2 10 1 2506 2570 2651 2784
874 4 2 10 1 2578 2717 2586 2814
875 4 2 10 1 267 2660 308 2808
876 4 2 10 1 2565 2545 2668 2685
877 4 2 10 1 2587 2726 2651 2742
878 4 2 10 1 2528 2643 2626 2689
879 4 2 10 1 944 2625 2748 2752
880 4 2 10 1 104 102 59 2616
881 4 2 10 1 2595 2631 2559 2784
882 4 2 10 1 227 230 2562 2805
883 4 2 10 1 2544 2713 2706 2790
884 4 2 10 1 2632 2675 2639 2745
885 4 2 10 1 2522 2620 2547 2661
886 4 2 10 1 2505 2643 2597 2772
887 4 2 10 1 683 2638 2682 2751
888 4 2 10 1 2507 2685 2639 2787
889 4 2 10 1 762 2578 673 2635
890 4 2 10 1 2594 2660 2546 2786
891 4 2 10 1 2604 2694 2657 2793
892 4 2 10 1 88 2600 2618 2767
893 4 2 10 1 147 149 2732 2798
894 4 2 10 1 751 2532 656 2607
895 4 2 10 1 2591 2679 2543 2797
896 4 2 10 1 131 212 2542 2721
897 4 2 10 1 2626 2643 2519 2689
898 4 2 10 1 304 2576 347 2699
899 4 2 10 1 186 2562 147 2681
900 4 2 10 1 578 2664 486 2809
901 4 2 10 1 2534 2699 2542 2782
902 4 2 10 1 2627 2743 2536 2810
903 4 2 10 1 220 307 309 2813
904 4 2 10 1 2543 2521 2636 2739
905 4 2 10 1 92 2534 57 2647
906 4 2 10 1 2657 2694 2575 2793
907 4 2 10 1 2532 2609 2570 2731
908 4 2 10 1 2522 2659 2605 2725
909 4 2 10 1 2522 2605 2628 2810
910 4 2 10 1 2528 2648 2653 2686
911 4 2 10 1 2513 2613 2612 2814
912 4 2 10 1 766 719 2635 2702
913 4 2 10 1 2531 2726 2637 2776
914 4 2 10 1 2715 2773 2568 2812
915 4 2 10 1 2567 2594 2510 2778
916 4 2 10 1 2517 2575 2623 2633
917 4 2 10 1 612 2667 2705 2809
918 4 2 10 1 2508 2640 2548 2755
919 4 2 10 1 2516 2688 2726 2742
920 4 2 10 1 2522 2628 2547 2684
921 4 2 10 1 718 717 671 2717
922 4 2 10 1 496 2696 2756 2802
923 4 2 10 1 2527 2632 2557 2745
924 4 2 10 1 961 990 989 2581
925 4 2 10 1 2508 2592 2568 2755
926 4 2 10 1 716 761 759 2578
927 4 2 10 1 2520 2614 2610 2761
928 4 2 10 1 619 667 2687 2705
929 4 2 10 1 411 2563 455 2710
930 4 2 10 1 391 437 2661 2786
931 4 2 10 1 719 764 2635 2702
932 4 2 10 1 2518 2632 2553 2775
933 4 2 10 1 2629 2653 703 2705
934 4 2 10 1 2505 2688 2558 2743
935 4 2 10 1 2615 2815 2588 2823
936 4 2 10 1 292 2617 288 2663
937 4 2 10 1 2511 2569 2597 2822
938 4 2 10 1 2518 2624 2565 2685
939 4 2 10 1 475 2603 516 2711
940 4 2 10 1 2554 2676 2605 2725
941 4 2 10 1 2532 2570 2638 2731
942 4 2 10 1 2593 2665 2620 2684
943 4 2 10 1 716 2578 759 2716
944 4 2 10 1 392 2573 2614 2777
945 4 2 10 1 2529 2666 2531 2763
946 4 2 10 1 260 2673 302 2699
947 4 2 10 1 610 2667 2590 2705
948 4 2 10 1 924 926 958 2582
949 4 2 10 1 2580 2695 2579 2760
950 4 2 10 1 2552 2720 2601 2767
951 4 2 10 1 287 289 324 2617
952 4 2 10 1 280 2574 2585 2698
953 4 2 10 1 608 657 610 2667
954 4 2 10 1 2527 2708 2566 2714
955 4 2 10 1 611 571 570 2630
956 4 2 10 1 2543 2679 2657 2703
957 4 2 10 1 964 963 961 2581
958 4 2 10 1 933 2679 2591 2797
959 4 2 10 1 2519 2631 2597 2772
960 4 2 10 1 904 2625 944 2752
961 4 2 10 1 2505 2688 2743 2810
962 4 2 10 1 2639 2685 2565 2787
963 4 2 10 1 957 956 958 2582
964 4 2 10 1 2798 2803 2672 2819
965 4 2 10 1 2507 2542 2634 2707
966 4 2 10 1 2816 2825 120 2830
967 4 2 10 1 633 2575 2602 2757
968 4 2 10 1 871 2637 2625 2752
969 4 2 10 1 2504 2605 2773 2811
970 4 2 10 1 2707 2730 2659 2783
971 4 2 10 1 2584 2744 2704 2785
972 4 2 10 1 293 329 292 2617
973 4 2 10 1 2628 2684 2572 2814
974 4 2 10 1 379 342 2693 2758
975 4 2 10 1 78 119 159 2825
976 4 2 10 1 2562 2681 226 2800
977 4 2 10 1 226 2681 180 2800
978 4 2 10 1 415 2550 2669 2791
979 4 2 10 1 198 2566 201 2622
980 4 2 10 1 540 2612 541 2717
981 4 2 10 1 2558 2677 2588 2739
982 4 2 10 1 440 2654 396 2818
983 4 2 10 1 2515 2707 2659 2725
984 4 2 10 1 732 2722 2623 2807
985 4 2 10 1 2560 2626 2537 2687
986 4 2 10 1 292 293 2617 2663
987 4 2 10 1 631 585 632 2586
988 4 2 10 1 2715 2760 2504 2804
989 4 2 10 1 2548 2611 2592 2771
990 4 2 10 1 567 475 516 2711
991 4 2 10 1 2604 2543 2694 2739
992 4 2 10 1 2508 2551 2550 2640
993 4 2 10 1 67 2624 32 2649
994 4 2 10 1 2550 2669 2551 2801
995 4 2 10 1 2553 2816 152 2830
996 4 2 10 1 2513 2627 2684 2814
997 4 2 10 1 785 2577 814 2735
998 4 2 10 1 2508 2571 2714 2826
999 4 2 10 1 2642 2719 2508 2829
1000 4 2 10 1 609 658 607 2620
1001 4 2 10 1 2570 2751 2598 2790
1002 4 2 10 1 2696 2803 2560 2826
1003 4 2 10 1 2553 2622 2512 2775
1004 4 2 10 1 2504 2561 2715 2811
1005 4 2 10 1 196 158 2663 2830
1006 4 2 10 1 588 2640 2548 2807
1007 4 2 10 1 748 2724 2584 2742
1008 4 2 10 1 2678 2745 2561 2811
1009 4 2 10 1 779 810 811 2763
1010 4 2 10 1 2521 2694 2636 2739
1011 4 2 10 1 2529 2596 2587 2768
1012 4 2 10 1 2522 2628 2684 2810
1013 4 2 10 1 2522 2605 2676 2725
1014 4 2 10 1 2526 2573 2509 2718
1015 4 2 10 1 2508 2611 2697 2829
1016 4 2 10 1 2553 2775 2512 2795
1017 4 2 10 1 2518 2556 2639 2745
1018 4 2 10 1 538 494 536 2560
1019 4 2 10 1 2575 2517 2602 2633
1020 4 2 10 1 455 2563 454 2710
1021 4 2 10 1 2626 2705 2519 2750
1022 4 2 10 1 645 2682 559 2751
1023 4 2 10 1 2520 2580 2695 2718
1024 4 2 10 1 851 2540 2629 2780
1025 4 2 10 1 2706 2725 2570 2784
1026 4 2 10 1 228 273 270 2660
1027 4 2 10 1 740 2596 743 2641
1028 4 2 10 1 2697 2727 2512 2829
1029 4 2 10 1 2566 2642 2622 2708
1030 4 2 10 1 2547 2628 2654 2656
1031 4 2 10 1 814 2608 2577 2724
1032 4 2 10 1 607 605 568 2661
1033 4 2 10 1 972 2749 2752 2831
1034 4 2 10 1 101 138 2526 2692
1035 4 2 10 1 793 792 766 2636
1036 4 2 10 1 2562 2573 2526 2800
1037 4 2 10 1 2525 2572 2615 2814
1038 4 2 10 1 868 833 866 2555
1039 4 2 10 1 578 489 486 2664
1040 4 2 10 1 806 2704 803 2785
1041 4 2 10 1 2588 2694 2521 2739
1042 4 2 10 1 2516 2584 2724 2742
1043 4 2 10 1 2572 2773 2615 2823
1044 4 2 10 1 2536 2735 2743 2796
1045 4 2 10 1 2504 2715 2804 2811
1046 4 2 10 1 605 607 658 2620
1047 4 2 10 1 578 580 489 2687
1048 4 2 10 1 536 538 2560 2687
1049 4 2 10 1 2555 2623 732 2722
1050 4 2 10 1 2584 2516 2724 2785
1051 4 2 10 1 926 930 2582 2591
1052 4 2 10 1 2572 2773 2605 2811
1053 4 2 10 1 2524 2647 2668 2787
1054 4 2 10 1 154 2622 161 2825
1055 4 2 10 1 668 669 714 2723
1056 4 2 10 1 723 633 2575 2636
1057 4 2 10 1 975 978 2582 2645
1058 4 2 10 1 2511 2533 2648 2658
1059 4 2 10 1 956 2582 920 2591
1060 4 2 10 1 2584 2638 2523 2744
1061 4 2 10 1 292 329 289 2617
1062 4 2 10 1 2528 2571 2755 2826
1063 4 2 10 1 944 2625 907 2748
1064 4 2 10 1 2567 2736 356 2818
1065 4 2 10 1 82 79 2600 2754
1066 4 2 10 1 2593 2665 2513 2716
1067 4 2 10 1 98 102 179 2616
1068 4 2 10 1 604 516 515 2603
1069 4 2 10 1 365 406 2683 2710
1070 4 2 10 1 2517 2568 2755 2815
1071 4 2 10 1 262 2720 210 2767
1072 4 2 10 1 2590 2667 657 2711
1073 4 2 10 1 653 652 691 2792
1074 4 2 10 1 2527 2642 2566 2708
1075 4 2 10 1 2520 2718 2614 2761
1076 4 2 10 1 919 954 955 2582
1077 4 2 10 1 104 62 67 2624
1078 4 2 10 1 2511 2540 2599 2769
1079 4 2 10 1 2566 2670 247 2697
1080 4 2 10 1 2578 2513 2665 2716
1081 4 2 10 1 2615 2627 2572 2823
1082 4 2 10 1 26 2565 2647 2733
1083 4 2 10 1 612 2667 610 2705
1084 4 2 10 1 2565 2668 2545 2712
1085 4 2 10 1 2514 2677 2543 2679
1086 4 2 10 1 2550 2697 2670 2801
1087 4 2 10 1 342 302 2544 2576
1088 4 2 10 1 2550 2551 2508 2801
1089 4 2 10 1 61 2692 2557 2733
1090 4 2 10 1 2509 2664 2573 2805
1091 4 2 10 1 2615 2627 2521 2814
1092 4 2 10 1 33 2624 30 2675
1093 4 2 10 1 437 2547 477 2661
1094 4 2 10 1 2528 2653 2648 2689
1095 4 2 10 1 537 535 492 2530
1096 4 2 10 1 2558 2739 2588 2823
1097 4 2 10 1 804 2584 809 2785
1098 4 2 10 1 25 21 2565 2624
1099 4 2 10 1 2623 2658 2548 2722
1100 4 2 10 1 639 588 549 2640
1101 4 2 10 1 818 2540 787 2629
1102 4 2 10 1 215 216 171 2610
1103 4 2 10 1 2543 2591 2514 2679
1104 4 2 10 1 2542 2721 2534 2782
1105 4 2 10 1 2528 2626 2653 2689
1106 4 2 10 1 460 589 2633 2771
1107 4 2 10 1 2567 2510 2585 2736
1108 4 2 10 1 2526 2692 138 2741
1109 4 2 10 1 560 512 2680 2759
1110 4 2 10 1 2695 2760 2580 2804
1111 4 2 10 1 505 421 462 2611
1112 4 2 10 1 279 2583 319 2756
1113 4 2 10 1 2565 2545 2624 2712
1114 4 2 10 1 967 944 2748 2752
1115 4 2 10 1 289 327 326 2617
1116 4 2 10 1 2587 2631 2529 2768
1117 4 2 10 1 2523 2596 2587 2704
1118 4 2 10 1 2505 2572 2810 2823
1119 4 2 10 1 673 718 671 2717
1120 4 2 10 1 236 2583 279 2672
1121 4 2 10 1 744 2584 778 2638
1122 4 2 10 1 2521 2694 2588 2806
1123 4 2 10 1 2529 2631 2590 2794
1124 4 2 10 1 560 508 595 2759
1125 4 2 10 1 154 161 155 2825
1126 4 2 10 1 686 740 689 2759
1127 4 2 10 1 2570 2609 2532 2700
1128 4 2 10 1 225 226 180 2800
1129 4 2 10 1 394 395 2573 2777
1130 4 2 10 1 356 2567 275 2736
1131 4 2 10 1 2518 2624 2616 2821
1132 4 2 10 1 2632 2518 2675 2745
1133 4 2 10 1 698 2593 2630 2764
1134 4 2 10 1 694 606 692 2711
1135 4 2 10 1 2602 2635 2586 2806
1136 4 2 10 1 959 990 961 2581
1137 4 2 10 1 578 2687 2664 2809
1138 4 2 10 1 138 2681 2526 2738
1139 4 2 10 1 2568 2517 2615 2815
1140 4 2 10 1 2636 2657 794 2703
1141 4 2 10 1 414 416 2563 2617
1142 4 2 10 1 469 2644 471 2731
1143 4 2 10 1 2556 2745 2678 2811
1144 4 2 10 1 2557 2534 2639 2733
1145 4 2 10 1 686 739 2596 2674
1146 4 2 10 1 2518 2616 2585 2821
1147 4 2 10 1 201 198 247 2566
1148 4 2 10 1 688 736 683 2744
1149 4 2 10 1 996 999 1000 2582
1150 4 2 10 1 2524 2647 2619 2668
1151 4 2 10 1 445 446 2530 2701
1152 4 2 10 1 793 2703 857 2797
1153 4 2 10 1 2506 2631 2587 2768
1154 4 2 10 1 523 2630 522 2691
1155 4 2 10 1 2565 2639 2518 2685
1156 4 2 10 1 2604 2657 2543 2679
1157 4 2 10 1 601 602 565 2641
1158 4 2 10 1 2546 2659 2725 2730
1159 4 2 10 1 90 88 2600 2618
1160 4 2 10 1 778 741 2638 2744
1161 4 2 10 1 2534 2639 2565 2787
1162 4 2 10 1 2559 2726 2631 2772
1163 4 2 10 1 61 2557 64 2733
1164 4 2 10 1 983 958 926 2582
1165 4 2 10 1 419 2611 374 2697
1166 4 2 10 1 2596 2641 2529 2792
1167 4 2 10 1 230 2562 276 2774
1168 4 2 10 1 2559 2651 2587 2726
1169 4 2 10 1 2522 2628 2605 2690
1170 4 2 10 1 152 2698 2553 2830
1171 4 2 10 1 2561 2804 2715 2811
1172 4 2 10 1 97 2624 2545 2712
1173 4 2 10 1 2543 2636 2694 2739
1174 4 2 10 1 2505 2773 2572 2823
1175 4 2 10 1 661 2593 697 2737
1176 4 2 10 1 348 472 2644 2671
1177 4 2 10 1 2583 2672 236 2774
1178 4 2 10 1 26 2675 2565 2733
1179 4 2 10 1 2565 2624 2518 2675
1180 4 2 10 1 2537 2705 2626 2750
1181 4 2 10 1 605 518 568 2609
1182 4 2 10 1 2572 2605 2510 2811
1183 4 2 10 1 599 601 565 2641
1184 4 2 10 1 485 529 528 2530
1185 4 2 10 1 2626 2537 2687 2705
1186 4 2 10 1 2605 2628 2510 2778
1187 4 2 10 1 500 455 458 2563
1188 4 2 10 1 673 2635 2578 2717
1189 4 2 10 1 104 2616 59 2624
1190 4 2 10 1 2544 2693 342 2758
1191 4 2 10 1 65 111 72 2557
1192 4 2 10 1 2546 2725 2671 2730
1193 4 2 10 1 769 676 770 2623
1194 4 2 10 1 952 2749 2646 2769
1195 4 2 10 1 2609 2731 2644 2779
1196 4 2 10 1 2541 2713 2603 2794
1197 4 2 10 1 2523 2638 2584 2651
1198 4 2 10 1 415 2669 370 2791
1199 4 2 10 1 473 2609 472 2671
1200 4 2 10 1 2626 2687 2653 2705
1201 4 2 10 1 319 2583 363 2756
1202 4 2 10 1 2622 2642 2512 2775
1203 4 2 10 1 2605 2690 2628 2778
1204 4 2 10 1 2536 2608 2607 2770
1205 4 2 10 1 2603 2641 604 2711
1206 4 2 10 1 2595 2559 2631 2772
1207 4 2 10 1 357 356 358 2818
1208 4 2 10 1 276 2562 230 2805
1209 4 2 10 1 455 454 410 2710
1210 4 2 10 1 2554 2725 2706 2784
1211 4 2 10 1 2593 2530 2656 2691
1212 4 2 10 1 182 2616 228 2660
1213 4 2 10 1 2522 2620 2607 2770
1214 4 2 10 1 420 374 2611 2727
1215 4 2 10 1 302 2544 2576 2699
1216 4 2 10 1 2593 2620 697 2737
1217 4 2 10 1 2645 2646 2514 2762
1218 4 2 10 1 267 2601 219 2660
1219 4 2 10 1 512 565 2680 2759
1220 4 2 10 1 2514 2662 2558 2677
1221 4 2 10 1 2508 2551 2640 2755
1222 4 2 10 1 217 263 169 2601
1223 4 2 10 1 778 744 782 2584
1224 4 2 10 1 2579 2718 2509 2789
1225 4 2 10 1 764 761 2578 2702
1226 4 2 10 1 565 515 513 2680
1227 4 2 10 1 2504 2505 2643 2773
1228 4 2 10 1 359 275 316 2736
1229 4 2 10 1 2546 2690 2778 2786
1230 4 2 10 1 798 2575 799 2657
1231 4 2 10 1 2574 2678 2585 2795
1232 4 2 10 1 82 37 79 2754
1233 4 2 10 1 2572 2684 2627 2814
1234 4 2 10 1 231 232 237 2585
1235 4 2 10 1 2553 2663 2622 2830
1236 4 2 10 1 187 2562 229 2774
1237 4 2 10 1 342 345 302 2576
1238 4 2 10 1 500 458 502 2563
1239 4 2 10 1 657 2590 610 2667
1240 4 2 10 1 594 595 558 2674
1241 4 2 10 1 2626 2653 2519 2705
1242 4 2 10 1 789 786 760 2796
1243 4 2 10 1 2511 2581 2604 2677
1244 4 2 10 1 2579 2652 2595 2695
1245 4 2 10 1 2506 2631 2595 2784
1246 4 2 10 1 169 263 262 2601
1247 4 2 10 1 2622 2566 2697 2829
1248 4 2 10 1 475 2667 435 2765
1249 4 2 10 1 2600 2655 2552 2746
1250 4 2 10 1 2521 2636 2635 2702
1251 4 2 10 1 2584 2523 2704 2744
1252 4 2 10 1 2568 2715 2504 2773
1253 4 2 10 1 507 2598 558 2758
1254 4 2 10 1 472 518 566 2609
1255 4 2 10 1 848 876 917 2729
1256 4 2 10 1 2641 2711 2529 2792
1257 4 2 10 1 161 198 201 2622
1258 4 2 10 1 2607 2609 2522 2700
1259 4 2 10 1 2533 2511 2648 2799
1260 4 2 10 1 2538 2569 2662 2749
1261 4 2 10 1 2517 2568 2615 2817
1262 4 2 10 1 2538 2645 2646 2662
1263 4 2 10 1 2535 2696 2669 2826
1264 4 2 10 1 2633 2757 2592 2817
1265 4 2 10 1 2653 2686 629 2687
1266 4 2 10 1 2565 2685 2668 2787
1267 4 2 10 1 2525 2615 2572 2812
1268 4 2 10 1 344 2576 304 2699
1269 4 2 10 1 850 814 785 2577
1270 4 2 10 1 2507 2730 2552 2783
1271 4 2 10 1 404 2612 493 2701
1272 4 2 10 1 2519 2629 2590 2705
1273 4 2 10 1 2593 2691 2547 2737
1274 4 2 10 1 2559 2726 2688 2742
1275 4 2 10 1 483 2664 395 2777
1276 4 2 10 1 395 2664 2573 2777
1277 4 2 10 1 2547 2628 2522 2690
1278 4 2 10 1 279 2672 2583 2756
1279 4 2 10 1 416 373 2563 2617
1280 4 2 10 1 2604 2677 2543 2739
1281 4 2 10 1 2638 2682 2523 2744
1282 4 2 10 1 2601 2660 2545 2828
1283 4 2 10 1 69 67 32 2649
1284 4 2 10 1 2566 2714 2708 2819
1285 4 2 10 1 2520 2580 2634 2695
1286 4 2 10 1 147 2562 188 2798
1287 4 2 10 1 2507 2634 2659 2707
1288 4 2 10 1 38 39 3 2606
1289 4 2 10 1 2556 2634 2580 2804
1290 4 2 10 1 289 329 327 2617
1291 4 2 10 1 2659 2707 2515 2730
1292 4 2 10 1 2514 2577 2645 2729
1293 4 2 10 1 2574 2585 2510 2736
1294 4 2 10 1 789 2589 786 2796
1295 4 2 10 1 703 787 707 2653
1296 4 2 10 1 686 2596 740 2759
1297 4 2 10 1 2598 2570 2706 2779
1298 4 2 10 1 475 516 2603 2765
1299 4 2 10 1 2511 2599 2581 2769
1300 4 2 10 1 2514 2645 2577 2662
1301 4 2 10 1 2664 2777 483 2809
1302 4 2 10 1 200 157 197 2663
1303 4 2 10 1 540 583 2612 2717
1304 4 2 10 1 683 737 734 2682
1305 4 2 10 1 788 787 2540 2653
1306 4 2 10 1 872 2763 2531 2780
1307 4 2 10 1 795 2657 863 2703
1308 4 2 10 1 154 2708 2622 2825
1309 4 2 10 1 2655 2552 2746 2747
1310 4 2 10 1 937 941 889 2599
1311 4 2 10 1 778 782 809 2584
1312 4 2 10 1 967 2748 2538 2752
1313 4 2 10 1 2713 2758 2539 2790
1314 4 2 10 1 2676 2688 2559 2772
1315 4 2 10 1 131 2542 212 2699
1316 4 2 10 1 2572 2628 2605 2810
1317 4 2 10 1 689 740 690 2641
1318 4 2 10 1 57 2534 2692 2733
1319 4 2 10 1 215 264 216 2610
1320 4 2 10 1 2563 2525 2683 2710
1321 4 2 10 1 786 2589 817 2735
1322 4 2 10 1 2589 2735 786 2796
1323 4 2 10 1 485 487 531 2723
1324 4 2 10 1 2517 2755 2658 2815
1325 4 2 10 1 805 803 2744 2785
1326 4 2 10 1 2531 2569 2637 2780
1327 4 2 10 1 2553 2512 2698 2795
1328 4 2 10 1 801 833 868 2555
1329 4 2 10 1 626 2564 625 2717
1330 4 2 10 1 441 442 2530 2701
1331 4 2 10 1 2655 2746 207 2747
1332 4 2 10 1 2563 2592 2757 2817
1333 4 2 10 1 168 129 133 2618
1334 4 2 10 1 366 368 322 2696
1335 4 2 10 1 227 2562 226 2800
1336 4 2 10 1 2526 2614 2610 2813
1337 4 2 10 1 2593 2630 2530 2691
1338 4 2 10 1 2579 2718 2580 2760
1339 4 2 10 1 2651 2726 2559 2742
1340 4 2 10 1 2553 2698 2663 2830
1341 4 2 10 1 657 694 2590 2711
1342 4 2 10 1 2533 2658 2623 2722
1343 4 2 10 1 2511 2599 2540 2648
1344 4 2 10 1 411 455 410 2710
1345 4 2 10 1 2520 2699 2544 2707
1346 4 2 10 1 2518 2678 2556 2745
1347 4 2 10 1 759 2578 761 2796
1348 4 2 10 1 571 522 570 2630
1349 4 2 10 1 2628 2690 2510 2778
1350 4 2 10 1 2510 2594 2585 2678
1351 4 2 10 1 2598 2706 2570 2790
1352 4 2 10 1 2572 2510 2628 2753
1353 4 2 10 1 2622 2642 2566 2829
1354 4 2 10 1 2521 2806 2588 2823
1355 4 2 10 1 2650 2704 2587 2763
1356 4 2 10 1 782 2724 809 2785
1357 4 2 10 1 138 2738 2526 2741
1358 4 2 10 1 894 2740 2555 2799
1359 4 2 10 1 967 968 2752 2831
1360 4 2 10 1 411 2617 2563 2710
1361 4 2 10 1 2570 2725 2700 2784
1362 4 2 10 1 2535 2803 2696 2826
1363 4 2 10 1 2565 2518 2639 2675
1364 4 2 10 1 699 697 700 2620
1365 4 2 10 1 2537 2664 2560 2687
1366 4 2 10 1 2613 2628 2510 2753
1367 4 2 10 1 2518 2745 2632 2775
1368 4 2 10 1 605 658 2607 2620
1369 4 2 10 1 2506 2570 2706 2790
1370 4 2 10 1 384 2644 343 2720
1371 4 2 10 1 512 599 565 2759
1372 4 2 10 1 127 124 88 2600
1373 4 2 10 1 628 584 539 2802
1374 4 2 10 1 515 565 602 2603
1375 4 2 10 1 2530 2612 2656 2701
1376 4 2 10 1 2527 2580 2760 2804
1377 4 2 10 1 307 2576 387 2765
1378 4 2 10 1 686 2674 2596 2759
1379 4 2 10 1 2674 2682 2523 2751
1380 4 2 10 1 57 2647 2534 2733
1381 4 2 10 1 2569 2540 2780 2822
1382 4 2 10 1 394 483 395 2777
1383 4 2 10 1 540 2586 631 2717
1384 4 2 10 1 2568 2773 2643 2815
1385 4 2 10 1 764 2578 2635 2702
1386 4 2 10 1 411 326 413 2617
1387 4 2 10 1 359 2736 316 2818
1388 4 2 10 1 2519 2653 2626 2689
1389 4 2 10 1 856 823 821 2820
1390 4 2 10 1 2620 2684 2536 2770
1391 4 2 10 1 2611 461 2727 2771
1392 4 2 10 1 2632 2816 2553 2825
1393 4 2 10 1 2605 2659 2554 2725
1394 4 2 10 1 2516 2577 2724 2748
1395 4 2 10 1 628 2687 2686 2802
1396 4 2 10 1 2561 2811 2773 2812
1397 4 2 10 1 967 2538 2748 2831
1398 4 2 10 1 2558 2688 2608 2735
1399 4 2 10 1 64 72 63 2557
1400 4 2 10 1 2548 2592 2633 2771
1401 4 2 10 1 2607 2608 2742 2770
1402 4 2 10 1 750 2608 814 2724
1403 4 2 10 1 2702 2743 2589 2796
1404 4 2 10 1 227 276 230 2805
1405 4 2 10 1 131 130 212 2721
1406 4 2 10 1 123 163 206 2746
1407 4 2 10 1 466 508 560 2680
1408 4 2 10 1 2539 2674 2596 2790
1409 4 2 10 1 488 2530 491 2723
1410 4 2 10 1 650 689 2641 2759
1411 4 2 10 1 2512 2622 2553 2663
1412 4 2 10 1 2556 2678 2594 2778
1413 4 2 10 1 2688 2742 2608 2770
1414 4 2 10 1 2559 2676 2595 2784
1415 4 2 10 1 2541 2713 2652 2765
1416 4 2 10 1 2612 2613 2586 2814
1417 4 2 10 1 759 2716 2578 2796
1418 4 2 10 1 2597 2726 2531 2776
1419 4 2 10 1 2508 2801 2566 2829
1420 4 2 10 1 692 2711 653 2792
1421 4 2 10 1 2657 2740 2604 2793
1422 4 2 10 1 2566 2801 2697 2829
1423 4 2 10 1 477 524 520 2737
1424 4 2 10 1 76 2649 2632 2816
1425 4 2 10 1 2560 2583 2509 2803
1426 4 2 10 1 631 2586 632 2635
1427 4 2 10 1 2526 2573 2718 2813
1428 4 2 10 1 585 631 545 2586
1429 4 2 10 1 529 2530 485 2723
1430 4 2 10 1 2522 2684 2620 2770
1431 4 2 10 1 2536 2688 2608 2770
1432 4 2 10 1 2607 2620 695 2734
1433 4 2 10 1 270 224 228 2660
1434 4 2 10 1 473 2661 2609 2671
1435 4 2 10 1 715 2564 712 2764
1436 4 2 10 1 578 486 532 2809
1437 4 2 10 1 789 2702 2589 2796
1438 4 2 10 1 569 2667 475 2711
1439 4 2 10 1 49 2600 47 2754
1440 4 2 10 1 2602 2633 2517 2817
1441 4 2 10 1 2627 2665 2536 2743
1442 4 2 10 1 64 63 60 2675
1443 4 2 10 1 2551 2669 2550 2791
1444 4 2 10 1 838 2625 871 2650
1445 4 2 10 1 578 489 2664 2687
1446 4 2 10 1 650 2641 599 2759
1447 4 2 10 1 506 462 422 2640
1448 4 2 10 1 624 670 669 2564
1449 4 2 10 1 2588 2615 2517 2815
1450 4 2 10 1 2706 2707 2544 2779
1451 4 2 10 1 2509 2573 2562 2805
1452 4 2 10 1 344 346 304 2576
1453 4 2 10 1 174 2601 170 2828
1454 4 2 10 1 2548 2722 2658 2788
1455 4 2 10 1 2505 2688 2676 2772
1456 4 2 10 1 82 2600 2728 2754
1457 4 2 10 1 2586 2613 2612 2683
1458 4 2 10 1 951 919 955 2582
1459 4 2 10 1 2526 2732 2692 2761
1460 4 2 10 1 967 968 944 2752
1461 4 2 10 1 2595 2676 2554 2784
1462 4 2 10 1 980 951 955 2582
1463 4 2 10 1 548 499 2551 2791
1464 4 2 10 1 2644 2671 2609 2779
1465 4 2 10 1 2538 2645 2577 2748
1466 4 2 10 1 2547 2593 2656 2691
1467 4 2 10 1 785 814 2608 2735
1468 4 2 10 1 179 2660 219 2828
1469 4 2 10 1 688 683 2638 2744
1470 4 2 10 1 2544 2693 2598 2779
1471 4 2 10 1 2625 2637 841 2650
1472 4 2 10 1 2596 2674 2523 2790
1473 4 2 10 1 500 546 454 2563
1474 4 2 10 1 535 491 2530 2723
1475 4 2 10 1 657 606 694 2711
1476 4 2 10 1 2601 2618 2552 2767
1477 4 2 10 1 2554 2659 2634 2707
1478 4 2 10 1 712 2564 717 2716
1479 4 2 10 1 918 2569 2769 2780
1480 4 2 10 1 2603 2713 2541 2765
1481 4 2 10 1 135 2741 2692 2782
1482 4 2 10 1 956 920 881 2591
1483 4 2 10 1 2652 2713 2541 2794
1484 4 2 10 1 496 407 450 2756
1485 4 2 10 1 2688 2770 2536 2810
1486 4 2 10 1 438 2654 440 2691
1487 4 2 10 1 2510 2594 2678 2778
1488 4 2 10 1 2612 2701 404 2709
1489 4 2 10 1 951 2582 953 2645
1490 4 2 10 1 2650 2704 806 2785
1491 4 2 10 1 769 798 728 2575
1492 4 2 10 1 279 319 363 2756
1493 4 2 10 1 520 2661 2547 2737
1494 4 2 10 1 2508 2642 2566 2801
1495 4 2 10 1 2585 2594 2518 2678
1496 4 2 10 1 518 473 568 2609
1497 4 2 10 1 2610 2614 307 2813
1498 4 2 10 1 2643 2773 2505 2815
1499 4 2 10 1 295 331 293 2617
1500 4 2 10 1 853 788 852 2540
1501 4 2 10 1 2598 2674 2539 2790
1502 4 2 10 1 2686 2687 2626 2802
1503 4 2 10 1 766 792 719 2702
1504 4 2 10 1 926 2582 924 2591
1505 4 2 10 1 2552 2746 2720 2767
1506 4 2 10 1 817 2589 2729 2735
1507 4 2 10 1 247 2622 2566 2697
1508 4 2 10 1 2632 2527 2708 2775
1509 4 2 10 1 2584 2704 2650 2785
1510 4 2 10 1 267 268 308 2660
1511 4 2 10 1 416 459 414 2563
1512 4 2 10 1 2527 2708 2714 2819
1513 4 2 10 1 2547 2620 2593 2737
1514 4 2 10 1 993 975 996 2582
1515 4 2 10 1 344 302 345 2576
1516 4 2 10 1 719 792 764 2702
1517 4 2 10 1 2577 2645 913 2748
1518 4 2 10 1 2595 2676 2559 2772
1519 4 2 10 1 963 941 937 2740
1520 4 2 10 1 952 2646 979 2769
1521 4 2 10 1 392 2614 435 2777
1522 4 2 10 1 179 102 181 2616
1523 4 2 10 1 696 610 2590 2705
1524 4 2 10 1 732 679 643 2807
1525 4 2 10 1 2773 2811 2572 2812
1526 4 2 10 1 2520 2576 2544 2699
1527 4 2 10 1 242 2663 2617 2698
1528 4 2 10 1 65 72 64 2557
1529 4 2 10 1 2575 2602 2517 2806
1530 4 2 10 1 2517 2615 2588 2806
1531 4 2 10 1 941 2599 937 2740
1532 4 2 10 1 2553 2512 2663 2698
1533 4 2 10 1 2621 2798 2672 2819
1534 4 2 10 1 568 2609 473 2661
1535 4 2 10 1 90 88 89 2600
1536 4 2 10 1 296 251 253 2663
1537 4 2 10 1 2556 2695 2634 2804
1538 4 2 10 1 2536 2607 2620 2770
1539 4 2 10 1 2570 2725 2706 2779
1540 4 2 10 1 322 2672 283 2756
1541 4 2 10 1 325 286 369 2669
1542 4 2 10 1 280 281 231 2736
1543 4 2 10 1 2760 2803 2621 2819
1544 4 2 10 1 242 2698 2617 2710
1545 4 2 10 1 2569 2531 2776 2822
1546 4 2 10 1 2590 2541 2711 2794
1547 4 2 10 1 621 619 667 2687
1548 4 2 10 1 201 2566 247 2622
1549 4 2 10 1 749 694 692 2792
1550 4 2 10 1 2530 2630 2593 2764
1551 4 2 10 1 51 2647 2606 2721
1552 4 2 10 1 171 2699 2610 2782
1553 4 2 10 1 120 2825 157 2830
1554 4 2 10 1 762 673 764 2635
1555 4 2 10 1 2528 2755 2551 2826
1556 4 2 10 1 2537 2705 2667 2809
1557 4 2 10 1 374 419 420 2611
1558 4 2 10 1 285 323 286 2669
1559 4 2 10 1 536 489 580 2687
1560 4 2 10 1 2541 2590 2750 2794
1561 4 2 10 1 2587 2650 2531 2726
1562 4 2 10 1 280 231 2585 2736
1563 4 2 10 1 254 2673 2655 2747
1564 4 2 10 1 2592 2611 2727 2771
1565 4 2 10 1 2535 2756 2696 2803
1566 4 2 10 1 2620 2665 2593 2734
1567 4 2 10 1 335 295 332 2617
1568 4 2 10 1 2608 2688 2516 2742
1569 4 2 10 1 39 2606 38 2728
1570 4 2 10 1 565 2603 515 2680
1571 4 2 10 1 2539 2641 2596 2759
1572 4 2 10 1 691 651 745 2792
1573 4 2 10 1 683 736 737 2744
1574 4 2 10 1 2525 2710 2563 2719
1575 4 2 10 1 2532 2651 2570 2700
1576 4 2 10 1 2567 2654 355 2786
1577 4 2 10 1 477 2547 520 2661
1578 4 2 10 1 2519 2653 2629 2705
1579 4 2 10 1 2543 2677 2604 2679
1580 4 2 10 1 127 124 2600 2767
1581 4 2 10 1 569 475 567 2711
1582 4 2 10 1 2536 2735 2688 2743
1583 4 2 10 1 2549 2736 2567 2818
1584 4 2 10 1 2558 2743 2739 2823
1585 4 2 10 1 583 624 537 2564
1586 4 2 10 1 668 714 711 2723
1587 4 2 10 1 157 2622 197 2663
1588 4 2 10 1 967 2752 2538 2831
1589 4 2 10 1 152 237 2585 2698
1590 4 2 10 1 2553 2825 2816 2830
1591 4 2 10 1 2715 2745 2527 2804
1592 4 2 10 1 240 285 241 2766
1593 4 2 10 1 238 241 239 2766
1594 4 2 10 1 448 489 536 2827
1595 4 2 10 1 2645 2748 2538 2831
1596 4 2 10 1 781 2763 2666 2792
1597 4 2 10 1 697 2593 700 2620
1598 4 2 10 1 2560 2626 2687 2802
1599 4 2 10 1 28 2565 26 2675
1600 4 2 10 1 2624 2649 2518 2675
1601 4 2 10 1 2557 2692 2534 2733
1602 4 2 10 1 2567 2690 2654 2786
1603 4 2 10 1 80 163 123 2767
1604 4 2 10 1 2583 2756 2672 2803
1605 4 2 10 1 2604 2657 895 2740
1606 4 2 10 1 2574 2709 364 2736
1607 4 2 10 1 651 691 652 2641
1608 4 2 10 1 223 225 180 2800
1609 4 2 10 1 2572 2628 2613 2753
1610 4 2 10 1 254 2655 207 2747
1611 4 2 10 1 522 523 570 2630
1612 4 2 10 1 2632 2775 2708 2825
1613 4 2 10 1 319 317 2583 2774
1614 4 2 10 1 2676 2770 2688 2810
1615 4 2 10 1 2597 2776 2531 2822
1616 4 2 10 1 72 63 2557 2632
1617 4 2 10 1 2563 2710 2512 2719
1618 4 2 10 1 319 361 363 2827
1619 4 2 10 1 929 960 937 2599
1620 4 2 10 1 854 821 763 2820
1621 4 2 10 1 659 658 609 2620
1622 4 2 10 1 144 226 185 2681
1623 4 2 10 1 898 2555 894 2740
1624 4 2 10 1 345 385 2576 2680
1625 4 2 10 1 322 283 366 2756
1626 4 2 10 1 2563 2525 2719 2817
1627 4 2 10 1 2622 2663 157 2830
1628 4 2 10 1 989 2581 990 2762
1629 4 2 10 1 967 2748 2645 2831
1630 4 2 10 1 2584 2638 2532 2651
1631 4 2 10 1 918 2769 874 2780
1632 4 2 10 1 2515 2730 2707 2783
1633 4 2 10 1 978 995 996 2582
1634 4 2 10 1 896 2555 898 2740
1635 4 2 10 1 626 670 624 2564
1636 4 2 10 1 286 2669 2670 2766
1637 4 2 10 1 2621 2803 2798 2819
1638 4 2 10 1 372 334 328 2550
1639 4 2 10 1 841 2625 871 2637
1640 4 2 10 1 411 367 2617 2710
1641 4 2 10 1 528 2530 529 2630
1642 4 2 10 1 2579 2509 2718 2760
1643 4 2 10 1 97 2712 2545 2828
1644 4 2 10 1 2554 2652 2595 2784
1645 4 2 10 1 2688 2735 2558 2743
1646 4 2 10 1 3 38 2606 2754
1647 4 2 10 1 2521 2627 2615 2823
1648 4 2 10 1 326 411 367 2617
1649 4 2 10 1 2518 2649 2632 2675
1650 4 2 10 1 295 335 331 2617
1651 4 2 10 1 2508 2566 2642 2829
1652 4 2 10 1 162 163 80 2767
1653 4 2 10 1 484 441 2530 2691
1654 4 2 10 1 2595 2652 2554 2695
1655 4 2 10 1 111 72 2557 2632
1656 4 2 10 1 659 2620 609 2737
1657 4 2 10 1 76 74 2649 2816
1658 4 2 10 1 343 2644 338 2720
1659 4 2 10 1 702 2593 705 2734
1660 4 2 10 1 2560 2696 2756 2803
1661 4 2 10 1 524 477 522 2737
1662 4 2 10 1 762 761 716 2578
1663 4 2 10 1 2539 2641 2603 2768
1664 4 2 10 1 851 874 2540 2780
1665 4 2 10 1 2506 2706 2570 2784
1666 4 2 10 1 2592 2517 2633 2817
1667 4 2 10 1 612 2777 2667 2809
1668 4 2 10 1 2509 2718 2573 2789
1669 4 2 10 1 686 739 740 2596
1670 4 2 10 1 2614 2718 2573 2813
1671 4 2 10 1 245 288 287 2663
1672 4 2 10 1 2509 2621 2760 2803
1673 4 2 10 1 978 980 995 2582
1674 4 2 10 1 913 873 2577 2748
1675 4 2 10 1 2548 2640 2611 2771
1676 4 2 10 1 148 2585 183 2616
1677 4 2 10 1 2529 2641 2603 2711
1678 4 2 10 1 961 989 964 2581
1679 4 2 10 1 804 778 809 2584
1680 4 2 10 1 223 180 2738 2800
1681 4 2 10 1 2577 2608 2516 2724
1682 4 2 10 1 993 975 2582 2645
1683 4 2 10 1 2531 2666 2629 2780
1684 4 2 10 1 32 30 33 2624
1685 4 2 10 1 2519 2595 2631 2772
1686 4 2 10 1 2584 2650 2516 2785
1687 4 2 10 1 2550 2670 2669 2801
1688 4 2 10 1 2505 2676 2688 2810
1689 4 2 10 1 755 2734 705 2796
1690 4 2 10 1 2516 2637 2625 2650
1691 4 2 10 1 805 806 803 2785
1692 4 2 10 1 543 548 499 2551
1693 4 2 10 1 357 355 2654 2786
1694 4 2 10 1 319 363 2583 2827
1695 4 2 10 1 546 2602 2563 2757
1696 4 2 10 1 423 334 417 2550
1697 4 2 10 1 345 425 467 2680
1698 4 2 10 1 2617 2663 2512 2698
1699 4 2 10 1 794 2636 795 2657
1700 4 2 10 1 26 2565 23 2647
1701 4 2 10 1 956 881 924 2591
1702 4 2 10 1 495 540 583 2612
1703 4 2 10 1 2516 2724 2625 2748
1704 4 2 10 1 2557 2639 2675 2733
1705 4 2 10 1 2565 2639 2534 2733
1706 4 2 10 1 394 481 483 2777
1707 4 2 10 1 853 854 763 2820
1708 4 2 10 1 633 586 2575 2757
1709 4 2 10 1 2602 2757 2633 2817
1710 4 2 10 1 2509 2562 2798 2805
1711 4 2 10 1 150 2816 152 2821
1712 4 2 10 1 982 2646 2581 2769
1713 4 2 10 1 2520 2542 2699 2707
1714 4 2 10 1 877 2540 874 2769
1715 4 2 10 1 889 884 937 2599
1716 4 2 10 1 716 718 762 2578
1717 4 2 10 1 2595 2519 2643 2772
1718 4 2 10 1 2575 2633 2602 2757
1719 4 2 10 1 2560 2687 538 2802
1720 4 2 10 1 365 2683 2574 2710
1721 4 2 10 1 2540 2653 2629 2822
1722 4 2 10 1 2508 2714 2642 2801
1723 4 2 10 1 274 275 2567 2736
1724 4 2 10 1 2531 2763 2666 2780
1725 4 2 10 1 512 561 599 2759
1726 4 2 10 1 2629 2653 2519 2822
1727 4 2 10 1 452 499 456 2791
1728 4 2 10 1 191 239 2708 2819
1729 4 2 10 1 2565 2668 2647 2787
1730 4 2 10 1 822 793 857 2797
1731 4 2 10 1 683 737 2682 2744
1732 4 2 10 1 655 2607 2532 2609
1733 4 2 10 1 314 355 273 2567
1734 4 2 10 1 2539 2596 2768 2790
1735 4 2 10 1 793 2636 794 2703
1736 4 2 10 1 452 2696 499 2791
1737 4 2 10 1 865 866 830 2555
1738 4 2 10 1 896 2555 2740 2793
1739 4 2 10 1 2507 2668 2685 2787
1740 4 2 10 1 845 843 872 2763
1741 4 2 10 1 840 2625 903 2785
1742 4 2 10 1 2563 2719 2592 2817
1743 4 2 10 1 2509 2798 2621 2803
1744 4 2 10 1 804 778 2584 2744
1745 4 2 10 1 2522 2607 2700 2770
1746 4 2 10 1 2531 2631 2587 2726
1747 4 2 10 1 460 503 373 2727
1748 4 2 10 1 728 769 2575 2824
1749 4 2 10 1 2512 2775 2642 2795
1750 4 2 10 1 2512 2622 2697 2829
1751 4 2 10 1 2589 2743 2735 2796
1752 4 2 10 1 2513 2628 2613 2814
1753 4 2 10 1 610 521 608 2667
1754 4 2 10 1 171 213 215 2610
1755 4 2 10 1 743 779 780 2792
1756 4 2 10 1 699 700 702 2734
1757 4 2 10 1 2514 2646 2645 2662
1758 4 2 10 1 2532 2742 2700 2770
1759 4 2 10 1 192 2708 239 2766
1760 4 2 10 1 2532 2607 2608 2742
1761 4 2 10 1 2574 2613 2510 2753
1762 4 2 10 1 348 2671 2644 2720
1763 4 2 10 1 230 276 229 2774
1764 4 2 10 1 171 213 2610 2699
1765 4 2 10 1 2565 2619 23 2647
1766 4 2 10 1 554 589 2633 2757
1767 4 2 10 1 2529 2590 2711 2794
1768 4 2 10 1 482 521 612 2777
1769 4 2 10 1 2547 2656 2654 2691
1770 4 2 10 1 2599 2648 2511 2799
1771 4 2 10 1 2517 2588 2694 2806
1772 4 2 10 1 88 127 2600 2767
1773 4 2 10 1 2506 2595 2652 2784
1774 4 2 10 1 2520 2634 2580 2761
1775 4 2 10 1 2579 2695 2580 2718
1776 4 2 10 1 2621 2732 149 2798
1777 4 2 10 1 367 324 326 2617
1778 4 2 10 1 403 494 450 2827
1779 4 2 10 1 2521 2588 2739 2823
1780 4 2 10 1 202 251 249 2663
1781 4 2 10 1 798 769 799 2575
1782 4 2 10 1 756 2590 2629 2705
1783 4 2 10 1 906 2625 840 2724
1784 4 2 10 1 89 2600 40 2754
1785 4 2 10 1 158 157 2663 2830
1786 4 2 10 1 2526 2718 2614 2813
1787 4 2 10 1 2541 2711 2603 2765
1788 4 2 10 1 101 142 103 2681
1789 4 2 10 1 2594 2616 2545 2660
1790 4 2 10 1 509 2644 469 2731
1791 4 2 10 1 652 2641 691 2792
1792 4 2 10 1 556 2771 2640 2807
1793 4 2 10 1 262 210 169 2767
1794 4 2 10 1 2660 2786 308 2808
1795 4 2 10 1 2636 2694 2521 2806
1796 4 2 10 1 677 2722 729 2807
1797 4 2 10 1 80 123 2600 2767
1798 4 2 10 1 2521 2635 2578 2702
1799 4 2 10 1 49 47 2619 2754
1800 4 2 10 1 804 2744 2584 2785
1801 4 2 10 1 600 742 687 2638
1802 4 2 10 1 2509 2798 2583 2805
1803 4 2 10 1 420 2611 461 2727
1804 4 2 10 1 47 10 50 2619
1805 4 2 10 1 2572 2525 2613 2814
1806 4 2 10 1 2609 2671 2661 2725
1807 4 2 10 1 521 2667 612 2777
1808 4 2 10 1 538 2687 623 2802
1809 4 2 10 1 2535 2669 2801 2826
1810 4 2 10 1 757 786 2735 2796
1811 4 2 10 1 700 2593 702 2734
1812 4 2 10 1 144 185 184 2681
1813 4 2 10 1 535 2530 537 2723
1814 4 2 10 1 2553 2622 2775 2825
1815 4 2 10 1 606 657 608 2711
1816 4 2 10 1 2538 2662 2646 2749
1817 4 2 10 1 684 738 2674 2682
1818 4 2 10 1 840 2724 2625 2785
1819 4 2 10 1 2554 2700 2676 2725
1820 4 2 10 1 2523 2682 2638 2751
1821 4 2 10 1 484 441 485 2530
1822 4 2 10 1 2619 2647 2565 2668
1823 4 2 10 1 101 99 138 2692
1824 4 2 10 1 607 568 519 2661
1825 4 2 10 1 499 2696 2551 2791
1826 4 2 10 1 35 79 37 2754
1827 4 2 10 1 478 522 480 2691
1828 4 2 10 1 191 2708 2621 2819
1829 4 2 10 1 2672 2798 2583 2803
1830 4 2 10 1 2661 2671 433 2808
1831 4 2 10 1 2596 2641 2539 2768
1832 4 2 10 1 392 353 310 2800
1833 4 2 10 1 2590 2631 2519 2750
1834 4 2 10 1 53 57 54 2647
1835 4 2 10 1 2561 2642 2715 2775
1836 4 2 10 1 2579 2750 2541 2789
1837 4 2 10 1 2709 2736 2549 2818
1838 4 2 10 1 475 476 435 2667
1839 4 2 10 1 435 2667 476 2777
1840 4 2 10 1 2604 2543 2657 2694
1841 4 2 10 1 396 2654 357 2818
1842 4 2 10 1 2545 2618 2601 2828
1843 4 2 10 1 2587 2650 2584 2704
1844 4 2 10 1 480 437 438 2654
1845 4 2 10 1 38 2728 2606 2754
1846 4 2 10 1 2640 2771 2548 2807
1847 4 2 10 1 2588 2806 2615 2823
1848 4 2 10 1 2578 2635 2586 2717
1849 4 2 10 1 2548 2658 2755 2788
1850 4 2 10 1 871 2625 841 2650
1851 4 2 10 1 2544 2707 2693 2779
1852 4 2 10 1 76 2816 2632 2825
1853 4 2 10 1 895 2604 940 2657
1854 4 2 10 1 274 275 228 2567
1855 4 2 10 1 628 623 2687 2802
1856 4 2 10 1 2551 2696 2802 2826
1857 4 2 10 1 2511 2658 2648 2689
1858 4 2 10 1 548 2640 501 2791
1859 4 2 10 1 454 546 545 2683
1860 4 2 10 1 154 155 114 2825
1861 4 2 10 1 157 2825 2622 2830
1862 4 2 10 1 2700 2742 2559 2770
1863 4 2 10 1 2514 2581 2677 2679
1864 4 2 10 1 2572 2510 2753 2811
1865 4 2 10 1 838 2625 2650 2785
1866 4 2 10 1 52 2618 49 2712
1867 4 2 10 1 2521 2589 2702 2743
1868 4 2 10 1 2512 2617 2698 2710
1869 4 2 10 1 2569 2749 2637 2780
1870 4 2 10 1 2574 2549 2613 2709
1871 4 2 10 1 2574 2585 2698 2795
1872 4 2 10 1 2572 2773 2505 2810
1873 4 2 10 1 114 2632 113 2708
1874 4 2 10 1 2528 2689 2658 2815
1875 4 2 10 1 940 2604 895 2740
1876 4 2 10 1 191 2672 2621 2798
1877 4 2 10 1 334 330 328 2550
1878 4 2 10 1 2610 2526 2741 2782
1879 4 2 10 1 123 164 2600 2746
1880 4 2 10 1 192 2566 2708 2766
1881 4 2 10 1 2540 2648 2599 2820
1882 4 2 10 1 2510 2778 2678 2811
1883 4 2 10 1 168 129 2618 2767
1884 4 2 10 1 2583 2560 2756 2803
1885 4 2 10 1 2512 2563 2617 2710
1886 4 2 10 1 820 822 880 2591
1887 4 2 10 1 2508 2801 2551 2826
1888 4 2 10 1 37 82 38 2754
1889 4 2 10 1 2624 2649 67 2821
1890 4 2 10 1 746 747 783 2792
1891 4 2 10 1 2511 2648 2540 2689
1892 4 2 10 1 2642 2714 2566 2801
1893 4 2 10 1 2753 2572 2811 2812
1894 4 2 10 1 499 543 2551 2696
1895 4 2 10 1 280 2574 282 2736
1896 4 2 10 1 2547 2654 2628 2690
1897 4 2 10 1 234 2672 191 2798
1898 4 2 10 1 966 2679 2581 2762
1899 4 2 10 1 141 139 178 2738
1900 4 2 10 1 147 186 188 2562
1901 4 2 10 1 2515 2706 2725 2779
1902 4 2 10 1 819 786 789 2589
1903 4 2 10 1 2598 2570 2731 2751
1904 4 2 10 1 346 429 386 2576
1905 4 2 10 1 2551 2801 2669 2826
1906 4 2 10 1 470 2680 2603 2765
1907 4 2 10 1 2536 2608 2688 2735
1908 4 2 10 1 2533 2722 2555 2799
1909 4 2 10 1 306 2720 2601 2808
1910 4 2 10 1 826 798 799 2657
1911 4 2 10 1 395 2573 2664 2805
1912 4 2 10 1 263 2601 306 2720
1913 4 2 10 1 2592 2611 2508 2829
1914 4 2 10 1 830 866 833 2555
1915 4 2 10 1 2590 2541 2667 2711
1916 4 2 10 1 2517 2588 2658 2694
1917 4 2 10 1 2627 2684 2572 2810
1918 4 2 10 1 273 2660 2567 2786
1919 4 2 10 1 2609 2661 2522 2725
1920 4 2 10 1 191 234 238 2672
1921 4 2 10 1 210 262 261 2720
1922 4 2 10 1 691 2641 651 2792
1923 4 2 10 1 2532 2609 2607 2700
1924 4 2 10 1 981 999 995 2582
1925 4 2 10 1 541 498 2586 2683
1926 4 2 10 1 2616 2624 104 2821
1927 4 2 10 1 2678 2778 2556 2811
1928 4 2 10 1 690 740 743 2641
1929 4 2 10 1 2512 2563 2719 2727
1930 4 2 10 1 621 667 713 2687
1931 4 2 10 1 2531 2650 2587 2763
1932 4 2 10 1 2592 2719 2568 2817
1933 4 2 10 1 457 423 417 2791
1934 4 2 10 1 331 329 293 2617
1935 4 2 10 1 152 2585 237 2821
1936 4 2 10 1 103 101 2681 2732
1937 4 2 10 1 2525 2563 2602 2817
1938 4 2 10 1 2585 2616 148 2821
1939 4 2 10 1 392 2573 353 2800
1940 4 2 10 1 832 868 867 2555
1941 4 2 10 1 692 606 653 2711
1942 4 2 10 1 227 226 225 2800
1943 4 2 10 1 930 925 931 2797
1944 4 2 10 1 485 528 484 2530
1945 4 2 10 1 312 353 394 2573
1946 4 2 10 1 404 495 493 2612
1947 4 2 10 1 262 2601 263 2720
1948 4 2 10 1 2572 2627 2615 2814
1949 4 2 10 1 2520 2580 2718 2761
1950 4 2 10 1 918 2749 2569 2780
1951 4 2 10 1 588 553 551 2640
1952 4 2 10 1 2532 2607 2742 2770
1953 4 2 10 1 2511 2689 2540 2822
1954 4 2 10 1 2542 2721 2524 2787
1955 4 2 10 1 147 188 149 2798
1956 4 2 10 1 958 981 957 2582
1957 4 2 10 1 2604 2677 2581 2679
1958 4 2 10 1 17 24 2606 2647
1959 4 2 10 1 2569 2749 918 2769
1960 4 2 10 1 2542 2655 167 2673
1961 4 2 10 1 2681 2738 180 2800
1962 4 2 10 1 2586 2635 631 2717
1963 4 2 10 1 214 344 304 2699
1964 4 2 10 1 88 2618 129 2767
1965 4 2 10 1 2653 2689 2519 2822
1966 4 2 10 1 171 131 213 2782
1967 4 2 10 1 2552 2618 2600 2767
1968 4 2 10 1 2646 2749 2569 2769
1969 4 2 10 1 250 2622 247 2697
1970 4 2 10 1 171 213 2699 2782
1971 4 2 10 1 2565 2647 2534 2787
1972 4 2 10 1 113 114 111 2632
1973 4 2 10 1 976 2749 974 2831
1974 4 2 10 1 712 715 717 2564
1975 4 2 10 1 943 2581 939 2679
1976 4 2 10 1 273 2567 355 2786
1977 4 2 10 1 817 786 819 2589
1978 4 2 10 1 2538 2646 2645 2831
1979 4 2 10 1 2551 2640 548 2791
1980 4 2 10 1 479 527 523 2630
1981 4 2 10 1 46 130 93 2721
1982 4 2 10 1 2633 2757 2575 2824
1983 4 2 10 1 209 208 256 2673
1984 4 2 10 1 2515 2644 2671 2720
1985 4 2 10 1 158 120 157 2830
1986 4 2 10 1 2714 2803 2760 2819
1987 4 2 10 1 982 2581 959 2769
1988 4 2 10 1 748 744 2532 2584
1989 4 2 10 1 2672 2756 2535 2803
1990 4 2 10 1 529 2630 2530 2723
1991 4 2 10 1 445 2530 443 2701
1992 4 2 10 1 2623 2633 2575 2824
1993 4 2 10 1 2566 2670 2697 2801
1994 4 2 10 1 82 2728 38 2754
1995 4 2 10 1 394 353 393 2573
1996 4 2 10 1 2517 2694 2575 2806
1997 4 2 10 1 460 2727 461 2771
1998 4 2 10 1 2554 2706 2652 2784
1999 4 2 10 1 799 2657 2575 2793
2000 4 2 10 1 921 2540 2769 2820
2001 4 2 10 1 97 56 59 2624
2002 4 2 10 1 95 2692 92 2782
2003 4 2 10 1 696 612 610 2705
2004 4 2 10 1 495 2612 404 2709
2005 4 2 10 1 625 2564 583 2717
2006 4 2 10 1 822 880 2591 2797
2007 4 2 10 1 2572 2613 2525 2753
2008 4 2 10 1 391 2661 433 2808
2009 4 2 10 1 2515 2671 2644 2779
2010 4 2 10 1 823 2648 821 2820
2011 4 2 10 1 723 767 633 2636
2012 4 2 10 1 91 2618 52 2828
2013 4 2 10 1 207 2655 2600 2746
2014 4 2 10 1 719 764 673 2635
2015 4 2 10 1 154 114 2708 2825
2016 4 2 10 1 2573 2526 2800 2813
2017 4 2 10 1 496 2696 407 2756
2018 4 2 10 1 2529 2768 2631 2794
2019 4 2 10 1 266 2741 2610 2813
2020 4 2 10 1 303 384 343 2720
2021 4 2 10 1 321 365 2574 2710
2022 4 2 10 1 273 354 311 2786
2023 4 2 10 1 457 417 415 2791
2024 4 2 10 1 2584 2651 2532 2742
2025 4 2 10 1 2582 2591 2514 2729
2026 4 2 10 1 2636 2657 2543 2694
2027 4 2 10 1 439 438 440 2691
2028 4 2 10 1 319 277 317 2774
2029 4 2 10 1 2592 2719 2563 2727
2030 4 2 10 1 2575 2694 2636 2806
2031 4 2 10 1 651 690 745 2792
2032 4 2 10 1 498 540 541 2586
2033 4 2 10 1 794 2657 795 2703
2034 4 2 10 1 35 2600 79 2754
2035 4 2 10 1 621 713 623 2687
2036 4 2 10 1 2710 2719 2525 2795
2037 4 2 10 1 2618 2712 52 2828
2038 4 2 10 1 2687 2705 2537 2809
2039 4 2 10 1 631 2635 673 2717
2040 4 2 10 1 554 552 503 2757
2041 4 2 10 1 2527 2715 2642 2775
2042 4 2 10 1 2566 2708 2766 2819
2043 4 2 10 1 2558 2735 2589 2743
2044 4 2 10 1 2514 2646 2581 2762
2045 4 2 10 1 515 602 604 2603
2046 4 2 10 1 441 440 442 2701
2047 4 2 10 1 590 556 2640 2807
2048 4 2 10 1 2533 2604 2740 2793
2049 4 2 10 1 760 2702 789 2796
2050 4 2 10 1 2531 2569 2780 2822
2051 4 2 10 1 141 140 139 2681
2052 4 2 10 1 650 649 689 2759
2053 4 2 10 1 954 957 955 2582
2054 4 2 10 1 255 341 260 2673
2055 4 2 10 1 2612 2683 2613 2709
2056 4 2 10 1 2544 2699 2673 2707
2057 4 2 10 1 302 2576 344 2699
2058 4 2 10 1 317 315 361 2827
2059 4 2 10 1 2515 2720 2671 2730
2060 4 2 10 1 2548 2633 2623 2807
2061 4 2 10 1 2513 2627 2665 2684
2062 4 2 10 1 2572 2684 2628 2810
2063 4 2 10 1 2637 2650 2531 2763
2064 4 2 10 1 941 889 2599 2799
2065 4 2 10 1 658 695 2607 2620
2066 4 2 10 1 2600 2746 2552 2767
2067 4 2 10 1 2537 2750 2579 2789
2068 4 2 10 1 260 211 2673 2699
2069 4 2 10 1 392 352 2614 2813
2070 4 2 10 1 2648 2653 2540 2689
2071 4 2 10 1 2646 2662 2569 2749
2072 4 2 10 1 2545 2660 2601 2781
2073 4 2 10 1 2656 2691 2530 2701
2074 4 2 10 1 2555 2740 2533 2799
2075 4 2 10 1 321 2574 2698 2710
2076 4 2 10 1 2680 2713 2576 2758
2077 4 2 10 1 781 780 2763 2792
2078 4 2 10 1 438 437 354 2654
2079 4 2 10 1 995 999 996 2582
2080 4 2 10 1 498 545 2586 2683
2081 4 2 10 1 834 801 868 2555
2082 4 2 10 1 686 685 2674 2759
2083 4 2 10 1 2521 2702 2589 2739
2084 4 2 10 1 39 38 83 2728
2085 4 2 10 1 2562 2800 227 2805
2086 4 2 10 1 2583 2774 317 2805
2087 4 2 10 1 345 467 385 2680
2088 4 2 10 1 2540 2689 2653 2822
2089 4 2 10 1 606 608 569 2711
2090 4 2 10 1 2518 2678 2745 2775
2091 4 2 10 1 2568 2528 2755 2815
2092 4 2 10 1 2563 2757 2602 2817
2093 4 2 10 1 2536 2665 2620 2734
2094 4 2 10 1 49 52 91 2618
2095 4 2 10 1 2719 2812 2568 2817
2096 4 2 10 1 2506 2631 2768 2794
2097 4 2 10 1 2506 2652 2706 2784
2098 4 2 10 1 2598 2731 2570 2779
2099 4 2 10 1 2676 2700 2522 2725
2100 4 2 10 1 2611 2727 2697 2829
2101 4 2 10 1 2688 2559 2742 2770
2102 4 2 10 1 2517 2658 2588 2815
2103 4 2 10 1 2506 2706 2713 2790
2104 4 2 10 1 479 2630 523 2691
2105 4 2 10 1 2528 2686 2551 2788
2106 4 2 10 1 345 385 344 2576
2107 4 2 10 1 688 741 736 2744
2108 4 2 10 1 915 2749 2637 2752
2109 4 2 10 1 2522 2676 2605 2810
2110 4 2 10 1 2603 2680 2576 2765
2111 4 2 10 1 2525 2613 2586 2683
2112 4 2 10 1 556 505 2640 2771
2113 4 2 10 1 395 394 2573 2805
2114 4 2 10 1 871 838 837 2785
2115 4 2 10 1 628 629 2686 2687
2116 4 2 10 1 2526 2610 2761 2782
2117 4 2 10 1 959 982 990 2581
2118 4 2 10 1 2615 2773 2568 2815
2119 4 2 10 1 90 47 49 2600
2120 4 2 10 1 312 353 2573 2800
2121 4 2 10 1 500 546 2563 2757
2122 4 2 10 1 219 2601 174 2828
2123 4 2 10 1 451 495 404 2709
2124 4 2 10 1 599 650 601 2641
2125 4 2 10 1 315 2583 317 2805
2126 4 2 10 1 2692 2741 2526 2782
2127 4 2 10 1 2666 2763 2529 2792
2128 4 2 10 1 2629 2780 2540 2822
2129 4 2 10 1 535 581 491 2723
2130 4 2 10 1 396 357 358 2818
2131 4 2 10 1 267 306 2601 2808
2132 4 2 10 1 539 494 2560 2802
2133 4 2 10 1 2561 2642 2775 2795
2134 4 2 10 1 215 2610 213 2699
2135 4 2 10 1 779 743 740 2596
2136 4 2 10 1 340 341 255 2673
2137 4 2 10 1 921 2540 877 2769
2138 4 2 10 1 817 2589 819 2729
2139 4 2 10 1 171 2610 216 2741
2140 4 2 10 1 2512 2642 2622 2829
2141 4 2 10 1 863 826 827 2657
2142 4 2 10 1 873 844 2577 2748
2143 4 2 10 1 936 2703 2679 2797
2144 4 2 10 1 2542 2673 211 2699
2145 4 2 10 1 821 2540 763 2820
2146 4 2 10 1 90 89 47 2600
2147 4 2 10 1 2700 2725 2554 2784
2148 4 2 10 1 585 2602 546 2757
2149 4 2 10 1 838 871 841 2650
2150 4 2 10 1 216 2610 265 2741
2151 4 2 10 1 2546 2660 2601 2808
2152 4 2 10 1 2596 2674 2539 2759
2153 4 2 10 1 191 2621 149 2798
2154 4 2 10 1 2669 2696 2551 2826
2155 4 2 10 1 904 944 945 2752
2156 4 2 10 1 2560 2756 2696 2802
2157 4 2 10 1 2518 2649 2624 2821
2158 4 2 10 1 317 2583 315 2827
2159 4 2 10 1 346 385 429 2576
2160 4 2 10 1 242 284 2698 2710
2161 4 2 10 1 224 182 228 2660
2162 4 2 10 1 645 559 593 2751
2163 4 2 10 1 2506 2713 2652 2794
2164 4 2 10 1 44 42 43 2606
2165 4 2 10 1 2586 2613 2525 2814
2166 4 2 10 1 507 464 2598 2758
2167 4 2 10 1 97 56 2624 2712
2168 4 2 10 1 139 2681 138 2738
2169 4 2 10 1 363 2756 2583 2827
2170 4 2 10 1 478 479 523 2691
2171 4 2 10 1 2576 2680 2603 2713
2172 4 2 10 1 850 848 814 2577
2173 4 2 10 1 2554 2676 2700 2784
2174 4 2 10 1 2528 2551 2755 2788
2175 4 2 10 1 939 2581 966 2679
2176 4 2 10 1 429 2576 385 2680
2177 4 2 10 1 61 2692 100 2732
2178 4 2 10 1 2524 2655 2542 2787
2179 4 2 10 1 312 2573 394 2805
2180 4 2 10 1 2507 2542 2707 2783
2181 4 2 10 1 301 2673 2747 2779
2182 4 2 10 1 2573 2614 2777 2789
2183 4 2 10 1 2559 2700 2651 2742
2184 4 2 10 1 983 999 981 2582
2185 4 2 10 1 2563 2512 2617 2727
2186 4 2 10 1 743 745 690 2792
2187 4 2 10 1 550 547 502 2757
2188 4 2 10 1 578 619 2687 2809
2189 4 2 10 1 2561 2719 2642 2795
2190 4 2 10 1 192 2670 2566 2766
2191 4 2 10 1 131 2699 213 2782
2192 4 2 10 1 514 517 2609 2731
2193 4 2 10 1 432 513 515 2680
2194 4 2 10 1 674 587 672 2686
2195 4 2 10 1 2532 2651 2700 2742
2196 4 2 10 1 2537 2667 2777 2809
2197 4 2 10 1 976 2646 2749 2831
2198 4 2 10 1 2511 2597 2689 2822
2199 4 2 10 1 2561 2745 2678 2775
2200 4 2 10 1 566 517 472 2609
2201 4 2 10 1 393 394 2573 2777
2202 4 2 10 1 2536 2620 2665 2684
2203 4 2 10 1 2573 2718 2614 2789
2204 4 2 10 1 2621 2527 2760 2819
2205 4 2 10 1 646 681 2674 2682
2206 4 2 10 1 895 2740 2657 2793
2207 4 2 10 1 528 484 2530 2630
2208 4 2 10 1 430 429 385 2680
2209 4 2 10 1 151 113 2621 2708
2210 4 2 10 1 280 2585 237 2698
2211 4 2 10 1 2601 2660 2546 2781
2212 4 2 10 1 2515 2707 2706 2779
2213 4 2 10 1 2538 2748 2625 2752
2214 4 2 10 1 17 24 16 2606
2215 4 2 10 1 942 941 963 2740
2216 4 2 10 1 2580 2718 2509 2760
2217 4 2 10 1 2603 2680 2539 2713
2218 4 2 10 1 2625 2724 2516 2785
2219 4 2 10 1 2575 2657 2636 2694
2220 4 2 10 1 487 2530 488 2723
2221 4 2 10 1 2559 2688 2676 2770
2222 4 2 10 1 2512 2719 2710 2795
2223 4 2 10 1 2613 2628 2572 2814
2224 4 2 10 1 42 2606 39 2728
2225 4 2 10 1 842 2650 2637 2763
2226 4 2 10 1 141 2681 139 2738
2227 4 2 10 1 2516 2650 2625 2785
2228 4 2 10 1 188 2562 2774 2798
2229 4 2 10 1 340 341 2673 2693
2230 4 2 10 1 533 534 577 2723
2231 4 2 10 1 2622 2825 2553 2830
2232 4 2 10 1 475 434 516 2765
2233 4 2 10 1 492 446 449 2701
2234 4 2 10 1 2659 2515 2725 2730
2235 4 2 10 1 814 2577 847 2724
2236 4 2 10 1 505 463 2611 2771
2237 4 2 10 1 559 646 594 2674
2238 4 2 10 1 848 2577 850 2729
2239 4 2 10 1 2655 2552 2747 2783
2240 4 2 10 1 485 2530 487 2723
2241 4 2 10 1 142 105 103 2681
2242 4 2 10 1 722 2686 2648 2788
2243 4 2 10 1 381 511 464 2598
2244 4 2 10 1 2625 2724 906 2748
2245 4 2 10 1 99 96 138 2692
2246 4 2 10 1 192 2566 154 2708
2247 4 2 10 1 2627 2536 2665 2684
2248 4 2 10 1 944 907 909 2748
2249 4 2 10 1 2512 2642 2719 2795
2250 4 2 10 1 628 2686 630 2802
2251 4 2 10 1 793 766 767 2636
2252 4 2 10 1 652 602 601 2641
2253 4 2 10 1 2667 2705 2537 2750
2254 4 2 10 1 2701 2709 2549 2818
2255 4 2 10 1 2574 2613 2525 2683
2256 4 2 10 1 300 261 2720 2746
2257 4 2 10 1 348 388 2671 2720
2258 4 2 10 1 838 2650 806 2785
2259 4 2 10 1 608 2667 569 2711
2260 4 2 10 1 106 2624 67 2821
2261 4 2 10 1 392 2800 310 2813
2262 4 2 10 1 2601 2720 2552 2730
2263 4 2 10 1 252 2622 250 2697
2264 4 2 10 1 706 2716 2593 2764
2265 4 2 10 1 2638 2731 2570 2751
2266 4 2 10 1 921 878 2540 2820
2267 4 2 10 1 231 274 2585 2736
2268 4 2 10 1 780 811 813 2763
2269 4 2 10 1 540 495 541 2612
2270 4 2 10 1 2516 2724 2608 2742
2271 4 2 10 1 464 2693 2598 2758
2272 4 2 10 1 972 2752 970 2831
2273 4 2 10 1 78 120 2816 2825
2274 4 2 10 1 902 867 866 2555
2275 4 2 10 1 595 596 560 2759
2276 4 2 10 1 818 851 2540 2629
2277 4 2 10 1 683 648 2638 2751
2278 4 2 10 1 712 2564 2716 2764
2279 4 2 10 1 904 905 2625 2752
2280 4 2 10 1 941 2599 2740 2799
2281 4 2 10 1 2509 2583 2798 2803
2282 4 2 10 1 983 926 984 2582
2283 4 2 10 1 2655 2783 2542 2787
2284 4 2 10 1 2578 2702 761 2796
2285 4 2 10 1 633 586 723 2575
2286 4 2 10 1 785 2608 752 2735
2287 4 2 10 1 858 2799 823 2820
2288 4 2 10 1 523 522 478 2691
2289 4 2 10 1 2544 2576 2713 2758
2290 4 2 10 1 671 626 625 2717
2291 4 2 10 1 2548 2771 2633 2807
2292 4 2 10 1 2594 2660 2545 2781
2293 4 2 10 1 957 981 980 2582
2294 4 2 10 1 725 2575 723 2824
2295 4 2 10 1 89 40 41 2754
2296 4 2 10 1 3 2606 1 2754
2297 4 2 10 1 2556 2659 2605 2778
2298 4 2 10 1 216 264 265 2610
2299 4 2 10 1 40 2600 35 2754
2300 4 2 10 1 228 314 273 2567
2301 4 2 10 1 2534 2647 2565 2733
2302 4 2 10 1 2598 2539 2758 2790
2303 4 2 10 1 2609 2700 2570 2725
2304 4 2 10 1 2543 2657 2636 2703
2305 4 2 10 1 344 385 346 2576
2306 4 2 10 1 249 199 202 2663
2307 4 2 10 1 603 2609 2532 2731
2308 4 2 10 1 658 697 699 2620
2309 4 2 10 1 276 2774 2562 2805
2310 4 2 10 1 392 393 353 2573
2311 4 2 10 1 433 2671 388 2808
2312 4 2 10 1 2634 2695 2580 2804
2313 4 2 10 1 2548 2640 2551 2755
2314 4 2 10 1 379 2693 378 2758
2315 4 2 10 1 2590 2667 2541 2750
2316 4 2 10 1 8 7 2 2606
2317 4 2 10 1 263 217 267 2601
2318 4 2 10 1 86 45 43 2606
2319 4 2 10 1 2576 2680 432 2765
2320 4 2 10 1 154 192 198 2566
2321 4 2 10 1 750 748 656 2532
2322 4 2 10 1 2529 2603 2641 2768
2323 4 2 10 1 171 2610 2741 2782
2324 4 2 10 1 283 2672 279 2756
2325 4 2 10 1 2572 2753 2525 2812
2326 4 2 10 1 2673 2515 2747 2779
2327 4 2 10 1 650 599 649 2759
2328 4 2 10 1 42 39 83 2728
2329 4 2 10 1 2514 2581 2679 2762
2330 4 2 10 1 2648 2658 2533 2722
2331 4 2 10 1 518 472 473 2609
2332 4 2 10 1 2565 2675 2639 2733
2333 4 2 10 1 129 90 91 2618
2334 4 2 10 1 91 90 49 2618
2335 4 2 10 1 2538 2752 2749 2831
2336 4 2 10 1 2526 2761 2692 2782
2337 4 2 10 1 757 755 758 2796
2338 4 2 10 1 2549 2709 2574 2736
2339 4 2 10 1 201 247 250 2622
2340 4 2 10 1 785 751 752 2608
2341 4 2 10 1 2539 2713 2680 2758
2342 4 2 10 1 90 129 88 2618
2343 4 2 10 1 694 696 657 2590
2344 4 2 10 1 493 492 449 2701
2345 4 2 10 1 889 884 2599 2799
2346 4 2 10 1 2574 2683 2525 2710
2347 4 2 10 1 234 2774 2672 2798
2348 4 2 10 1 106 104 2624 2821
2349 4 2 10 1 149 2621 109 2732
2350 4 2 10 1 619 618 667 2705
2351 4 2 10 1 2612 2613 2549 2709
2352 4 2 10 1 392 2573 2800 2813
2353 4 2 10 1 751 814 750 2608
2354 4 2 10 1 2528 2648 2686 2788
2355 4 2 10 1 2564 2593 2716 2764
2356 4 2 10 1 933 2679 986 2762
2357 4 2 10 1 2562 2738 2681 2800
2358 4 2 10 1 2720 2730 2601 2808
2359 4 2 10 1 2536 2770 2684 2810
2360 4 2 10 1 246 288 245 2663
2361 4 2 10 1 136 98 179 2828
2362 4 2 10 1 725 726 2575 2824
2363 4 2 10 1 58 2675 26 2733
2364 4 2 10 1 2714 2760 2527 2819
2365 4 2 10 1 443 2530 442 2701
2366 4 2 10 1 346 347 304 2576
2367 4 2 10 1 2535 2672 2803 2819
2368 4 2 10 1 2525 2613 2574 2753
2369 4 2 10 1 605 2607 655 2609
2370 4 2 10 1 442 485 441 2530
2371 4 2 10 1 390 307 2614 2813
2372 4 2 10 1 323 369 286 2669
2373 4 2 10 1 758 710 2716 2796
2374 4 2 10 1 723 795 794 2636
2375 4 2 10 1 209 2655 208 2673
2376 4 2 10 1 840 809 2724 2785
2377 4 2 10 1 276 317 278 2774
2378 4 2 10 1 267 219 268 2660
2379 4 2 10 1 2678 2753 2561 2795
2380 4 2 10 1 505 463 421 2611
2381 4 2 10 1 822 883 880 2797
2382 4 2 10 1 3 1 36 2754
2383 4 2 10 1 2536 2684 2627 2810
2384 4 2 10 1 2603 2713 2539 2768
2385 4 2 10 1 967 973 975 2645
2386 4 2 10 1 821 854 856 2820
2387 4 2 10 1 263 267 306 2601
2388 4 2 10 1 2547 2522 2661 2690
2389 4 2 10 1 2666 2763 846 2780
2390 4 2 10 1 301 254 207 2747
2391 4 2 10 1 2679 2703 2543 2797
2392 4 2 10 1 2609 2725 2570 2779
2393 4 2 10 1 494 403 448 2827
2394 4 2 10 1 336 419 374 2697
2395 4 2 10 1 949 913 2645 2748
2396 4 2 10 1 2530 2564 2723 2764
2397 4 2 10 1 62 104 59 2624
2398 4 2 10 1 624 625 626 2564
2399 4 2 10 1 339 2693 2673 2779
2400 4 2 10 1 348 388 472 2671
2401 4 2 10 1 105 2681 147 2732
2402 4 2 10 1 651 2641 690 2792
2403 4 2 10 1 588 590 553 2640
2404 4 2 10 1 2550 2640 2551 2791
2405 4 2 10 1 655 2532 654 2609
2406 4 2 10 1 738 777 2596 2704
2407 4 2 10 1 415 370 412 2791
2408 4 2 10 1 758 705 710 2796
2409 4 2 10 1 280 282 281 2736
2410 4 2 10 1 466 508 2680 2758
2411 4 2 10 1 39 9 2 2606
2412 4 2 10 1 742 744 778 2638
2413 4 2 10 1 2570 2700 2651 2784
2414 4 2 10 1 405 450 2756 2827
2415 4 2 10 1 733 833 801 2555
2416 4 2 10 1 805 838 806 2785
2417 4 2 10 1 2632 2745 2527 2775
2418 4 2 10 1 2637 2749 914 2780
2419 4 2 10 1 486 2664 483 2809
2420 4 2 10 1 2753 2795 2525 2812
2421 4 2 10 1 348 2644 384 2720
2422 4 2 10 1 696 610 657 2590
2423 4 2 10 1 319 235 277 2774
2424 4 2 10 1 498 631 540 2586
2425 4 2 10 1 2597 2643 2519 2772
2426 4 2 10 1 393 2573 392 2777
2427 4 2 10 1 2598 2731 510 2751
2428 4 2 10 1 395 312 394 2805
2429 4 2 10 1 192 198 2566 2670
2430 4 2 10 1 2671 2730 2720 2808
2431 4 2 10 1 2635 2636 2521 2806
2432 4 2 10 1 379 378 425 2758
2433 4 2 10 1 497 451 2683 2709
2434 4 2 10 1 507 558 424 2758
2435 4 2 10 1 2573 2664 2537 2777
2436 4 2 10 1 585 633 2602 2757
2437 4 2 10 1 2589 2521 2739 2743
2438 4 2 10 1 137 2738 138 2741
2439 4 2 10 1 388 473 472 2671
2440 4 2 10 1 629 713 2653 2687
2441 4 2 10 1 208 2655 254 2673
2442 4 2 10 1 485 443 487 2530
2443 4 2 10 1 270 2660 273 2786
2444 4 2 10 1 341 379 342 2693
2445 4 2 10 1 858 823 856 2820
2446 4 2 10 1 2673 2699 2542 2707
2447 4 2 10 1 943 966 939 2581
2448 4 2 10 1 2553 2775 2632 2825
2449 4 2 10 1 218 216 265 2741
2450 4 2 10 1 2546 2660 2594 2781
2451 4 2 10 1 860 2555 824 2799
2452 4 2 10 1 970 2752 968 2831
2453 4 2 10 1 920 820 881 2591
2454 4 2 10 1 967 2645 971 2831
2455 4 2 10 1 929 937 884 2599
2456 4 2 10 1 2551 2696 2669 2791
2457 4 2 10 1 2648 2658 2528 2689
2458 4 2 10 1 211 2542 167 2673
2459 4 2 10 1 628 630 584 2802
2460 4 2 10 1 2599 2769 2540 2820
2461 4 2 10 1 688 2638 741 2744
2462 4 2 10 1 683 648 688 2638
2463 4 2 10 1 983 981 958 2582
2464 4 2 10 1 566 655 654 2609
2465 4 2 10 1 541 497 498 2683
2466 4 2 10 1 2519 2643 2597 2689
2467 4 2 10 1 2519 2705 2590 2750
2468 4 2 10 1 2526 2562 2681 2732
2469 4 2 10 1 982 979 2646 2769
2470 4 2 10 1 952 979 923 2769
2471 4 2 10 1 659 697 2620 2737
2472 4 2 10 1 965 2581 989 2762
2473 4 2 10 1 2530 2630 484 2691
2474 4 2 10 1 756 2629 703 2705
2475 4 2 10 1 603 2532 2638 2731
2476 4 2 10 1 285 2669 286 2766
2477 4 2 10 1 974 972 970 2831
2478 4 2 10 1 2621 2672 191 2819
2479 4 2 10 1 186 188 2562 2774
2480 4 2 10 1 2574 2710 2525 2795
2481 4 2 10 1 873 844 847 2577
2482 4 2 10 1 577 534 579 2723
2483 4 2 10 1 858 884 2599 2820
2484 4 2 10 1 914 872 2637 2780
2485 4 2 10 1 2551 2548 2755 2788
2486 4 2 10 1 454 2683 408 2710
2487 4 2 10 1 975 971 2645 2831
2488 4 2 10 1 2629 2666 849 2780
2489 4 2 10 1 437 351 2654 2786
2490 4 2 10 1 482 573 525 2809
2491 4 2 10 1 595 2674 682 2759
2492 4 2 10 1 258 383 301 2747
2493 4 2 10 1 89 47 2600 2754
2494 4 2 10 1 853 855 854 2820
2495 4 2 10 1 2671 2725 2515 2730
2496 4 2 10 1 114 112 111 2632
2497 4 2 10 1 684 681 735 2682
2498 4 2 10 1 844 2724 2577 2748
2499 4 2 10 1 371 327 329 2617
2500 4 2 10 1 2551 2640 2548 2788
2501 4 2 10 1 743 690 2641 2792
2502 4 2 10 1 2643 2689 2528 2815
2503 4 2 10 1 2581 2646 982 2762
2504 4 2 10 1 689 690 650 2641
2505 4 2 10 1 103 2681 105 2732
2506 4 2 10 1 2515 2644 2720 2747
2507 4 2 10 1 453 2696 496 2802
2508 4 2 10 1 995 980 981 2582
2509 4 2 10 1 2625 2637 2538 2752
2510 4 2 10 1 2560 2664 2583 2827
2511 4 2 10 1 674 2653 2648 2686
2512 4 2 10 1 2549 2701 2612 2709
2513 4 2 10 1 105 66 103 2732
2514 4 2 10 1 945 944 968 2752
2515 4 2 10 1 663 2630 616 2723
2516 4 2 10 1 842 2637 872 2763
2517 4 2 10 1 2682 2704 2523 2744
2518 4 2 10 1 640 554 2633 2824
2519 4 2 10 1 587 2548 2640 2788
2520 4 2 10 1 312 2800 2573 2805
2521 4 2 10 1 560 561 512 2759
2522 4 2 10 1 706 705 2593 2716
2523 4 2 10 1 2510 2678 2753 2811
2524 4 2 10 1 207 2746 258 2747
2525 4 2 10 1 67 106 104 2624
2526 4 2 10 1 2670 2766 2669 2801
2527 4 2 10 1 823 2799 2648 2820
2528 4 2 10 1 418 373 2617 2727
2529 4 2 10 1 109 151 113 2621
2530 4 2 10 1 2655 2747 2673 2783
2531 4 2 10 1 191 151 2621 2708
2532 4 2 10 1 708 2723 711 2764
2533 4 2 10 1 315 2583 2805 2827
2534 4 2 10 1 915 2637 911 2752
2535 4 2 10 1 26 60 31 2675
2536 4 2 10 1 554 2757 2633 2824
2537 4 2 10 1 2630 2723 663 2764
2538 4 2 10 1 933 962 2582 2762
2539 4 2 10 1 180 226 144 2681
2540 4 2 10 1 2522 2684 2770 2810
2541 4 2 10 1 539 542 496 2802
2542 4 2 10 1 34 68 2649 2675
2543 4 2 10 1 753 696 2590 2705
2544 4 2 10 1 95 135 2692 2782
2545 4 2 10 1 519 2661 520 2737
2546 4 2 10 1 311 270 273 2786
2547 4 2 10 1 70 67 2649 2821
2548 4 2 10 1 280 282 2574 2698
2549 4 2 10 1 2522 2700 2609 2725
2550 4 2 10 1 794 767 723 2636
2551 4 2 10 1 676 731 770 2623
2552 4 2 10 1 392 352 435 2614
2553 4 2 10 1 2515 2720 2730 2747
2554 4 2 10 1 907 2625 906 2748
2555 4 2 10 1 142 143 105 2681
2556 4 2 10 1 684 2674 681 2682
2557 4 2 10 1 2561 2775 2678 2795
2558 4 2 10 1 738 2682 775 2704
2559 4 2 10 1 499 453 543 2696
2560 4 2 10 1 114 2632 2708 2825
2561 4 2 10 1 52 2712 94 2828
2562 4 2 10 1 2529 2711 2603 2794
2563 4 2 10 1 742 778 741 2638
2564 4 2 10 1 2506 2706 2652 2713
2565 4 2 10 1 2546 2786 2660 2808
2566 4 2 10 1 507 424 464 2758
2567 4 2 10 1 853 763 2540 2820
2568 4 2 10 1 322 240 283 2672
2569 4 2 10 1 466 560 512 2680
2570 4 2 10 1 231 237 280 2585
2571 4 2 10 1 31 28 26 2675
2572 4 2 10 1 211 212 126 2542
2573 4 2 10 1 237 2585 190 2821
2574 4 2 10 1 2637 2749 2538 2752
2575 4 2 10 1 78 117 119 2825
2576 4 2 10 1 2528 2755 2658 2788
2577 4 2 10 1 737 774 734 2682
2578 4 2 10 1 871 2625 838 2785
2579 4 2 10 1 627 540 631 2717
2580 4 2 10 1 296 332 251 2663
2581 4 2 10 1 2544 2673 2693 2707
2582 4 2 10 1 2576 2713 2603 2765
2583 4 2 10 1 2658 2722 2648 2788
2584 4 2 10 1 2549 2656 2612 2701
2585 4 2 10 1 2574 2525 2753 2795
2586 4 2 10 1 2672 2774 2583 2798
2587 4 2 10 1 2545 2685 2594 2781
2588 4 2 10 1 2508 2551 2755 2826
2589 4 2 10 1 858 2599 2799 2820
2590 4 2 10 1 181 102 145 2616
2591 4 2 10 1 2667 2750 2537 2789
2592 4 2 10 1 703 2653 707 2705
2593 4 2 10 1 539 494 538 2560
2594 4 2 10 1 2558 2589 2739 2743
2595 4 2 10 1 243 239 241 2766
2596 4 2 10 1 930 2591 925 2797
2597 4 2 10 1 807 2704 2650 2763
2598 4 2 10 1 211 167 260 2673
2599 4 2 10 1 50 49 2619 2712
2600 4 2 10 1 929 928 960 2599
2601 4 2 10 1 943 939 940 2679
2602 4 2 10 1 32 29 30 2624
2603 4 2 10 1 629 713 763 2653
2604 4 2 10 1 2719 2525 2795 2812
2605 4 2 10 1 893 901 865 2555
2606 4 2 10 1 2600 2524 2728 2754
2607 4 2 10 1 765 629 763 2653
2608 4 2 10 1 2529 2641 2596 2768
2609 4 2 10 1 380 2731 2598 2779
2610 4 2 10 1 397 395 2664 2805
2611 4 2 10 1 2667 2537 2777 2789
2612 4 2 10 1 2527 2621 2708 2819
2613 4 2 10 1 796 2555 724 2722
2614 4 2 10 1 2526 2681 2562 2738
2615 4 2 10 1 347 346 386 2576
2616 4 2 10 1 2534 2721 2542 2787
2617 4 2 10 1 162 2746 163 2767
2618 4 2 10 1 966 2581 965 2762
2619 4 2 10 1 759 761 758 2796
2620 4 2 10 1 2539 2768 2713 2790
2621 4 2 10 1 936 935 2703 2797
2622 4 2 10 1 594 682 595 2674
2623 4 2 10 1 348 305 388 2720
2624 4 2 10 1 91 133 129 2618
2625 4 2 10 1 179 224 219 2660
2626 4 2 10 1 2669 2696 412 2791
2627 4 2 10 1 785 814 751 2608
2628 4 2 10 1 2562 2573 2800 2805
2629 4 2 10 1 953 2582 978 2645
2630 4 2 10 1 531 487 533 2723
2631 4 2 10 1 399 449 447 2818
2632 4 2 10 1 2556 2778 2605 2811
2633 4 2 10 1 370 2669 412 2791
2634 4 2 10 1 532 486 483 2809
2635 4 2 10 1 108 66 105 2732
2636 4 2 10 1 351 2786 391 2808
2637 4 2 10 1 483 2777 481 2809
2638 4 2 10 1 194 2663 2698 2830
2639 4 2 10 1 24 2619 2606 2647
2640 4 2 10 1 645 680 646 2682
2641 4 2 10 1 32 67 29 2624
2642 4 2 10 1 188 191 149 2798
2643 4 2 10 1 408 2683 406 2710
2644 4 2 10 1 320 279 363 2756
2645 4 2 10 1 531 530 529 2723
2646 4 2 10 1 2565 2619 2668 2712
2647 4 2 10 1 2512 2710 2698 2795
2648 4 2 10 1 286 2670 243 2766
2649 4 2 10 1 921 2769 922 2820
2650 4 2 10 1 2506 2768 2713 2794
2651 4 2 10 1 2533 2740 2555 2793
2652 4 2 10 1 976 979 2646 2831
2653 4 2 10 1 2562 2526 2738 2800
2654 4 2 10 1 2537 2777 2664 2809
2655 4 2 10 1 393 481 394 2777
2656 4 2 10 1 2651 2700 2559 2784
2657 4 2 10 1 266 2610 307 2813
2658 4 2 10 1 569 476 475 2667
2659 4 2 10 1 960 2599 928 2769
2660 4 2 10 1 567 516 604 2711
2661 4 2 10 1 758 2716 759 2796
2662 4 2 10 1 449 404 493 2701
2663 4 2 10 1 2561 2753 2811 2812
2664 4 2 10 1 500 547 546 2757
2665 4 2 10 1 437 391 351 2786
2666 4 2 10 1 581 579 534 2723
2667 4 2 10 1 543 2551 2696 2802
2668 4 2 10 1 516 2603 604 2711
2669 4 2 10 1 309 390 352 2813
2670 4 2 10 1 2668 2685 2545 2781
2671 4 2 10 1 498 454 545 2683
2672 4 2 10 1 2615 2773 2572 2812
2673 4 2 10 1 301 2747 383 2779
2674 4 2 10 1 914 2637 915 2749
2675 4 2 10 1 725 723 634 2824
2676 4 2 10 1 2552 2730 2720 2747
2677 4 2 10 1 236 279 283 2672
2678 4 2 10 1 788 2540 763 2653
2679 4 2 10 1 957 980 955 2582
2680 4 2 10 1 760 790 789 2702
2681 4 2 10 1 93 95 92 2782
2682 4 2 10 1 790 760 761 2702
2683 4 2 10 1 918 877 874 2769
2684 4 2 10 1 2531 2780 2629 2822
2685 4 2 10 1 990 2581 982 2762
2686 4 2 10 1 739 779 740 2596
2687 4 2 10 1 435 2614 390 2765
2688 4 2 10 1 2542 2783 2507 2787
2689 4 2 10 1 411 410 367 2710
2690 4 2 10 1 629 623 713 2687
2691 4 2 10 1 2606 2619 2524 2647
2692 4 2 10 1 357 354 355 2786
2693 4 2 10 1 921 877 918 2769
2694 4 2 10 1 470 432 2680 2765
2695 4 2 10 1 234 236 2672 2774
2696 4 2 10 1 76 74 68 2649
2697 4 2 10 1 818 816 851 2629
2698 4 2 10 1 852 818 851 2540
2699 4 2 10 1 2664 2687 2537 2809
2700 4 2 10 1 2546 2601 2730 2808
2701 4 2 10 1 2527 2714 2642 2715
2702 4 2 10 1 2535 2803 2714 2819
2703 4 2 10 1 858 2599 884 2799
2704 4 2 10 1 515 2603 470 2680
2705 4 2 10 1 2570 2731 2609 2779
2706 4 2 10 1 276 317 2774 2805
2707 4 2 10 1 2533 2623 2555 2722
2708 4 2 10 1 1 2606 5 2754
2709 4 2 10 1 815 2629 784 2666
2710 4 2 10 1 366 409 368 2696
2711 4 2 10 1 2590 2705 2667 2750
2712 4 2 10 1 706 2593 705 2764
2713 4 2 10 1 595 682 647 2759
2714 4 2 10 1 2648 2799 2599 2820
2715 4 2 10 1 960 928 959 2769
2716 4 2 10 1 331 371 329 2617
2717 4 2 10 1 2532 2700 2607 2770
2718 4 2 10 1 877 851 874 2540
2719 4 2 10 1 929 2599 884 2820
2720 4 2 10 1 23 2565 22 2619
2721 4 2 10 1 2541 2603 2711 2794
2722 4 2 10 1 685 682 2674 2759
2723 4 2 10 1 2649 2816 110 2821
2724 4 2 10 1 674 672 2653 2686
2725 4 2 10 1 268 308 2660 2786
2726 4 2 10 1 628 538 623 2802
2727 4 2 10 1 989 965 964 2581
2728 4 2 10 1 583 625 624 2564
2729 4 2 10 1 213 131 212 2699
2730 4 2 10 1 575 616 2630 2723
2731 4 2 10 1 979 2646 952 2749
2732 4 2 10 1 2529 2603 2768 2794
2733 4 2 10 1 21 22 25 2565
2734 4 2 10 1 642 2623 2633 2807
2735 4 2 10 1 927 929 882 2820
2736 4 2 10 1 214 304 215 2699
2737 4 2 10 1 413 327 371 2617
2738 4 2 10 1 2537 2573 2777 2789
2739 4 2 10 1 969 947 945 2752
2740 4 2 10 1 2569 2776 2597 2822
2741 4 2 10 1 658 659 697 2620
2742 4 2 10 1 164 209 165 2655
2743 4 2 10 1 539 2560 538 2802
2744 4 2 10 1 70 2649 110 2821
2745 4 2 10 1 2658 2755 2528 2815
2746 4 2 10 1 218 265 221 2741
2747 4 2 10 1 104 145 2616 2821
2748 4 2 10 1 418 460 373 2727
2749 4 2 10 1 211 212 2542 2699
2750 4 2 10 1 466 2680 425 2758
2751 4 2 10 1 2507 2685 2668 2781
2752 4 2 10 1 249 246 199 2663
2753 4 2 10 1 302 344 214 2699
2754 4 2 10 1 406 2683 451 2709
2755 4 2 10 1 50 49 47 2619
2756 4 2 10 1 179 181 182 2616
2757 4 2 10 1 63 2632 76 2675
2758 4 2 10 1 479 484 527 2630
2759 4 2 10 1 642 640 589 2633
2760 4 2 10 1 2568 2812 2615 2817
2761 4 2 10 1 48 46 93 2721
2762 4 2 10 1 348 431 384 2644
2763 4 2 10 1 732 2555 773 2623
2764 4 2 10 1 632 585 633 2602
2765 4 2 10 1 57 54 2647 2733
2766 4 2 10 1 661 697 659 2737
2767 4 2 10 1 321 2574 282 2698
2768 4 2 10 1 370 323 368 2669
2769 4 2 10 1 2546 2730 2601 2781
2770 4 2 10 1 2566 2801 2714 2819
2771 4 2 10 1 827 826 799 2657
2772 4 2 10 1 420 418 374 2727
2773 4 2 10 1 301 207 258 2747
2774 4 2 10 1 2546 2778 2659 2781
2775 4 2 10 1 109 149 151 2621
2776 4 2 10 1 600 744 742 2638
2777 4 2 10 1 879 855 853 2820
2778 4 2 10 1 452 453 499 2696
2779 4 2 10 1 777 739 738 2596
2780 4 2 10 1 526 572 523 2630
2781 4 2 10 1 933 2591 930 2797
2782 4 2 10 1 306 305 2720 2808
2783 4 2 10 1 186 189 188 2774
2784 4 2 10 1 266 265 2610 2741
2785 4 2 10 1 392 435 436 2777
2786 4 2 10 1 2561 2795 2753 2812
2787 4 2 10 1 188 234 191 2798
2788 4 2 10 1 2555 2623 2533 2793
2789 4 2 10 1 138 139 140 2681
2790 4 2 10 1 844 847 2577 2724
2791 4 2 10 1 2525 2615 2812 2817
2792 4 2 10 1 433 391 477 2661
2793 4 2 10 1 2521 2615 2806 2823
2794 4 2 10 1 2597 2519 2689 2822
2795 4 2 10 1 760 761 2702 2796
2796 4 2 10 1 364 2709 362 2736
2797 4 2 10 1 181 145 183 2616
2798 4 2 10 1 400 396 358 2818
2799 4 2 10 1 695 2620 699 2734
2800 4 2 10 1 746 783 749 2792
2801 4 2 10 1 516 470 2603 2765
2802 4 2 10 1 63 76 68 2675
2803 4 2 10 1 266 221 265 2741
2804 4 2 10 1 825 794 795 2703
2805 4 2 10 1 162 80 121 2767
2806 4 2 10 1 2571 2760 2714 2803
2807 4 2 10 1 984 999 983 2582
2808 4 2 10 1 549 501 548 2640
2809 4 2 10 1 2606 2647 2524 2721
2810 4 2 10 1 444 448 401 2827
2811 4 2 10 1 882 929 884 2820
2812 4 2 10 1 746 749 692 2792
2813 4 2 10 1 976 2646 979 2749
2814 4 2 10 1 2524 2655 2600 2728
2815 4 2 10 1 395 313 312 2805
2816 4 2 10 1 479 484 2630 2691
2817 4 2 10 1 2618 2545 2668 2712
2818 4 2 10 1 409 2696 366 2756
2819 4 2 10 1 273 355 354 2786
2820 4 2 10 1 2546 2594 2778 2781
2821 4 2 10 1 793 767 794 2636
2822 4 2 10 1 365 408 406 2710
2823 4 2 10 1 2561 2753 2678 2811
2824 4 2 10 1 575 2630 529 2723
2825 4 2 10 1 2713 2768 2603 2794
2826 4 2 10 1 207 2600 164 2746
2827 4 2 10 1 328 291 290 2670
2828 4 2 10 1 819 2591 820 2729
2829 4 2 10 1 985 2582 962 2762
2830 4 2 10 1 123 206 207 2746
2831 4 2 10 1 2506 2713 2768 2790
2832 4 2 10 1 530 531 533 2723
2833 4 2 10 1 176 178 139 2738
2834 4 2 10 1 967 975 971 2645
2835 4 2 10 1 363 361 402 2827
2836 4 2 10 1 352 390 435 2614
2837 4 2 10 1 585 546 633 2757
2838 4 2 10 1 540 627 625 2717
2839 4 2 10 1 815 849 2629 2666
2840 4 2 10 1 2527 2760 2715 2804
2841 4 2 10 1 486 489 444 2664
2842 4 2 10 1 321 367 365 2710
2843 4 2 10 1 413 326 327 2617
2844 4 2 10 1 2566 2766 2801 2819
2845 4 2 10 1 121 124 166 2767
2846 4 2 10 1 2526 2610 2741 2813
2847 4 2 10 1 452 412 2696 2791
2848 4 2 10 1 950 972 2749 2752
2849 4 2 10 1 842 841 2637 2650
2850 4 2 10 1 24 16 2606 2619
2851 4 2 10 1 381 2693 339 2779
2852 4 2 10 1 360 316 2736 2818
2853 4 2 10 1 2507 2730 2659 2781
2854 4 2 10 1 190 2585 148 2821
2855 4 2 10 1 764 790 761 2702
2856 4 2 10 1 78 157 120 2825
2857 4 2 10 1 2730 2747 2552 2783
2858 4 2 10 1 267 308 306 2808
2859 4 2 10 1 134 95 93 2782
2860 4 2 10 1 652 601 651 2641
2861 4 2 10 1 260 302 211 2699
2862 4 2 10 1 347 386 349 2576
2863 4 2 10 1 900 832 867 2555
2864 4 2 10 1 609 520 524 2737
2865 4 2 10 1 2559 2676 2700 2770
2866 4 2 10 1 904 945 905 2752
2867 4 2 10 1 91 133 2618 2828
2868 4 2 10 1 536 580 538 2687
2869 4 2 10 1 466 467 425 2680
2870 4 2 10 1 2559 2700 2676 2784
2871 4 2 10 1 393 392 436 2777
2872 4 2 10 1 26 23 24 2647
2873 4 2 10 1 8 2 9 2606
2874 4 2 10 1 39 2 3 2606
2875 4 2 10 1 198 248 247 2670
2876 4 2 10 1 656 2532 654 2607
2877 4 2 10 1 447 449 446 2701
2878 4 2 10 1 779 808 810 2763
2879 4 2 10 1 2546 2730 2671 2808
2880 4 2 10 1 574 613 526 2630
2881 4 2 10 1 681 594 646 2674
2882 4 2 10 1 449 2701 447 2818
2883 4 2 10 1 283 240 236 2672
2884 4 2 10 1 839 906 840 2724
2885 4 2 10 1 432 2576 429 2680
2886 4 2 10 1 2535 2766 2672 2819
2887 4 2 10 1 62 29 67 2624
2888 4 2 10 1 320 283 279 2756
2889 4 2 10 1 680 735 681 2682
2890 4 2 10 1 120 158 160 2830
2891 4 2 10 1 695 754 752 2734
2892 4 2 10 1 70 106 67 2821
2893 4 2 10 1 665 663 616 2723
2894 4 2 10 1 542 453 496 2802
2895 4 2 10 1 936 932 935 2797
2896 4 2 10 1 2522 2770 2676 2810
2897 4 2 10 1 2510 2605 2778 2811
2898 4 2 10 1 108 149 109 2732
2899 4 2 10 1 172 171 2741 2782
2900 4 2 10 1 600 2638 597 2731
2901 4 2 10 1 308 2786 350 2808
2902 4 2 10 1 58 64 60 2733
2903 4 2 10 1 2659 2730 2546 2781
2904 4 2 10 1 2528 2658 2648 2788
2905 4 2 10 1 631 498 545 2586
2906 4 2 10 1 188 2774 234 2798
2907 4 2 10 1 799 828 2657 2793
2908 4 2 10 1 364 282 365 2574
2909 4 2 10 1 222 269 2738 2813
2910 4 2 10 1 88 129 127 2767
2911 4 2 10 1 2592 2719 2727 2829
2912 4 2 10 1 2524 2721 2647 2787
2913 4 2 10 1 254 208 207 2655
2914 4 2 10 1 893 865 862 2555
2915 4 2 10 1 903 907 904 2625
2916 4 2 10 1 642 731 640 2633
2917 4 2 10 1 284 321 2698 2710
2918 4 2 10 1 605 655 518 2609
2919 4 2 10 1 2568 2773 2615 2812
2920 4 2 10 1 2561 2719 2795 2812
2921 4 2 10 1 549 551 504 2640
2922 4 2 10 1 278 233 229 2774
2923 4 2 10 1 704 663 2723 2764
2924 4 2 10 1 482 525 2777 2809
2925 4 2 10 1 975 973 978 2645
2926 4 2 10 1 876 848 850 2729
2927 4 2 10 1 391 437 477 2661
2928 4 2 10 1 2648 2722 2533 2799
2929 4 2 10 1 2541 2750 2667 2789
2930 4 2 10 1 208 209 164 2655
2931 4 2 10 1 2574 2613 2683 2709
2932 4 2 10 1 589 640 554 2633
2933 4 2 10 1 82 83 38 2728
2934 4 2 10 1 391 433 389 2808
2935 4 2 10 1 510 511 381 2598
2936 4 2 10 1 362 2709 2701 2818
2937 4 2 10 1 699 695 658 2620
2938 4 2 10 1 341 378 379 2693
2939 4 2 10 1 543 2696 453 2802
2940 4 2 10 1 278 317 277 2774
2941 4 2 10 1 120 160 156 2830
2942 4 2 10 1 813 2666 781 2763
2943 4 2 10 1 145 102 104 2616
2944 4 2 10 1 2623 2722 2548 2807
2945 4 2 10 1 685 682 684 2674
2946 4 2 10 1 58 60 26 2675
2947 4 2 10 1 484 479 439 2691
2948 4 2 10 1 751 2607 693 2608
2949 4 2 10 1 865 901 866 2555
2950 4 2 10 1 846 849 2666 2780
2951 4 2 10 1 642 2623 731 2633
2952 4 2 10 1 397 315 313 2805
2953 4 2 10 1 301 339 2673 2779
2954 4 2 10 1 116 153 115 2830
2955 4 2 10 1 922 879 878 2820
2956 4 2 10 1 108 147 149 2732
2957 4 2 10 1 2538 2749 2646 2831
2958 4 2 10 1 396 438 357 2654
2959 4 2 10 1 799 828 827 2657
2960 4 2 10 1 287 242 245 2663
2961 4 2 10 1 443 485 442 2530
2962 4 2 10 1 363 405 2756 2827
2963 4 2 10 1 864 895 2657 2793
2964 4 2 10 1 232 190 237 2585
2965 4 2 10 1 832 834 868 2555
2966 4 2 10 1 227 2800 313 2805
2967 4 2 10 1 507 2598 511 2751
2968 4 2 10 1 176 139 137 2738
2969 4 2 10 1 610 612 521 2667
2970 4 2 10 1 770 2623 771 2793
2971 4 2 10 1 597 600 687 2638
2972 4 2 10 1 236 240 238 2672
2973 4 2 10 1 720 673 631 2635
2974 4 2 10 1 2535 2801 2766 2819
2975 4 2 10 1 137 139 138 2738
2976 4 2 10 1 167 2655 165 2673
2977 4 2 10 1 578 618 619 2809
2978 4 2 10 1 967 946 2645 2748
2979 4 2 10 1 504 551 553 2640
2980 4 2 10 1 97 52 50 2712
2981 4 2 10 1 268 219 224 2660
2982 4 2 10 1 195 245 194 2663
2983 4 2 10 1 706 710 705 2716
2984 4 2 10 1 172 171 216 2741
2985 4 2 10 1 189 233 235 2774
2986 4 2 10 1 4 2619 10 2754
2987 4 2 10 1 434 435 390 2765
2988 4 2 10 1 2578 2716 2665 2796
2989 4 2 10 1 276 315 317 2805
2990 4 2 10 1 895 940 938 2657
2991 4 2 10 1 4 1 5 2754
2992 4 2 10 1 949 912 913 2748
2993 4 2 10 1 466 465 508 2758
2994 4 2 10 1 753 2590 694 2666
2995 4 2 10 1 357 2654 354 2786
2996 4 2 10 1 115 152 2816 2830
2997 4 2 10 1 556 505 462 2640
2998 4 2 10 1 505 557 463 2771
2999 4 2 10 1 97 94 2712 2828
3000 4 2 10 1 1002 998 1001 2762
3001 4 2 10 1 529 574 528 2630
3002 4 2 10 1 2571 2715 2714 2760
3003 4 2 10 1 527 574 526 2630
3004 4 2 10 1 99 57 96 2692
3005 4 2 10 1 118 192 154 2708
3006 4 2 10 1 618 664 2705 2809
3007 4 2 10 1 712 2716 709 2764
3008 4 2 10 1 268 311 351 2786
3009 4 2 10 1 946 967 944 2748
3010 4 2 10 1 609 519 520 2737
3011 4 2 10 1 2521 2739 2743 2823
3012 4 2 10 1 578 619 580 2687
3013 4 2 10 1 2527 2714 2715 2760
3014 4 2 10 1 19 51 53 2647
3015 4 2 10 1 268 224 270 2660
3016 4 2 10 1 2524 2619 2606 2754
3017 4 2 10 1 461 2611 463 2771
3018 4 2 10 1 94 98 136 2828
3019 4 2 10 1 261 303 300 2720
3020 4 2 10 1 613 572 526 2630
3021 4 2 10 1 410 454 408 2710
3022 4 2 10 1 116 115 2816 2830
3023 4 2 10 1 114 112 2632 2825
3024 4 2 10 1 648 598 688 2638
3025 4 2 10 1 587 2686 722 2788
3026 4 2 10 1 625 583 540 2717
3027 4 2 10 1 671 625 627 2717
3028 4 2 10 1 2535 2714 2801 2819
3029 4 2 10 1 397 313 395 2805
3030 4 2 10 1 58 61 64 2733
3031 4 2 10 1 105 147 108 2732
3032 4 2 10 1 506 556 462 2640
3033 4 2 10 1 370 368 412 2669
3034 4 2 10 1 751 693 752 2608
3035 4 2 10 1 544 2686 2551 2802
3036 4 2 10 1 918 2749 952 2769
3037 4 2 10 1 598 2638 648 2751
3038 4 2 10 1 934 931 885 2797
3039 4 2 10 1 439 478 480 2691
3040 4 2 10 1 365 282 321 2574
3041 4 2 10 1 2664 2805 2583 2827
3042 4 2 10 1 518 655 566 2609
3043 4 2 10 1 323 370 369 2669
3044 4 2 10 1 362 404 2701 2709
3045 4 2 10 1 683 2682 648 2751
3046 4 2 10 1 902 900 867 2555
3047 4 2 10 1 527 526 523 2630
3048 4 2 10 1 691 692 653 2792
3049 4 2 10 1 680 681 646 2682
3050 4 2 10 1 463 419 421 2611
3051 4 2 10 1 48 2647 51 2721
3052 4 2 10 1 59 56 27 2624
3053 4 2 10 1 5 11 4 2619
3054 4 2 10 1 196 2663 195 2830
3055 4 2 10 1 858 856 855 2820
3056 4 2 10 1 310 353 271 2800
3057 4 2 10 1 424 378 376 2758
3058 4 2 10 1 2525 2812 2719 2817
3059 4 2 10 1 159 2622 157 2825
3060 4 2 10 1 2545 2712 2618 2828
3061 4 2 10 1 2517 2806 2602 2817
3062 4 2 10 1 565 513 512 2680
3063 4 2 10 1 842 872 843 2763
3064 4 2 10 1 269 2800 2738 2813
3065 4 2 10 1 606 569 567 2711
3066 4 2 10 1 2560 2583 2756 2827
3067 4 2 10 1 931 932 930 2797
3068 4 2 10 1 929 928 2599 2820
3069 4 2 10 1 469 562 509 2731
3070 4 2 10 1 2606 2728 2524 2754
3071 4 2 10 1 987 985 986 2762
3072 4 2 10 1 967 971 968 2831
3073 4 2 10 1 588 551 549 2640
3074 4 2 10 1 34 31 68 2675
3075 4 2 10 1 2592 2727 2611 2829
3076 4 2 10 1 775 806 807 2704
3077 4 2 10 1 2598 2693 2544 2758
3078 4 2 10 1 598 564 2731 2751
3079 4 2 10 1 73 2649 74 2816
3080 4 2 10 1 558 508 465 2758
3081 4 2 10 1 630 2686 544 2802
3082 4 2 10 1 44 43 45 2606
3083 4 2 10 1 266 220 2741 2813
3084 4 2 10 1 289 326 324 2617
3085 4 2 10 1 393 436 481 2777
3086 4 2 10 1 681 682 594 2674
3087 4 2 10 1 381 380 510 2598
3088 4 2 10 1 628 623 629 2687
3089 4 2 10 1 2692 2761 2534 2782
3090 4 2 10 1 410 365 367 2710
3091 4 2 10 1 152 194 2698 2830
3092 4 2 10 1 45 2721 2606 2728
3093 4 2 10 1 106 70 110 2821
3094 4 2 10 1 405 403 450 2827
3095 4 2 10 1 859 857 793 2703
3096 4 2 10 1 2512 2727 2719 2829
3097 4 2 10 1 6 1 4 2754
3098 4 2 10 1 521 476 2667 2777
3099 4 2 10 1 154 114 118 2708
3100 4 2 10 1 116 2816 120 2830
3101 4 2 10 1 2517 2615 2806 2817
3102 4 2 10 1 164 2600 207 2655
3103 4 2 10 1 2644 2747 2515 2779
3104 4 2 10 1 629 2653 672 2686
3105 4 2 10 1 2521 2743 2627 2823
3106 4 2 10 1 2534 2647 2721 2787
3107 4 2 10 1 201 250 197 2622
3108 4 2 10 1 79 122 82 2600
3109 4 2 10 1 303 348 384 2720
3110 4 2 10 1 2522 2700 2676 2770
3111 4 2 10 1 786 817 785 2735
3112 4 2 10 1 667 707 2653 2705
3113 4 2 10 1 196 156 160 2830
3114 4 2 10 1 755 702 705 2734
3115 4 2 10 1 44 2606 45 2721
3116 4 2 10 1 245 195 246 2663
3117 4 2 10 1 915 914 911 2637
3118 4 2 10 1 2714 2803 2535 2826
3119 4 2 10 1 243 325 328 2670
3120 4 2 10 1 989 990 988 2762
3121 4 2 10 1 431 382 384 2644
3122 4 2 10 1 783 784 749 2666
3123 4 2 10 1 962 930 933 2582
3124 4 2 10 1 783 2666 749 2792
3125 4 2 10 1 284 367 321 2710
3126 4 2 10 1 911 914 872 2637
3127 4 2 10 1 435 434 475 2765
3128 4 2 10 1 674 722 587 2686
3129 4 2 10 1 463 461 420 2611
3130 4 2 10 1 654 2532 603 2609
3131 4 2 10 1 681 684 682 2674
3132 4 2 10 1 466 425 465 2758
3133 4 2 10 1 54 19 53 2647
3134 4 2 10 1 440 438 396 2654
3135 4 2 10 1 841 2650 842 2763
3136 4 2 10 1 528 527 484 2630
3137 4 2 10 1 497 451 406 2683
3138 4 2 10 1 775 2704 2682 2744
3139 4 2 10 1 982 923 979 2769
3140 4 2 10 1 266 220 221 2741
3141 4 2 10 1 313 227 272 2800
3142 4 2 10 1 2600 2655 122 2728
3143 4 2 10 1 839 906 2724 2748
3144 4 2 10 1 604 653 606 2711
3145 4 2 10 1 351 391 350 2808
3146 4 2 10 1 82 2600 122 2728
3147 4 2 10 1 351 350 2786 2808
3148 4 2 10 1 708 704 2723 2764
3149 4 2 10 1 887 890 888 2703
3150 4 2 10 1 570 523 572 2630
3151 4 2 10 1 719 720 766 2635
3152 4 2 10 1 405 450 407 2756
3153 4 2 10 1 172 2741 135 2782
3154 4 2 10 1 774 2682 737 2744
3155 4 2 10 1 921 878 877 2540
3156 4 2 10 1 171 132 131 2782
3157 4 2 10 1 278 229 276 2774
3158 4 2 10 1 497 408 498 2683
3159 4 2 10 1 598 2731 2638 2751
3160 4 2 10 1 911 2637 910 2752
3161 4 2 10 1 780 779 811 2763
3162 4 2 10 1 390 2614 352 2813
3163 4 2 10 1 744 603 2532 2638
3164 4 2 10 1 516 434 470 2765
3165 4 2 10 1 343 384 382 2644
3166 4 2 10 1 7 5 1 2606
3167 4 2 10 1 2738 2800 2526 2813
3168 4 2 10 1 328 330 291 2670
3169 4 2 10 1 36 1 6 2754
3170 4 2 10 1 46 48 44 2721
3171 4 2 10 1 698 2630 701 2764
3172 4 2 10 1 63 68 31 2675
3173 4 2 10 1 980 953 951 2582
3174 4 2 10 1 911 872 842 2637
3175 4 2 10 1 58 60 2675 2733
3176 4 2 10 1 907 906 909 2748
3177 4 2 10 1 796 830 724 2555
3178 4 2 10 1 269 310 2800 2813
3179 4 2 10 1 351 354 437 2654
3180 4 2 10 1 839 840 809 2724
3181 4 2 10 1 618 615 664 2809
3182 4 2 10 1 969 970 972 2752
3183 4 2 10 1 504 501 549 2640
3184 4 2 10 1 976 979 952 2749
3185 4 2 10 1 578 615 618 2809
3186 4 2 10 1 390 309 307 2813
3187 4 2 10 1 272 312 313 2800
3188 4 2 10 1 444 398 2664 2827
3189 4 2 10 1 524 522 571 2737
3190 4 2 10 1 318 362 360 2736
3191 4 2 10 1 612 2705 614 2809
3192 4 2 10 1 2515 2673 2747 2783
3193 4 2 10 1 111 112 72 2632
3194 4 2 10 1 722 2648 2722 2788
3195 4 2 10 1 2515 2707 2673 2783
3196 4 2 10 1 52 97 94 2712
3197 4 2 10 1 365 410 408 2710
3198 4 2 10 1 993 975 2645 2831
3199 4 2 10 1 791 789 790 2702
3200 4 2 10 1 199 246 195 2663
3201 4 2 10 1 222 309 269 2813
3202 4 2 10 1 104 106 145 2821
3203 4 2 10 1 555 2633 589 2771
3204 4 2 10 1 191 151 149 2621
3205 4 2 10 1 181 183 182 2616
3206 4 2 10 1 865 830 862 2555
3207 4 2 10 1 430 432 429 2680
3208 4 2 10 1 838 805 837 2785
3209 4 2 10 1 650 690 651 2641
3210 4 2 10 1 623 538 580 2687
3211 4 2 10 1 521 482 476 2777
3212 4 2 10 1 363 402 405 2827
3213 4 2 10 1 127 166 124 2767
3214 4 2 10 1 138 140 101 2681
3215 4 2 10 1 756 2590 753 2629
3216 4 2 10 1 351 354 2654 2786
3217 4 2 10 1 2571 2803 2714 2826
3218 4 2 10 1 89 41 47 2754
3219 4 2 10 1 276 227 313 2805
3220 4 2 10 1 444 401 398 2827
3221 4 2 10 1 199 195 196 2663
3222 4 2 10 1 464 381 2598 2693
3223 4 2 10 1 896 2740 895 2793
3224 4 2 10 1 794 859 793 2703
3225 4 2 10 1 785 757 786 2735
3226 4 2 10 1 73 71 74 2649
3227 4 2 10 1 790 764 792 2702
3228 4 2 10 1 853 763 788 2540
3229 4 2 10 1 70 67 69 2649
3230 4 2 10 1 116 156 153 2830
3231 4 2 10 1 840 836 809 2785
3232 4 2 10 1 765 672 629 2653
3233 4 2 10 1 528 574 527 2630
3234 4 2 10 1 197 157 159 2622
3235 4 2 10 1 728 676 769 2824
3236 4 2 10 1 548 456 499 2791
3237 4 2 10 1 429 349 386 2576
3238 4 2 10 1 364 406 451 2709
3239 4 2 10 1 991 970 968 2831
3240 4 2 10 1 433 388 389 2808
3241 4 2 10 1 542 543 453 2802
3242 4 2 10 1 222 2738 309 2813
3243 4 2 10 1 176 2738 137 2741
3244 4 2 10 1 375 336 333 2697
3245 4 2 10 1 539 496 494 2802
3246 4 2 10 1 95 134 135 2782
3247 4 2 10 1 501 2640 504 2791
3248 4 2 10 1 734 735 680 2682
3249 4 2 10 1 125 2721 87 2728
3250 4 2 10 1 921 922 878 2820
3251 4 2 10 1 301 380 339 2779
3252 4 2 10 1 533 577 530 2723
3253 4 2 10 1 123 207 164 2746
3254 4 2 10 1 178 223 180 2738
3255 4 2 10 1 264 266 265 2610
3256 4 2 10 1 570 660 611 2630
3257 4 2 10 1 741 802 736 2744
3258 4 2 10 1 597 2638 598 2731
3259 4 2 10 1 720 631 632 2635
3260 4 2 10 1 511 2598 510 2751
3261 4 2 10 1 5 2606 12 2619
3262 4 2 10 1 371 331 373 2617
3263 4 2 10 1 381 339 380 2779
3264 4 2 10 1 529 575 574 2630
3265 4 2 10 1 689 649 686 2759
3266 4 2 10 1 894 889 941 2799
3267 4 2 10 1 949 2645 946 2748
3268 4 2 10 1 998 2646 979 2831
3269 4 2 10 1 62 59 27 2624
3270 4 2 10 1 986 985 962 2762
3271 4 2 10 1 168 169 210 2767
3272 4 2 10 1 2720 2746 2552 2747
3273 4 2 10 1 378 2693 376 2758
3274 4 2 10 1 242 194 2663 2698
3275 4 2 10 1 2655 2673 2542 2783
3276 4 2 10 1 976 977 979 2831
3277 4 2 10 1 463 420 419 2611
3278 4 2 10 1 685 647 682 2759
3279 4 2 10 1 115 153 152 2830
3280 4 2 10 1 515 516 470 2603
3281 4 2 10 1 16 7 8 2606
3282 4 2 10 1 45 128 46 2721
3283 4 2 10 1 875 817 819 2729
3284 4 2 10 1 2512 2719 2642 2829
3285 4 2 10 1 308 350 306 2808
3286 4 2 10 1 430 385 467 2680
3287 4 2 10 1 753 2590 756 2705
3288 4 2 10 1 2515 2747 2730 2783
3289 4 2 10 1 704 666 708 2723
3290 4 2 10 1 969 972 948 2752
3291 4 2 10 1 407 409 366 2756
3292 4 2 10 1 755 705 758 2796
3293 4 2 10 1 650 651 601 2641
3294 4 2 10 1 271 225 223 2800
3295 4 2 10 1 804 809 836 2785
3296 4 2 10 1 335 418 373 2617
3297 4 2 10 1 603 514 2609 2731
3298 4 2 10 1 4 10 6 2754
3299 4 2 10 1 894 941 2740 2799
3300 4 2 10 1 978 953 980 2582
3301 4 2 10 1 194 195 2663 2830
3302 4 2 10 1 79 80 123 2600
3303 4 2 10 1 803 776 805 2744
3304 4 2 10 1 116 120 156 2830
3305 4 2 10 1 928 2769 2599 2820
3306 4 2 10 1 628 539 538 2802
3307 4 2 10 1 69 71 73 2649
3308 4 2 10 1 813 781 780 2763
3309 4 2 10 1 654 2532 655 2607
3310 4 2 10 1 2551 2686 587 2788
3311 4 2 10 1 318 360 316 2736
3312 4 2 10 1 168 127 129 2767
3313 4 2 10 1 196 160 158 2830
3314 4 2 10 1 349 387 2576 2765
3315 4 2 10 1 194 245 242 2663
3316 4 2 10 1 875 819 820 2729
3317 4 2 10 1 214 213 212 2699
3318 4 2 10 1 929 927 928 2820
3319 4 2 10 1 238 234 236 2672
3320 4 2 10 1 335 373 331 2617
3321 4 2 10 1 81 80 79 2600
3322 4 2 10 1 387 470 434 2765
3323 4 2 10 1 918 916 2749 2780
3324 4 2 10 1 196 195 156 2830
3325 4 2 10 1 50 52 49 2712
3326 4 2 10 1 655 693 656 2607
3327 4 2 10 1 587 2640 2551 2788
3328 4 2 10 1 465 425 378 2758
3329 4 2 10 1 75 110 70 2649
3330 4 2 10 1 313 2800 312 2805
3331 4 2 10 1 97 98 94 2828
3332 4 2 10 1 150 110 2816 2821
3333 4 2 10 1 933 986 962 2762
3334 4 2 10 1 349 2576 432 2765
3335 4 2 10 1 605 695 693 2607
3336 4 2 10 1 668 711 666 2723
3337 4 2 10 1 44 45 46 2721
3338 4 2 10 1 2698 2710 2574 2795
3339 4 2 10 1 45 2606 86 2728
3340 4 2 10 1 706 705 701 2764
3341 4 2 10 1 298 291 330 2670
3342 4 2 10 1 75 110 2649 2816
3343 4 2 10 1 380 510 2598 2731
3344 4 2 10 1 933 936 2679 2797
3345 4 2 10 1 966 986 2679 2762
3346 4 2 10 1 362 404 449 2701
3347 4 2 10 1 165 2655 167 2728
3348 4 2 10 1 940 943 966 939
3349 4 2 10 1 719 673 720 2635
3350 4 2 10 1 152 193 194 2830
3351 4 2 10 1 54 61 55 2733
3352 4 2 10 1 496 453 407 2696
3353 4 2 10 1 312 271 353 2800
3354 4 2 10 1 299 340 2673 2693
3355 4 2 10 1 647 596 595 2759
3356 4 2 10 1 732 773 678 2623
3357 4 2 10 1 660 613 662 2630
3358 4 2 10 1 444 398 397 2664
3359 4 2 10 1 709 708 712 2764
3360 4 2 10 1 12 2606 16 2619
3361 4 2 10 1 939 936 940 2679
3362 4 2 10 1 987 989 988 2762
3363 4 2 10 1 280 321 282 2698
3364 4 2 10 1 973 967 946 2645
3365 4 2 10 1 823 860 824 2799
3366 4 2 10 1 875 876 850 2729
3367 4 2 10 1 37 36 35 2754
3368 4 2 10 1 722 2722 2648 2799
3369 4 2 10 1 616 663 662 2630
3370 4 2 10 1 813 783 781 2666
3371 4 2 10 1 435 476 436 2777
3372 4 2 10 1 2566 2766 2670 2801
3373 4 2 10 1 654 603 566 2609
3374 4 2 10 1 268 351 308 2786
3375 4 2 10 1 261 262 303 2720
3376 4 2 10 1 804 836 869 2785
3377 4 2 10 1 635 547 550 2757
3378 4 2 10 1 24 23 2619 2647
3379 4 2 10 1 456 548 501 2791
3380 4 2 10 1 397 486 444 2664
3381 4 2 10 1 506 504 553 2640
3382 4 2 10 1 699 702 754 2734
3383 4 2 10 1 144 184 146 2681
3384 4 2 10 1 165 2655 209 2673
3385 4 2 10 1 58 55 61 2733
3386 4 2 10 1 309 310 269 2813
3387 4 2 10 1 389 388 305 2808
3388 4 2 10 1 918 923 921 2769
3389 4 2 10 1 888 935 934 2703
3390 4 2 10 1 757 760 786 2796
3391 4 2 10 1 2606 2721 2524 2728
3392 4 2 10 1 603 514 517 2609
3393 4 2 10 1 412 457 415 2791
3394 4 2 10 1 430 512 513 2680
3395 4 2 10 1 603 2638 600 2731
3396 4 2 10 1 75 2649 73 2816
3397 4 2 10 1 525 481 2777 2809
3398 4 2 10 1 479 478 439 2691
3399 4 2 10 1 244 2670 192 2766
3400 4 2 10 1 648 2682 645 2751
3401 4 2 10 1 174 170 133 2828
3402 4 2 10 1 145 148 2616 2821
3403 4 2 10 1 935 934 2703 2797
3404 4 2 10 1 683 734 680 2682
3405 4 2 10 1 633 546 586 2757
3406 4 2 10 1 144 140 141 2681
3407 4 2 10 1 351 350 308 2786
3408 4 2 10 1 902 866 901 2555
3409 4 2 10 1 18 2619 20 2712
3410 4 2 10 1 2530 2723 2630 2764
3411 4 2 10 1 953 978 973 2645
3412 4 2 10 1 977 976 974 2831
3413 4 2 10 1 521 476 569 2667
3414 4 2 10 1 41 40 35 2754
3415 4 2 10 1 159 157 78 2825
3416 4 2 10 1 841 807 2650 2763
3417 4 2 10 1 91 52 94 2828
3418 4 2 10 1 156 195 193 2830
3419 4 2 10 1 302 214 211 2699
3420 4 2 10 1 640 641 554 2824
3421 4 2 10 1 498 408 454 2683
3422 4 2 10 1 543 544 548 2551
3423 4 2 10 1 708 666 711 2723
3424 4 2 10 1 301 2673 254 2747
3425 4 2 10 1 934 932 931 2797
3426 4 2 10 1 753 756 703 2705
3427 4 2 10 1 407 2696 409 2756
3428 4 2 10 1 532 615 578 2809
3429 4 2 10 1 520 474 433 2661
3430 4 2 10 1 101 140 142 2681
3431 4 2 10 1 614 612 696 2705
3432 4 2 10 1 210 166 168 2767
3433 4 2 10 1 17 19 24 2647
3434 4 2 10 1 830 796 862 2555
3435 4 2 10 1 114 155 117 2825
3436 4 2 10 1 683 680 645 2682
3437 4 2 10 1 362 2701 449 2818
3438 4 2 10 1 144 141 180 2681
3439 4 2 10 1 895 896 897 2740
3440 4 2 10 1 464 511 507 2598
3441 4 2 10 1 481 482 525 2777
3442 4 2 10 1 424 465 378 2758
3443 4 2 10 1 525 483 481 2809
3444 4 2 10 1 497 406 408 2683
3445 4 2 10 1 2508 2714 2801 2826
3446 4 2 10 1 656 654 655 2607
3447 4 2 10 1 2669 2766 2535 2801
3448 4 2 10 1 574 575 613 2630
3449 4 2 10 1 361 401 402 2827
3450 4 2 10 1 807 806 2650 2704
3451 4 2 10 1 739 777 779 2596
3452 4 2 10 1 608 521 569 2667
3453 4 2 10 1 313 315 276 2805
3454 4 2 10 1 1001 988 1002 2762
3455 4 2 10 1 269 223 2738 2800
3456 4 2 10 1 754 695 699 2734
3457 4 2 10 1 447 2701 400 2818
3458 4 2 10 1 921 923 922 2769
3459 4 2 10 1 366 283 320 2756
3460 4 2 10 1 175 220 177 2741
3461 4 2 10 1 641 637 554 2824
3462 4 2 10 1 596 561 560 2759
3463 4 2 10 1 765 674 672 2653
3464 4 2 10 1 399 447 400 2818
3465 4 2 10 1 655 605 693 2607
3466 4 2 10 1 247 2670 294 2697
3467 4 2 10 1 761 760 758 2796
3468 4 2 10 1 407 320 405 2756
3469 4 2 10 1 701 2630 663 2764
3470 4 2 10 1 770 731 771 2623
3471 4 2 10 1 982 2646 998 2762
3472 4 2 10 1 2644 2731 428 2779
3473 4 2 10 1 86 42 83 2728
3474 4 2 10 1 2535 2801 2714 2826
3475 4 2 10 1 686 647 685 2759
3476 4 2 10 1 201 197 159 2622
3477 4 2 10 1 635 634 547 2757
3478 4 2 10 1 271 223 269 2800
3479 4 2 10 1 429 432 349 2576
3480 4 2 10 1 164 207 208 2655
3481 4 2 10 1 436 476 482 2777
3482 4 2 10 1 320 363 405 2756
3483 4 2 10 1 243 2670 244 2766
3484 4 2 10 1 846 872 914 2780
3485 4 2 10 1 431 471 468 2644
3486 4 2 10 1 864 2657 828 2793
3487 4 2 10 1 576 665 616 2723
3488 4 2 10 1 936 935 938 2703
3489 4 2 10 1 243 244 239 2766
3490 4 2 10 1 943 940 897 2740
3491 4 2 10 1 909 946 944 2748
3492 4 2 10 1 350 391 389 2808
3493 4 2 10 1 806 838 841 2650
3494 4 2 10 1 891 935 890 2703
3495 4 2 10 1 122 2600 164 2655
3496 4 2 10 1 407 366 320 2756
3497 4 2 10 1 266 307 220 2813
3498 4 2 10 1 816 756 784 2629
3499 4 2 10 1 509 428 2644 2731
3500 4 2 10 1 84 2655 165 2728
3501 4 2 10 1 298 294 2670 2697
3502 4 2 10 1 869 835 804 2785
3503 4 2 10 1 2673 2707 2542 2783
3504 4 2 10 1 46 128 130 2721
3505 4 2 10 1 774 775 738 2682
3506 4 2 10 1 50 56 97 2712
3507 4 2 10 1 54 55 2647 2733
3508 4 2 10 1 635 552 636 2757
3509 4 2 10 1 433 477 520 2661
3510 4 2 10 1 898 902 901 2555
3511 4 2 10 1 922 2769 928 2820
3512 4 2 10 1 543 544 2551 2802
3513 4 2 10 1 864 827 828 2657
3514 4 2 10 1 14 10 4 2619
3515 4 2 10 1 262 305 303 2720
3516 4 2 10 1 922 928 927 2820
3517 4 2 10 1 772 801 834 2555
3518 4 2 10 1 839 809 782 2724
3519 4 2 10 1 467 512 430 2680
3520 4 2 10 1 950 2749 915 2752
3521 4 2 10 1 730 830 833 2555
3522 4 2 10 1 581 582 622 2723
3523 4 2 10 1 430 513 432 2680
3524 4 2 10 1 305 348 303 2720
3525 4 2 10 1 858 855 882 2820
3526 4 2 10 1 15 11 5 2619
3527 4 2 10 1 548 2551 587 2640
3528 4 2 10 1 850 817 875 2729
3529 4 2 10 1 686 649 647 2759
3530 4 2 10 1 237 152 194 2698
3531 4 2 10 1 468 471 469 2644
3532 4 2 10 1 438 354 357 2654
3533 4 2 10 1 63 31 60 2675
3534 4 2 10 1 452 368 409 2696
3535 4 2 10 1 242 237 194 2698
3536 4 2 10 1 284 280 237 2698
3537 4 2 10 1 589 555 642 2633
3538 4 2 10 1 255 165 209 2673
3539 4 2 10 1 122 2655 84 2728
3540 4 2 10 1 753 696 694 2590
3541 4 2 10 1 968 971 991 2831
3542 4 2 10 1 683 645 648 2682
3543 4 2 10 1 635 550 552 2757
3544 4 2 10 1 974 970 991 2831
3545 4 2 10 1 820 880 881 2591
3546 4 2 10 1 525 573 615 2809
3547 4 2 10 1 84 165 167 2728
3548 4 2 10 1 434 390 387 2765
3549 4 2 10 1 678 2623 642 2807
3550 4 2 10 1 148 183 145 2616
3551 4 2 10 1 166 127 168 2767
3552 4 2 10 1 211 214 212 2699
3553 4 2 10 1 579 581 622 2723
3554 4 2 10 1 915 911 948 2752
3555 4 2 10 1 424 558 465 2758
3556 4 2 10 1 242 284 237 2698
3557 4 2 10 1 159 119 155 2825
3558 4 2 10 1 356 359 358 2818
3559 4 2 10 1 674 2648 722 2686
3560 4 2 10 1 416 371 373 2617
3561 4 2 10 1 592 557 591 2807
3562 4 2 10 1 515 470 432 2680
3563 4 2 10 1 284 321 280 2698
3564 4 2 10 1 2526 2741 2738 2813
3565 4 2 10 1 916 914 2749 2780
3566 4 2 10 1 839 2724 844 2748
3567 4 2 10 1 982 998 1002 2762
3568 4 2 10 1 635 2757 636 2824
3569 4 2 10 1 772 773 2555 2623
3570 4 2 10 1 159 161 201 2622
3571 4 2 10 1 933 932 936 2797
3572 4 2 10 1 235 234 189 2774
3573 4 2 10 1 737 736 802 2744
3574 4 2 10 1 886 888 934 2703
3575 4 2 10 1 172 216 218 2741
3576 4 2 10 1 75 73 77 2816
3577 4 2 10 1 622 668 620 2723
3578 4 2 10 1 306 389 305 2808
3579 4 2 10 1 198 244 248 2670
3580 4 2 10 1 923 918 952 2769
3581 4 2 10 1 897 940 895 2740
3582 4 2 10 1 133 94 136 2828
3583 4 2 10 1 774 735 734 2682
3584 4 2 10 1 29 62 27 2624
3585 4 2 10 1 452 409 453 2696
3586 4 2 10 1 285 286 241 2766
3587 4 2 10 1 215 213 214 2699
3588 4 2 10 1 272 225 271 2800
3589 4 2 10 1 888 890 935 2703
3590 4 2 10 1 693 751 656 2607
3591 4 2 10 1 220 2738 2741 2813
3592 4 2 10 1 93 132 134 2782
3593 4 2 10 1 50 2619 18 2712
3594 4 2 10 1 152 153 193 2830
3595 4 2 10 1 19 55 24 2647
3596 4 2 10 1 392 310 352 2813
3597 4 2 10 1 119 74 117 78
3598 4 2 10 1 389 306 350 2808
3599 4 2 10 1 614 2705 664 2809
3600 4 2 10 1 236 234 235 2774
3601 4 2 10 1 738 775 777 2704
3602 4 2 10 1 281 318 231 2736
3603 4 2 10 1 721 2555 796 2722
3604 4 2 10 1 145 106 148 2821
3605 4 2 10 1 708 709 704 2764
3606 4 2 10 1 659 609 571 2737
3607 4 2 10 1 791 790 792 2702
3608 4 2 10 1 709 2716 706 2764
3609 4 2 10 1 823 824 721 2799
3610 4 2 10 1 407 453 409 2696
3611 4 2 10 1 272 227 225 2800
3612 4 2 10 1 143 140 144 2681
3613 4 2 10 1 76 2632 112 2825
3614 4 2 10 1 890 887 892 2703
3615 4 2 10 1 874 846 914 2780
3616 4 2 10 1 948 972 950 2752
3617 4 2 10 1 824 796 721 2555
3618 4 2 10 1 635 634 2757 2824
3619 4 2 10 1 843 845 811 2763
3620 4 2 10 1 563 600 597 2731
3621 4 2 10 1 858 882 884 2820
3622 4 2 10 1 54 55 19 2647
3623 4 2 10 1 846 2666 813 2763
3624 4 2 10 1 770 800 799 2793
3625 4 2 10 1 239 244 192 2766
3626 4 2 10 1 933 930 932 2797
3627 4 2 10 1 150 115 152 2816
3628 4 2 10 1 629 672 628 2686
3629 4 2 10 1 612 614 573 2809
3630 4 2 10 1 5 12 15 2619
3631 4 2 10 1 935 932 934 2797
3632 4 2 10 1 4 11 14 2619
3633 4 2 10 1 452 456 412 2791
3634 4 2 10 1 466 512 467 2680
3635 4 2 10 1 803 2704 775 2744
3636 4 2 10 1 744 600 603 2638
3637 4 2 10 1 609 524 571 2737
3638 4 2 10 1 525 615 532 2809
3639 4 2 10 1 857 859 886 2703
3640 4 2 10 1 405 402 403 2827
3641 4 2 10 1 431 468 382 2644
3642 4 2 10 1 623 580 621 2687
3643 4 2 10 1 647 649 596 2759
3644 4 2 10 1 580 619 621 2687
3645 4 2 10 1 615 614 664 2809
3646 4 2 10 1 463 557 555 2771
3647 4 2 10 1 668 666 620 2723
3648 4 2 10 1 222 223 178 2738
3649 4 2 10 1 135 173 137 2741
3650 4 2 10 1 8 9 13 2606
3651 4 2 10 1 309 222 220 2738
3652 4 2 10 1 399 358 359 2818
3653 4 2 10 1 704 709 706 2764
3654 4 2 10 1 774 775 2682 2744
3655 4 2 10 1 194 193 195 2830
3656 4 2 10 1 451 404 364 2709
3657 4 2 10 1 286 243 241 2766
3658 4 2 10 1 544 587 2551 2686
3659 4 2 10 1 909 906 912 2748
3660 4 2 10 1 546 547 586 2757
3661 4 2 10 1 752 754 755 2734
3662 4 2 10 1 122 79 123 2600
3663 4 2 10 1 892 827 864 2657
3664 4 2 10 1 271 269 310 2800
3665 4 2 10 1 891 938 935 2703
3666 4 2 10 1 604 606 567 2711
3667 4 2 10 1 110 150 106 2821
3668 4 2 10 1 942 899 941 2740
3669 4 2 10 1 815 784 783 2666
3670 4 2 10 1 205 204 257 2746
3671 4 2 10 1 269 223 222 2738
3672 4 2 10 1 155 119 117 2825
3673 4 2 10 1 36 41 35 2754
3674 4 2 10 1 662 613 575 2630
3675 4 2 10 1 222 178 177 2738
3676 4 2 10 1 82 122 84 2728
3677 4 2 10 1 754 702 755 2734
3678 4 2 10 1 979 998 982 2646
3679 4 2 10 1 939 933 936 2679
3680 4 2 10 1 114 117 112 2825
3681 4 2 10 1 803 806 775 2704
3682 4 2 10 1 91 94 133 2828
3683 4 2 10 1 231 318 274 2736
3684 4 2 10 1 221 175 218 2741
3685 4 2 10 1 745 747 691 2792
3686 4 2 10 1 799 829 828 2793
3687 4 2 10 1 220 2738 177 2741
3688 4 2 10 1 469 426 468 2644
3689 4 2 10 1 220 309 2738 2813
3690 4 2 10 1 75 77 110 2816
3691 4 2 10 1 192 244 198 2670
3692 4 2 10 1 299 339 377 2693
3693 4 2 10 1 855 856 854 2820
3694 4 2 10 1 756 753 784 2629
3695 4 2 10 1 823 674 821 2648
3696 4 2 10 1 662 575 616 2630
3697 4 2 10 1 701 663 704 2764
3698 4 2 10 1 563 514 600 2731
3699 4 2 10 1 117 76 112 2825
3700 4 2 10 1 799 800 829 2793
3701 4 2 10 1 532 483 525 2809
3702 4 2 10 1 648 645 593 2751
3703 4 2 10 1 728 641 676 2824
3704 4 2 10 1 377 339 381 2693
3705 4 2 10 1 665 576 617 2723
3706 4 2 10 1 218 175 173 2741
3707 4 2 10 1 6 41 36 2754
3708 4 2 10 1 312 272 271 2800
3709 4 2 10 1 468 426 382 2644
3710 4 2 10 1 841 842 807 2763
3711 4 2 10 1 403 401 448 2827
3712 4 2 10 1 722 2648 823 2799
3713 4 2 10 1 722 721 2722 2799
3714 4 2 10 1 945 947 908 2752
3715 4 2 10 1 747 746 691 2792
3716 4 2 10 1 928 922 923 2769
3717 4 2 10 1 579 622 620 2723
3718 4 2 10 1 691 746 692 2792
3719 4 2 10 1 561 649 599 2759
3720 4 2 10 1 879 922 927 2820
3721 4 2 10 1 544 672 587 2686
3722 4 2 10 1 758 710 759 2716
3723 4 2 10 1 82 84 83 2728
3724 4 2 10 1 724 830 730 2555
3725 4 2 10 1 807 842 808 2763
3726 4 2 10 1 481 436 482 2777
3727 4 2 10 1 945 908 905 2752
3728 4 2 10 1 290 248 244 2670
3729 4 2 10 1 916 918 874 2780
3730 4 2 10 1 759 710 709 2716
3731 4 2 10 1 115 150 110 2816
3732 4 2 10 1 412 456 457 2791
3733 4 2 10 1 177 178 176 2738
3734 4 2 10 1 701 704 706 2764
3735 4 2 10 1 135 172 173 2741
3736 4 2 10 1 642 555 644 2807
3737 4 2 10 1 807 806 841 2650
3738 4 2 10 1 630 544 584 2802
3739 4 2 10 1 727 641 728 2824
3740 4 2 10 1 233 278 277 2774
3741 4 2 10 1 775 807 777 2704
3742 4 2 10 1 309 352 310 2813
3743 4 2 10 1 933 939 986 2679
3744 4 2 10 1 290 244 243 2670
3745 4 2 10 1 133 136 174 2828
3746 4 2 10 1 811 846 813 2763
3747 4 2 10 1 564 510 2731 2751
3748 4 2 10 1 509 428 427 2644
3749 4 2 10 1 948 950 915 2752
3750 4 2 10 1 870 837 835 2785
3751 4 2 10 1 456 501 457 2791
3752 4 2 10 1 630 628 672 2686
3753 4 2 10 1 222 177 220 2738
3754 4 2 10 1 911 910 948 2752
3755 4 2 10 1 969 948 947 2752
3756 4 2 10 1 781 747 745 2792
3757 4 2 10 1 233 277 235 2774
3758 4 2 10 1 7 12 5 2606
3759 4 2 10 1 358 399 400 2818
3760 4 2 10 1 543 542 544 2802
3761 4 2 10 1 248 290 291 2670
3762 4 2 10 1 299 2673 339 2693
3763 4 2 10 1 162 204 163 2746
3764 4 2 10 1 640 676 641 2824
3765 4 2 10 1 849 846 874 2780
3766 4 2 10 1 586 547 634 2757
3767 4 2 10 1 548 587 549 2640
3768 4 2 10 1 971 992 991 2831
3769 4 2 10 1 564 598 648 2751
3770 4 2 10 1 773 801 772 2555
3771 4 2 10 1 706 709 710 2716
3772 4 2 10 1 555 461 463 2771
3773 4 2 10 1 146 143 144 2681
3774 4 2 10 1 976 952 950 2749
3775 4 2 10 1 561 596 649 2759
3776 4 2 10 1 721 796 724 2722
3777 4 2 10 1 50 18 56 2712
3778 4 2 10 1 977 974 991 2831
3779 4 2 10 1 359 316 399 2818
3780 4 2 10 1 665 617 620 2723
3781 4 2 10 1 584 544 542 2802
3782 4 2 10 1 83 87 86 2728
3783 4 2 10 1 837 805 835 2785
3784 4 2 10 1 428 509 562 2731
3785 4 2 10 1 813 815 783 2666
3786 4 2 10 1 153 156 193 2830
3787 4 2 10 1 380 428 2731 2779
3788 4 2 10 1 143 142 140 2681
3789 4 2 10 1 189 234 188 2774
3790 4 2 10 1 563 562 514 2731
3791 4 2 10 1 916 914 915 2749
3792 4 2 10 1 548 544 587 2551
3793 4 2 10 1 457 501 504 2791
3794 4 2 10 1 301 339 254 2673
3795 4 2 10 1 753 614 703 756
3796 4 2 10 1 737 802 776 2744
3797 4 2 10 1 939 966 986 2679
3798 4 2 10 1 564 648 510 2751
3799 4 2 10 1 916 874 914 2780
3800 4 2 10 1 603 600 514 2731
3801 4 2 10 1 294 291 298 2670
3802 4 2 10 1 9 44 13 2606
3803 4 2 10 1 843 808 842 2763
3804 4 2 10 1 890 892 891 2703
3805 4 2 10 1 615 573 614 2809
3806 4 2 10 1 869 870 835 2785
3807 4 2 10 1 122 123 164 2600
3808 4 2 10 1 520 519 474 2661
3809 4 2 10 1 665 620 666 2723
3810 4 2 10 1 428 380 383 2779
3811 4 2 10 1 362 364 404 2709
3812 4 2 10 1 829 864 828 2793
3813 4 2 10 1 539 584 542 2802
3814 4 2 10 1 760 757 758 2796
3815 4 2 10 1 810 843 811 2763
3816 4 2 10 1 403 402 401 2827
3817 4 2 10 1 7 16 12 2606
3818 4 2 10 1 351 311 354 2786
3819 4 2 10 1 259 383 258 2747
3820 4 2 10 1 360 399 316 2818
3821 4 2 10 1 678 642 644 2807
3822 4 2 10 1 648 593 510 2751
3823 4 2 10 1 915 950 916 2749
3824 4 2 10 1 206 258 207 2746
3825 4 2 10 1 591 679 592 2807
3826 4 2 10 1 721 722 823 2799
3827 4 2 10 1 220 175 221 2741
3828 4 2 10 1 218 173 172 2741
3829 4 2 10 1 948 910 947 2752
3830 4 2 10 1 810 808 843 2763
3831 4 2 10 1 910 908 947 2752
3832 4 2 10 1 84 87 83 2728
3833 4 2 10 1 511 510 593 2751
3834 4 2 10 1 205 258 206 2746
3835 4 2 10 1 675 721 724 2722
3836 4 2 10 1 643 679 591 2807
3837 4 2 10 1 14 11 15 2619
3838 4 2 10 1 258 2746 259 2747
3839 4 2 10 1 722 674 823 2648
3840 4 2 10 1 564 428 562 2731
3841 4 2 10 1 564 510 428 2731
3842 4 2 10 1 510 380 428 2731
3843 4 2 10 1 11 15 21 14
3844 4 2 10 1 469 514 563 562
3845 4 2 10 1 514 468 471 469
3846 4 2 10 1 561 466 560 512
3847 4 2 10 1 939 962 933 986
3848 4 2 10 1 826 797 768 798
3849 4 2 10 1 877 849 874 851
3850 4 2 10 1 509 563 562 469
3851 4 2 10 1 877 916 918 874
3852 4 2 10 1 603 654 748 2532
3853 4 2 10 1 259 427 428 2747
3854 4 2 10 1 428 383 259 2747
3855 4 2 10 1 428 383 2747 2779
3856 4 2 10 1 301 383 380 2779
3857 4 2 10 1 473 519 2661 474
3858 4 2 10 1 2661 519 473 568
3859 4 2 10 1 2653 821 674 2648
3860 4 2 10 1 2653 674 821 765
3861 4 2 10 1 2599 961 959 960
3862 4 2 10 1 2599 959 961 2581
3863 4 2 10 1 2828 2616 97 98
3864 4 2 10 1 2828 97 2616 2545
3865 4 2 10 1 2593 702 2764 700
3866 4 2 10 1 2593 2764 702 705
3867 4 2 10 1 701 2764 702 700
3868 4 2 10 1 701 702 2764 705
3869 4 2 10 1 796 860 2555 824
3870 4 2 10 1 2555 860 796 862
3871 4 2 10 1 2579 2803 2760 2571
3872 4 2 10 1 2760 2803 2579 2509
3873 4 2 10 1 2695 2676 2605 2554
3874 4 2 10 1 2695 2605 2676 2504
3875 4 2 10 1 288 287 2617 289
3876 4 2 10 1 288 2617 287 2663
3877 4 2 10 1 2716 717 718 2564
3878 4 2 10 1 330 2697 333 298
3879 4 2 10 1 148 150 2821 106
3880 4 2 10 1 2821 150 148 190
3881 4 2 10 1 2781 2618 2730 2601
3882 4 2 10 1 2781 2730 2618 2668
3883 4 2 10 1 2552 2730 2618 2601
3884 4 2 10 1 2552 2618 2730 2668
3885 4 2 10 1 2816 2518 2632 2553
3886 4 2 10 1 2816 2632 2518 2649
3887 4 2 10 1 2782 2520 2610 2761
3888 4 2 10 1 2782 2610 2520 2699
3889 4 2 10 1 2616 2828 2660 179
3890 4 2 10 1 2660 2828 2616 2545
3891 4 2 10 1 2721 212 126 128
3892 4 2 10 1 2721 126 212 2542
3893 4 2 10 1 2704 2674 738 2682
3894 4 2 10 1 2704 738 2674 2596
3895 4 2 10 1 2679 938 2703 936
3896 4 2 10 1 2679 2703 938 2657
3897 4 2 10 1 788 2653 707 787
3898 4 2 10 1 2663 292 246 288
3899 4 2 10 1 2663 246 292 293
3900 4 2 10 1 304 2699 2610 215
3901 4 2 10 1 2610 2699 304 347
3902 4 2 10 1 2610 264 304 215
3903 4 2 10 1 304 264 2610 347
3904 4 2 10 1 2734 700 2620 699
3905 4 2 10 1 2734 2620 700 2593
3906 4 2 10 1 490 446 2530 445
3907 4 2 10 1 490 2530 446 492
3908 4 2 10 1 2623 769 2793 770
3909 4 2 10 1 2623 2793 769 2575
3910 4 2 10 1 799 2793 769 770
3911 4 2 10 1 799 769 2793 2575
3912 4 2 10 1 2635 2814 2806 2521
3913 4 2 10 1 2806 2814 2635 2586
3914 4 2 10 1 2661 2620 519 607
3915 4 2 10 1 2661 519 2620 2737
3916 4 2 10 1 609 519 2620 607
3917 4 2 10 1 609 2620 519 2737
3918 4 2 10 1 2821 2553 152 2585
3919 4 2 10 1 2821 152 2553 2816
3920 4 2 10 1 2767 123 2746 163
3921 4 2 10 1 2767 2746 123 2600
3922 4 2 10 1 2707 2652 2544 2520
3923 4 2 10 1 2707 2544 2652 2706
3924 4 2 10 1 341 2673 342 260
3925 4 2 10 1 341 342 2673 2693
3926 4 2 10 1 302 342 2673 260
3927 4 2 10 1 2761 2614 2526 2718
3928 4 2 10 1 2761 2526 2614 2610
3929 4 2 10 1 2731 471 2609 2644
3930 4 2 10 1 2731 2609 471 517
3931 4 2 10 1 472 2609 471 2644
3932 4 2 10 1 472 471 2609 517
3933 4 2 10 1 2732 107 108 66
3934 4 2 10 1 2732 108 107 109
3935 4 2 10 1 413 458 2617 414
3936 4 2 10 1 413 2617 458 411
3937 4 2 10 1 2778 2786 2594 2546
3938 4 2 10 1 2594 2786 2778 2567
3939 4 2 10 1 2674 507 2751 2598
3940 4 2 10 1 2674 2751 507 559
3941 4 2 10 1 2649 33 2675 2624
3942 4 2 10 1 2649 2675 33 34
3943 4 2 10 1 899 943 2740 942
3944 4 2 10 1 2740 943 899 897
3945 4 2 10 1 2657 797 798 2575
3946 4 2 10 1 2657 798 797 826
3947 4 2 10 1 2713 2520 2765 2576
3948 4 2 10 1 2713 2765 2520 2652
3949 4 2 10 1 2788 639 2722 675
3950 4 2 10 1 2788 2722 639 2548
3951 4 2 10 1 2717 2814 2612 2586
3952 4 2 10 1 2612 2814 2717 2513
3953 4 2 10 1 2751 2790 2674 2598
3954 4 2 10 1 2674 2790 2751 2523
3955 4 2 10 1 2709 2683 364 406
3956 4 2 10 1 2709 364 2683 2574
3957 4 2 10 1 365 364 2683 406
3958 4 2 10 1 365 2683 364 2574
3959 4 2 10 1 2683 541 2709 2612
3960 4 2 10 1 2683 2709 541 497
3961 4 2 10 1 451 541 2709 497
3962 4 2 10 1 2707 2725 2706 2554
3963 4 2 10 1 2706 2725 2707 2515
3964 4 2 10 1 2766 240 322 2672
3965 4 2 10 1 2766 322 240 285
3966 4 2 10 1 191 192 2708 239
3967 4 2 10 1 2766 238 240 2672
3968 4 2 10 1 2766 240 238 241
3969 4 2 10 1 2715 2812 2719 2561
3970 4 2 10 1 2719 2812 2715 2568
3971 4 2 10 1 92 51 2647 53
3972 4 2 10 1 2647 51 92 48
3973 4 2 10 1 965 2581 943 964
3974 4 2 10 1 943 2581 965 966
3975 4 2 10 1 2807 732 678 2623
3976 4 2 10 1 2807 678 732 679
3977 4 2 10 1 2774 186 187 2562
3978 4 2 10 1 2774 187 186 189
3979 4 2 10 1 2765 307 390 387
3980 4 2 10 1 2765 390 307 2614
3981 4 2 10 1 2663 252 250 200
3982 4 2 10 1 250 252 2663 2622
3983 4 2 10 1 250 197 2663 200
3984 4 2 10 1 2663 197 250 2622
3985 4 2 10 1 667 2687 2653 713
3986 4 2 10 1 2653 2687 667 2705
3987 4 2 10 1 2633 2727 2757 460
3988 4 2 10 1 2633 2757 2727 2563
3989 4 2 10 1 503 2757 2727 460
3990 4 2 10 1 503 2727 2757 2563
3991 4 2 10 1 138 2741 135 137
3992 4 2 10 1 135 2741 138 2692
3993 4 2 10 1 2560 2687 2827 536
3994 4 2 10 1 2560 2827 2687 2664
3995 4 2 10 1 489 2827 2687 536
3996 4 2 10 1 489 2687 2827 2664
3997 4 2 10 1 2715 2775 2745 2561
3998 4 2 10 1 2745 2775 2715 2527
3999 4 2 10 1 445 488 2530 490
4000 4 2 10 1 131 2721 132 130
4001 4 2 10 1 131 132 2721 2782
4002 4 2 10 1 93 132 2721 130
4003 4 2 10 1 93 2721 132 2782
4004 4 2 10 1 5 2754 2619 4
4005 4 2 10 1 2619 2754 5 2606
4006 4 2 10 1 2690 2671 2808 2546
4007 4 2 10 1 2690 2808 2671 2661
4008 4 2 10 1 210 2767 203 166
4009 4 2 10 1 162 2767 203 2746
4010 4 2 10 1 797 2657 863 795
4011 4 2 10 1 863 2657 797 826
4012 4 2 10 1 2670 286 325 2669
4013 4 2 10 1 2670 325 286 243
4014 4 2 10 1 229 185 2562 187
4015 4 2 10 1 229 2562 185 230
4016 4 2 10 1 849 2780 816 2629
4017 4 2 10 1 851 816 2780 2629
4018 4 2 10 1 2827 317 319 361
4019 4 2 10 1 2827 319 317 2583
4020 4 2 10 1 792 822 2543 793
4021 4 2 10 1 792 2543 822 791
4022 4 2 10 1 2709 495 541 451
4023 4 2 10 1 2709 541 495 2612
4024 4 2 10 1 367 2710 324 2617
4025 4 2 10 1 367 324 2710 284
4026 4 2 10 1 242 324 2710 2617
4027 4 2 10 1 242 2710 324 284
4028 4 2 10 1 2619 2565 2624 2712
4029 4 2 10 1 2624 20 2619 2712
4030 4 2 10 1 2705 619 2809 2687
4031 4 2 10 1 2705 2809 619 618
4032 4 2 10 1 397 315 2664 398
4033 4 2 10 1 397 2664 315 2805
4034 4 2 10 1 2827 2664 315 398
4035 4 2 10 1 2827 315 2664 2805
4036 4 2 10 1 2728 167 2542 2655
4037 4 2 10 1 2728 2542 167 125
4038 4 2 10 1 231 2585 183 232
4039 4 2 10 1 183 2585 231 274
4040 4 2 10 1 356 2567 2654 355
4041 4 2 10 1 2654 2567 356 2818
4042 4 2 10 1 2654 357 356 355
4043 4 2 10 1 356 357 2654 2818
4044 4 2 10 1 2707 2779 2673 2693
4045 4 2 10 1 2673 2779 2707 2515
4046 4 2 10 1 2810 2823 2743 2505
4047 4 2 10 1 2743 2823 2810 2627
4048 4 2 10 1 669 622 2723 668
4049 4 2 10 1 669 2723 622 582
4050 4 2 10 1 86 42 2606 43
4051 4 2 10 1 2606 42 86 2728
4052 4 2 10 1 827 2657 2703 863
4053 4 2 10 1 2703 2657 827 892
4054 4 2 10 1 2703 887 827 863
4055 4 2 10 1 827 887 2703 892
4056 4 2 10 1 375 2697 421 336
4057 4 2 10 1 375 421 2697 2611
4058 4 2 10 1 419 421 2697 336
4059 4 2 10 1 419 2697 421 2611
4060 4 2 10 1 2792 783 781 747
4061 4 2 10 1 2792 781 783 2666
4062 4 2 10 1 2764 700 698 2593
4063 4 2 10 1 2764 698 700 701
4064 4 2 10 1 2825 161 159 2622
4065 4 2 10 1 2825 159 161 155
4066 4 2 10 1 2729 920 820 875
4067 4 2 10 1 2729 820 920 2591
4068 4 2 10 1 533 488 2723 487
4069 4 2 10 1 2723 488 533 534
4070 4 2 10 1 857 883 2797 885
4071 4 2 10 1 2797 883 857 822
4072 4 2 10 1 2720 388 2808 305
4073 4 2 10 1 2720 2808 388 2671
4074 4 2 10 1 343 300 2720 338
4075 4 2 10 1 343 2720 300 303
4076 4 2 10 1 676 2623 2633 731
4077 4 2 10 1 2633 2623 676 2824
4078 4 2 10 1 2633 640 676 731
4079 4 2 10 1 676 640 2633 2824
4080 4 2 10 1 2672 2819 238 191
4081 4 2 10 1 2672 238 2819 2766
4082 4 2 10 1 239 238 2819 191
4083 4 2 10 1 239 2819 238 2766
4084 4 2 10 1 400 2818 442 396
4085 4 2 10 1 400 442 2818 2701
4086 4 2 10 1 440 442 2818 396
4087 4 2 10 1 440 2818 442 2701
4088 4 2 10 1 422 334 2550 375
4089 4 2 10 1 2550 334 422 423
4090 4 2 10 1 2724 750 2742 748
4091 4 2 10 1 2724 2742 750 2608
4092 4 2 10 1 2532 2742 750 748
4093 4 2 10 1 2532 750 2742 2608
4094 4 2 10 1 2785 871 870 837
4095 4 2 10 1 2785 870 871 2625
4096 4 2 10 1 2675 76 2649 2632
4097 4 2 10 1 2675 2649 76 68
4098 4 2 10 1 871 2752 905 908
4099 4 2 10 1 905 2752 871 2625
4100 4 2 10 1 423 504 2791 457
4101 4 2 10 1 2703 825 859 887
4102 4 2 10 1 2703 859 825 794
4103 4 2 10 1 2660 182 179 224
4104 4 2 10 1 2660 179 182 2616
4105 4 2 10 1 2723 576 575 616
4106 4 2 10 1 2636 720 766 767
4107 4 2 10 1 2636 766 720 2635
4108 4 2 10 1 2786 270 268 311
4109 4 2 10 1 2786 268 270 2660
4110 4 2 10 1 2757 502 500 547
4111 4 2 10 1 2757 500 502 2563
4112 4 2 10 1 2728 2542 2524 2655
4113 4 2 10 1 2728 2524 2542 2721
4114 4 2 10 1 2798 2805 2774 2583
4115 4 2 10 1 2774 2805 2798 2562
4116 4 2 10 1 101 2692 100 99
4117 4 2 10 1 514 471 562 469
4118 4 2 10 1 2731 562 471 469
4119 4 2 10 1 177 2741 176 175
4120 4 2 10 1 176 2741 177 2738
4121 4 2 10 1 723 634 2575 586
4122 4 2 10 1 723 2575 634 2824
4123 4 2 10 1 2757 2575 634 586
4124 4 2 10 1 2757 634 2575 2824
4125 4 2 10 1 443 2701 400 445
4126 4 2 10 1 400 2701 443 442
4127 4 2 10 1 776 775 2744 803
4128 4 2 10 1 2738 141 180 178
4129 4 2 10 1 2738 180 141 2681
4130 4 2 10 1 387 432 2765 349
4131 4 2 10 1 387 2765 432 470
4132 4 2 10 1 2666 753 2629 784
4133 4 2 10 1 2666 2629 753 2590
4134 4 2 10 1 30 2624 21 25
4135 4 2 10 1 376 2758 464 424
4136 4 2 10 1 464 2758 376 2693
4137 4 2 10 1 2607 2608 752 693
4138 4 2 10 1 752 2608 2607 2734
4139 4 2 10 1 752 695 2607 693
4140 4 2 10 1 2607 695 752 2734
4141 4 2 10 1 768 727 2824 726
4142 4 2 10 1 2824 727 768 728
4143 4 2 10 1 2736 282 364 2574
4144 4 2 10 1 659 611 2737 571
4145 4 2 10 1 2737 611 659 661
4146 4 2 10 1 412 2696 368 452
4147 4 2 10 1 368 2696 412 2669
4148 4 2 10 1 714 670 2564 669
4149 4 2 10 1 2564 670 714 715
4150 4 2 10 1 2809 482 612 2777
4151 4 2 10 1 2809 612 482 573
4152 4 2 10 1 590 506 2640 556
4153 4 2 10 1 2640 506 590 553
4154 4 2 10 1 2827 489 444 448
4155 4 2 10 1 2827 444 489 2664
4156 4 2 10 1 57 100 2692 99
4157 4 2 10 1 2736 362 2818 2709
4158 4 2 10 1 2736 2818 362 360
4159 4 2 10 1 2727 2512 296 2697
4160 4 2 10 1 2577 873 2729 848
4161 4 2 10 1 2577 2729 873 913
4162 4 2 10 1 917 2729 873 848
4163 4 2 10 1 917 873 2729 913
4164 4 2 10 1 885 925 2797 931
4165 4 2 10 1 2797 925 885 883
4166 4 2 10 1 667 2653 763 713
4167 4 2 10 1 100 2732 101 103
4168 4 2 10 1 101 2732 100 2692
4169 4 2 10 1 752 2735 757 785
4170 4 2 10 1 377 464 2693 381
4171 4 2 10 1 2693 464 377 376
4172 4 2 10 1 741 804 2744 778
4173 4 2 10 1 741 2744 804 802
4174 4 2 10 1 2793 829 900 800
4175 4 2 10 1 900 831 2793 800
4176 4 2 10 1 42 9 2606 44
4177 4 2 10 1 42 2606 9 39
4178 4 2 10 1 2779 381 2598 380
4179 4 2 10 1 2779 2598 381 2693
4180 4 2 10 1 638 2807 2722 677
4181 4 2 10 1 2722 729 638 677
4182 4 2 10 1 2722 639 724 675
4183 4 2 10 1 908 841 2752 910
4184 4 2 10 1 908 2752 841 871
4185 4 2 10 1 2637 2752 841 910
4186 4 2 10 1 2637 841 2752 871
4187 4 2 10 1 924 880 2591 881
4188 4 2 10 1 117 2825 2816 76
4189 4 2 10 1 2816 2825 117 78
4190 4 2 10 1 2816 74 117 76
4191 4 2 10 1 117 74 2816 78
4192 4 2 10 1 711 712 2764 715
4193 4 2 10 1 711 2764 712 708
4194 4 2 10 1 69 75 2649 73
4195 4 2 10 1 69 2649 75 70
4196 4 2 10 1 851 878 2540 877
4197 4 2 10 1 2540 878 851 852
4198 4 2 10 1 2807 555 557 2771
4199 4 2 10 1 2705 664 707 703
4200 4 2 10 1 81 35 2600 79
4201 4 2 10 1 81 2600 35 40
4202 4 2 10 1 73 78 2816 74
4203 4 2 10 1 73 2816 78 77
4204 4 2 10 1 2644 509 426 427
4205 4 2 10 1 2644 426 509 469
4206 4 2 10 1 938 892 2703 891
4207 4 2 10 1 938 2703 892 2657
4208 4 2 10 1 205 163 2746 206
4209 4 2 10 1 2746 163 205 204
4210 4 2 10 1 965 2762 986 966
4211 4 2 10 1 986 987 965 966
4212 4 2 10 1 2799 721 2555 824
4213 4 2 10 1 2799 2555 721 2722
4214 4 2 10 1 2555 732 801 733
4215 4 2 10 1 2555 801 732 773
4216 4 2 10 1 632 767 2636 633
4217 4 2 10 1 632 2636 767 720
4218 4 2 10 1 3 37 2754 36
4219 4 2 10 1 3 2754 37 38
4220 4 2 10 1 217 2601 219 267
4221 4 2 10 1 132 134 172 135
4222 4 2 10 1 2782 172 134 135
4223 4 2 10 1 61 103 2732 100
4224 4 2 10 1 61 2732 103 66
4225 4 2 10 1 815 816 2629 849
4226 4 2 10 1 815 2629 816 784
4227 4 2 10 1 686 2674 738 739
4228 4 2 10 1 852 787 2540 788
4229 4 2 10 1 852 2540 787 818
4230 4 2 10 1 842 910 2637 841
4231 4 2 10 1 2637 910 842 911
4232 4 2 10 1 22 2619 20 18
4233 4 2 10 1 582 535 2723 581
4234 4 2 10 1 582 2723 535 537
4235 4 2 10 1 121 2767 2600 124
4236 4 2 10 1 2600 2767 121 80
4237 4 2 10 1 2600 85 121 124
4238 4 2 10 1 729 2555 833 733
4239 4 2 10 1 833 2555 729 730
4240 4 2 10 1 88 85 2600 124
4241 4 2 10 1 2600 85 88 89
4242 4 2 10 1 8 17 2606 13
4243 4 2 10 1 8 2606 17 16
4244 4 2 10 1 864 896 2793 829
4245 4 2 10 1 864 2793 896 895
4246 4 2 10 1 950 974 2749 972
4247 4 2 10 1 2749 974 950 976
4248 4 2 10 1 2644 426 337 427
4249 4 2 10 1 2724 748 814 750
4250 4 2 10 1 299 2673 254 339
4251 4 2 10 1 414 371 2617 413
4252 4 2 10 1 2617 371 414 416
4253 4 2 10 1 146 186 2681 184
4254 4 2 10 1 146 2681 186 147
4255 4 2 10 1 849 851 2780 874
4256 4 2 10 1 2780 851 849 816
4257 4 2 10 1 96 92 2692 57
4258 4 2 10 1 96 2692 92 95
4259 4 2 10 1 886 2703 2797 857
4260 4 2 10 1 2797 2703 886 934
4261 4 2 10 1 2797 885 886 857
4262 4 2 10 1 886 885 2797 934
4263 4 2 10 1 54 100 2733 57
4264 4 2 10 1 54 2733 100 61
4265 4 2 10 1 2692 2733 100 57
4266 4 2 10 1 2692 100 2733 61
4267 4 2 10 1 2824 637 727 641
4268 4 2 10 1 2824 727 637 636
4269 4 2 10 1 360 399 449 447
4270 4 2 10 1 903 836 2785 869
4271 4 2 10 1 903 2785 836 840
4272 4 2 10 1 913 951 2645 917
4273 4 2 10 1 913 2645 951 953
4274 4 2 10 1 362 281 2736 318
4275 4 2 10 1 925 926 2591 930
4276 4 2 10 1 2591 926 925 924
4277 4 2 10 1 550 459 2757 502
4278 4 2 10 1 2563 2757 459 502
4279 4 2 10 1 2563 459 2757 503
4280 4 2 10 1 397 483 2664 395
4281 4 2 10 1 397 2664 483 486
4282 4 2 10 1 709 716 2716 712
4283 4 2 10 1 2716 716 709 759
4284 4 2 10 1 666 663 2723 704
4285 4 2 10 1 666 2723 663 665
4286 4 2 10 1 125 211 2542 167
4287 4 2 10 1 125 2542 211 126
4288 4 2 10 1 126 45 2721 128
4289 4 2 10 1 2746 257 338 300
4290 4 2 10 1 905 870 2625 871
4291 4 2 10 1 905 2625 870 904
4292 4 2 10 1 305 263 2720 262
4293 4 2 10 1 305 2720 263 306
4294 4 2 10 1 635 725 2824 726
4295 4 2 10 1 635 2824 725 634
4296 4 2 10 1 165 260 2673 255
4297 4 2 10 1 2673 260 165 167
4298 4 2 10 1 753 749 2666 694
4299 4 2 10 1 753 2666 749 784
4300 4 2 10 1 2807 590 643 677
4301 4 2 10 1 884 861 2799 889
4302 4 2 10 1 884 2799 861 858
4303 4 2 10 1 21 14 22 20
4304 4 2 10 1 21 22 14 15
4305 4 2 10 1 18 22 14 20
4306 4 2 10 1 40 85 2600 89
4307 4 2 10 1 40 2600 85 81
4308 4 2 10 1 893 889 2799 861
4309 4 2 10 1 2799 889 893 894
4310 4 2 10 1 447 445 2701 446
4311 4 2 10 1 2701 445 447 400
4312 4 2 10 1 378 340 2693 341
4313 4 2 10 1 378 2693 340 376
4314 4 2 10 1 577 576 2723 617
4315 4 2 10 1 2723 576 577 530
4316 4 2 10 1 120 77 2816 116
4317 4 2 10 1 2816 77 120 78
4318 4 2 10 1 256 340 2673 299
4319 4 2 10 1 2673 340 256 255
4320 4 2 10 1 570 613 2630 572
4321 4 2 10 1 2630 613 570 660
4322 4 2 10 1 121 81 2600 80
4323 4 2 10 1 2600 81 121 85
4324 4 2 10 1 1 2 2606 3
4325 4 2 10 1 2606 2 1 7
4326 4 2 10 1 661 660 2630 611
4327 4 2 10 1 661 2630 660 698
4328 4 2 10 1 162 257 2746 203
4329 4 2 10 1 2746 257 162 204
4330 4 2 10 1 1002 990 2762 988
4331 4 2 10 1 1002 2762 990 982
4332 4 2 10 1 835 776 2744 805
4333 4 2 10 1 2744 2785 835 805
4334 4 2 10 1 835 2785 2744 804
4335 4 2 10 1 33 71 2649 34
4336 4 2 10 1 637 2824 2757 554
4337 4 2 10 1 2757 2824 637 636
4338 4 2 10 1 2757 552 637 554
4339 4 2 10 1 637 552 2757 636
4340 4 2 10 1 259 205 2746 258
4341 4 2 10 1 259 2746 205 257
4342 4 2 10 1 30 2624 20 21
4343 4 2 10 1 10 18 2619 14
4344 4 2 10 1 10 2619 18 50
4345 4 2 10 1 29 20 2624 27
4346 4 2 10 1 29 2624 20 30
4347 4 2 10 1 72 76 2632 112
4348 4 2 10 1 2632 76 72 63
4349 4 2 10 1 19 13 2606 17
4350 4 2 10 1 2606 13 19 51
4351 4 2 10 1 2606 2647 19 17
4352 4 2 10 1 19 2647 2606 51
4353 4 2 10 1 232 148 2585 183
4354 4 2 10 1 2585 148 232 190
4355 4 2 10 1 152 190 2821 237
4356 4 2 10 1 152 2821 190 150
4357 4 2 10 1 174 179 2828 136
4358 4 2 10 1 174 2828 179 219
4359 4 2 10 1 32 71 2649 33
4360 4 2 10 1 32 2649 71 69
4361 4 2 10 1 27 2624 2712 20
4362 4 2 10 1 2712 2624 27 56
4363 4 2 10 1 2712 18 27 20
4364 4 2 10 1 27 18 2712 56
4365 4 2 10 1 299 208 2673 256
4366 4 2 10 1 2673 208 299 254
4367 4 2 10 1 203 121 2767 162
4368 4 2 10 1 2767 121 203 166
4369 4 2 10 1 34 31 33 28
4370 4 2 10 1 87 167 2728 84
4371 4 2 10 1 87 2728 167 125
4372 4 2 10 1 41 10 2754 6
4373 4 2 10 1 41 2754 10 47
4374 4 2 10 1 138 135 95 137
4375 4 2 10 1 58 24 2647 26
4376 4 2 10 1 2647 24 58 55
4377 4 2 10 1 2647 2733 58 26
4378 4 2 10 1 58 2733 2647 55
4379 4 2 10 1 13 48 2721 44
4380 4 2 10 1 2721 48 13 51
4381 4 2 10 1 2721 2606 13 44
4382 4 2 10 1 13 2606 2721 51
4383 4 2 10 1 192 151 2708 118
4384 4 2 10 1 192 2708 151 191
4385 4 2 10 1 34 74 2649 68
4386 4 2 10 1 34 2649 74 71
4387 4 2 10 1 110 116 2816 77
4388 4 2 10 1 2816 116 110 115
4389 4 2 10 1 426 2644 343 382
4390 4 2 10 1 343 338 426 382
4391 4 2 10 1 158 200 2663 157
4392 4 2 10 1 2663 200 158 196
4393 4 2 10 1 247 2697 252 250
4394 4 2 10 1 252 202 2663 253
4395 4 2 10 1 2663 202 252 200
4396 4 2 10 1 297 253 2697 296
4397 4 2 10 1 2697 253 297 252
4398 4 2 10 1 202 196 2663 199
4399 4 2 10 1 202 2663 196 200
4400 4 2 10 1 113 118 2708 151
4401 4 2 10 1 2708 118 113 114
4402 4 2 10 1 252 294 2697 247
4403 4 2 10 1 2697 294 252 297
4404 4 2 10 1 291 247 2670 294
4405 4 2 10 1 291 2670 247 248
4406 4 2 10 1 684 686 2674 738
4407 4 2 10 1 684 2674 686 685
4408 4 2 10 1 173 176 2741 175
4409 4 2 10 1 2741 176 173 137
4410 4 2 10 1 187 233 2774 229
4411 4 2 10 1 187 2774 233 189
4412 4 2 10 1 105 146 2681 143
4413 4 2 10 1 105 2681 146 147
4414 4 2 10 1 297 298 2697 294
4415 4 2 10 1 297 2697 298 333
4416 4 2 10 1 418 461 2727 420
4417 4 2 10 1 2727 461 418 460
4418 4 2 10 1 591 2807 2771 556
4419 4 2 10 1 2771 2807 591 557
4420 4 2 10 1 2771 505 591 556
4421 4 2 10 1 591 505 2771 557
4422 4 2 10 1 771 773 2623 678
4423 4 2 10 1 771 2623 773 772
4424 4 2 10 1 554 460 2757 503
4425 4 2 10 1 2757 460 554 589
4426 4 2 10 1 122 165 2655 164
4427 4 2 10 1 122 2655 165 84
4428 4 2 10 1 445 487 2530 488
4429 4 2 10 1 445 2530 487 443
4430 4 2 10 1 274 182 2616 228
4431 4 2 10 1 274 2616 182 183
4432 4 2 10 1 620 577 2723 617
4433 4 2 10 1 2723 577 620 579
4434 4 2 10 1 530 575 2723 576
4435 4 2 10 1 530 2723 575 529
4436 4 2 10 1 491 492 2530 490
4437 4 2 10 1 2530 492 491 535
4438 4 2 10 1 316 274 2736 275
4439 4 2 10 1 316 2736 274 318
4440 4 2 10 1 484 440 2691 439
4441 4 2 10 1 484 2691 440 441
4442 4 2 10 1 879 882 2820 927
4443 4 2 10 1 879 2820 882 855
4444 4 2 10 1 388 474 2671 433
4445 4 2 10 1 388 2671 474 473
4446 4 2 10 1 2661 2671 474 433
4447 4 2 10 1 2661 474 2671 473
4448 4 2 10 1 362 282 2736 281
4449 4 2 10 1 362 2736 282 364
4450 4 2 10 1 416 503 2563 373
4451 4 2 10 1 2563 503 416 459
4452 4 2 10 1 984 930 2582 926
4453 4 2 10 1 2582 930 984 962
4454 4 2 10 1 502 414 2563 458
4455 4 2 10 1 502 2563 414 459
4456 4 2 10 1 337 257 2746 259
4457 4 2 10 1 2746 257 337 338
4458 4 2 10 1 2746 2747 337 259
4459 4 2 10 1 808 777 2763 779
4460 4 2 10 1 808 2763 777 807
4461 4 2 10 1 2704 777 2763 807
4462 4 2 10 1 471 348 2644 431
4463 4 2 10 1 471 2644 348 472
4464 4 2 10 1 1001 994 2831 998
4465 4 2 10 1 1001 2831 994 997
4466 4 2 10 1 2646 1001 2831 998
4467 4 2 10 1 2646 2831 1001 997
4468 4 2 10 1 2762 1001 2646 998
4469 4 2 10 1 2762 2646 1001 997
4470 4 2 10 1 820 791 2591 819
4471 4 2 10 1 2591 791 820 822
4472 4 2 10 1 671 631 2717 627
4473 4 2 10 1 671 2717 631 673
4474 4 2 10 1 718 712 2716 716
4475 4 2 10 1 718 2716 712 717
4476 4 2 10 1 707 618 2705 667
4477 4 2 10 1 2705 618 707 664
4478 4 2 10 1 847 748 2724 812
4479 4 2 10 1 847 2724 748 814
4480 4 2 10 1 614 664 753 703
4481 4 2 10 1 2705 753 664 703
4482 4 2 10 1 847 848 2577 814
4483 4 2 10 1 847 2577 848 873
4484 4 2 10 1 831 770 2793 800
4485 4 2 10 1 831 2793 770 771
4486 4 2 10 1 894 901 2555 898
4487 4 2 10 1 894 2555 901 893
4488 4 2 10 1 896 902 2555 900
4489 4 2 10 1 2555 902 896 898
4490 4 2 10 1 895 892 2657 938
4491 4 2 10 1 895 2657 892 864
4492 4 2 10 1 725 2575 2636 723
4493 4 2 10 1 2636 2575 725 797
4494 4 2 10 1 2636 795 725 723
4495 4 2 10 1 725 795 2636 797
4496 4 2 10 1 639 730 2722 724
4497 4 2 10 1 2555 2722 730 724
4498 4 2 10 1 2555 730 2722 729
4499 4 2 10 1 862 861 2555 860
4500 4 2 10 1 862 2555 861 893
4501 4 2 10 1 2799 2555 861 860
4502 4 2 10 1 2799 861 2555 893
4503 4 2 10 1 897 898 2740 896
4504 4 2 10 1 897 2740 898 899
4505 4 2 10 1 730 638 2722 729
4506 4 2 10 1 730 2722 638 639
4507 4 2 10 1 941 898 2740 899
4508 4 2 10 1 941 2740 898 894
4509 4 2 10 1 992 997 2831 993
4510 4 2 10 1 992 2831 997 994
4511 4 2 10 1 667 788 2653 707
4512 4 2 10 1 667 2653 788 763
4513 4 2 10 1 587 721 2788 722
4514 4 2 10 1 587 2788 721 675
4515 4 2 10 1 2722 2788 721 722
4516 4 2 10 1 2722 721 2788 675
4517 4 2 10 1 557 644 2807 592
4518 4 2 10 1 557 2807 644 555
4519 4 2 10 1 942 964 2740 963
4520 4 2 10 1 942 2740 964 943
4521 4 2 10 1 858 860 2799 861
4522 4 2 10 1 858 2799 860 823
4523 4 2 10 1 743 781 2792 780
4524 4 2 10 1 743 2792 781 745
4525 4 2 10 1 844 2724 812 847
4526 4 2 10 1 839 912 2748 844
4527 4 2 10 1 839 2748 912 906
4528 4 2 10 1 2724 812 2584 782
4529 4 2 10 1 2724 2584 812 748
4530 4 2 10 1 744 2584 812 782
4531 4 2 10 1 744 812 2584 748
4532 4 2 10 1 886 887 2703 859
4533 4 2 10 1 2703 887 886 888
4534 4 2 10 1 988 985 2762 1001
4535 4 2 10 1 988 2762 985 987
4536 4 2 10 1 991 994 2831 992
4537 4 2 10 1 991 2831 994 977
4538 4 2 10 1 984 985 2582 962
4539 4 2 10 1 984 2582 985 999
4540 4 2 10 1 844 913 2748 873
4541 4 2 10 1 844 2748 913 912
4542 4 2 10 1 909 949 2748 912
4543 4 2 10 1 909 2748 949 946
4544 4 2 10 1 970 945 2752 969
4545 4 2 10 1 970 2752 945 968
4546 4 2 10 1 907 840 2625 903
4547 4 2 10 1 907 2625 840 906
4548 4 2 10 1 971 993 2831 975
4549 4 2 10 1 971 2831 993 992
4550 4 2 10 1 918 950 2749 916
4551 4 2 10 1 918 2749 950 952
4552 4 2 10 1 684 774 2682 735
4553 4 2 10 1 684 2682 774 738
4554 4 2 10 1 593 507 2751 559
4555 4 2 10 1 2751 507 593 511
4556 4 2 10 1 774 776 2744 737
4557 4 2 10 1 2744 776 774 775
4558 4 2 10 1 835 802 2744 776
4559 4 2 10 1 835 2744 802 804
4560 4 2 10 1 687 741 2638 742
4561 4 2 10 1 687 2638 741 688
4562 4 2 10 1 688 597 2638 598
4563 4 2 10 1 2638 597 688 687
4564 4 2 10 1 299 376 2693 377
4565 4 2 10 1 2693 376 299 340
4566 4 2 10 1 334 333 2697 375
4567 4 2 10 1 2697 333 334 330
4568 4 2 10 1 2697 2550 334 375
4569 4 2 10 1 334 2550 2697 330
4570 4 2 10 1 588 677 2807 638
4571 4 2 10 1 588 2807 677 590
4572 4 2 10 1 556 643 2807 590
4573 4 2 10 1 556 2807 643 591
4574 4 2 10 1 460 555 2771 461
4575 4 2 10 1 2771 555 460 589
4576 4 2 10 1 592 678 2807 679
4577 4 2 10 1 592 2807 678 644
4578 4 2 10 1 459 552 2757 503
4579 4 2 10 1 2757 552 459 550
4580 4 2 10 1 636 726 2824 727
4581 4 2 10 1 2824 726 636 635
4582 4 2 10 1 2576 349 307 387
4583 4 2 10 1 279 235 2774 236
4584 4 2 10 1 2774 235 279 319
4585 4 2 10 1 2774 2583 279 236
4586 4 2 10 1 279 2583 2774 319
4587 4 2 10 1 398 361 2827 401
4588 4 2 10 1 2827 361 398 315
4589 4 2 10 1 22 12 2619 15
4590 4 2 10 1 22 2619 12 23
4591 4 2 10 1 977 998 2831 994
4592 4 2 10 1 977 2831 998 979
4593 4 2 10 1 813 849 2666 846
4594 4 2 10 1 813 2666 849 815
4595 4 2 10 1 928 982 2769 923
4596 4 2 10 1 928 2769 982 959
4597 4 2 10 1 832 771 2793 831
4598 4 2 10 1 266 349 2610 347
4599 4 2 10 1 266 2610 349 307
4600 4 2 10 1 2576 2610 349 347
4601 4 2 10 1 2576 349 2610 307
4602 4 2 10 1 697 698 2593 661
4603 4 2 10 1 697 2593 698 700
4604 4 2 10 1 203 300 2746 261
4605 4 2 10 1 203 2746 300 257
4606 4 2 10 1 174 217 2601 219
4607 4 2 10 1 2601 217 174 170
4608 4 2 10 1 2712 2754 2524 2618
4609 4 2 10 1 2524 2754 2712 2619
4610 4 2 10 1 2524 2668 2712 2618
4611 4 2 10 1 2712 2668 2524 2619
4612 4 2 10 1 883 924 2591 925
4613 4 2 10 1 2591 924 883 880
4614 4 2 10 1 2591 2797 883 925
4615 4 2 10 1 883 2797 2591 880
4616 4 2 10 1 920 2729 876 875
4617 4 2 10 1 876 2729 920 2582
4618 4 2 10 1 2555 733 2722 732
4619 4 2 10 1 2555 2722 733 729
4620 4 2 10 1 2722 733 2807 732
4621 4 2 10 1 2722 2807 733 729
4622 4 2 10 1 2807 677 733 729
4623 4 2 10 1 506 423 2791 422
4624 4 2 10 1 2791 423 506 504
4625 4 2 10 1 2791 2640 506 422
4626 4 2 10 1 506 2640 2791 504
4627 4 2 10 1 418 2727 335 374
4628 4 2 10 1 418 335 2727 2617
4629 4 2 10 1 332 335 2727 374
4630 4 2 10 1 332 2727 335 2617
4631 4 2 10 1 2735 850 817 785
4632 4 2 10 1 2735 817 850 2729
4633 4 2 10 1 2779 2671 2725 2515
4634 4 2 10 1 2779 2725 2671 2609
4635 4 2 10 1 2763 846 872 845
4636 4 2 10 1 2763 872 846 2780
4637 4 2 10 1 869 2785 2625 870
4638 4 2 10 1 2625 2785 869 903
4639 4 2 10 1 2625 904 869 870
4640 4 2 10 1 869 904 2625 903
4641 4 2 10 1 2796 755 2735 757
4642 4 2 10 1 2796 2735 755 2734
4643 4 2 10 1 752 2735 755 757
4644 4 2 10 1 752 755 2735 2734
4645 4 2 10 1 728 2824 798 768
4646 4 2 10 1 728 798 2824 2575
4647 4 2 10 1 2807 555 2633 642
4648 4 2 10 1 2807 2633 555 2771
4649 4 2 10 1 675 549 2788 639
4650 4 2 10 1 2788 549 675 587
4651 4 2 10 1 549 2548 2788 639
4652 4 2 10 1 2788 2548 549 587
4653 4 2 10 1 549 2640 2548 639
4654 4 2 10 1 2548 2640 549 587
4655 4 2 10 1 2619 16 23 24
4656 4 2 10 1 2619 23 16 12
4657 4 2 10 1 782 844 2724 812
4658 4 2 10 1 782 2724 844 839
4659 4 2 10 1 2697 296 333 297
4660 4 2 10 1 336 2697 296 333
4661 4 2 10 1 342 2544 2673 2693
4662 4 2 10 1 342 2673 2544 302
4663 4 2 10 1 33 2675 31 34
4664 4 2 10 1 2720 2767 261 210
4665 4 2 10 1 2720 261 2767 2746
4666 4 2 10 1 203 261 2767 210
4667 4 2 10 1 203 2767 261 2746
4668 4 2 10 1 643 733 2807 677
4669 4 2 10 1 643 2807 733 732
4670 4 2 10 1 663 2630 660 662
4671 4 2 10 1 663 698 2630 701
4672 4 2 10 1 2630 698 663 660
4673 4 2 10 1 514 471 2731 562
4674 4 2 10 1 2731 471 514 517
4675 4 2 10 1 638 2722 2548 639
4676 4 2 10 1 2548 2722 638 2807
4677 4 2 10 1 2548 588 638 639
4678 4 2 10 1 638 588 2548 2807
4679 4 2 10 1 2727 2617 2663 2512
4680 4 2 10 1 2663 2617 2727 332
4681 4 2 10 1 2663 296 2727 2512
4682 4 2 10 1 2727 296 2663 332
4683 4 2 10 1 336 332 2697 374
4684 4 2 10 1 336 2697 332 296
4685 4 2 10 1 2727 2697 332 374
4686 4 2 10 1 2727 332 2697 296
4687 4 2 10 1 726 2575 797 725
4688 4 2 10 1 768 2824 2575 726
4689 4 2 10 1 2575 2824 768 798
4690 4 2 10 1 2575 797 768 726
4691 4 2 10 1 768 797 2575 798
4692 4 2 10 1 900 2793 896 829
4693 4 2 10 1 896 2793 900 2555
4694 4 2 10 1 86 125 2721 87
4695 4 2 10 1 2721 2728 86 87
4696 4 2 10 1 86 2728 2721 45
4697 4 2 10 1 987 965 2762 986
4698 4 2 10 1 987 2762 965 989
4699 4 2 10 1 172 132 2782 134
4700 4 2 10 1 2782 132 172 171
4701 4 2 10 1 20 22 2565 2619
4702 4 2 10 1 2565 22 20 21
4703 4 2 10 1 2565 2624 20 2619
4704 4 2 10 1 20 2624 2565 21
4705 4 2 10 1 449 360 2818 399
4706 4 2 10 1 2818 360 449 362
4707 4 2 10 1 2645 953 946 973
4708 4 2 10 1 949 2645 953 946
4709 4 2 10 1 949 953 2645 913
4710 4 2 10 1 2720 2746 338 300
4711 4 2 10 1 86 126 2721 125
4712 4 2 10 1 2721 126 86 45
4713 4 2 10 1 22 14 2619 18
4714 4 2 10 1 22 2619 14 15
4715 4 2 10 1 2565 23 28 26
4716 4 2 10 1 25 2565 23 28
4717 4 2 10 1 25 23 2565 22
4718 4 2 10 1 25 2565 2675 2624
4719 4 2 10 1 2675 2565 25 28
4720 4 2 10 1 30 25 2675 2624
4721 4 2 10 1 2675 33 25 30
4722 4 2 10 1 28 33 2675 31
4723 4 2 10 1 28 2675 33 25
4724 4 2 10 1 95 138 2692 135
4725 4 2 10 1 2692 138 95 96
4726 4 2 10 1 338 426 2644 343
4727 4 2 10 1 338 2644 426 337
4728 4 2 10 1 2697 2512 2663 2622
4729 4 2 10 1 2663 2512 2697 296
4730 4 2 10 1 2697 253 2663 296
4731 4 2 10 1 2663 252 2697 2622
4732 4 2 10 1 2697 252 2663 253
4733 4 2 10 1 771 2623 2555 2793
4734 4 2 10 1 2555 2623 771 772
4735 4 2 10 1 771 834 2555 772
4736 4 2 10 1 642 2623 771 731
4737 4 2 10 1 771 2623 642 678
4738 4 2 10 1 642 773 771 678
4739 4 2 10 1 772 642 771 731
4740 4 2 10 1 772 771 642 773
4741 4 2 10 1 2746 2720 2644 2747
4742 4 2 10 1 2644 2720 2746 338
4743 4 2 10 1 2644 337 2746 2747
4744 4 2 10 1 2746 337 2644 338
4745 4 2 10 1 777 2763 2596 2704
4746 4 2 10 1 777 2596 2763 779
4747 4 2 10 1 753 614 2705 664
4748 4 2 10 1 2705 614 753 696
4749 4 2 10 1 2629 818 703 787
4750 4 2 10 1 756 818 2629 816
4751 4 2 10 1 756 2629 818 703
4752 4 2 10 1 2731 598 562 564
4753 4 2 10 1 597 562 2731 598
4754 4 2 10 1 597 2731 562 563
4755 4 2 10 1 2793 832 900 2555
4756 4 2 10 1 900 832 2793 831
4757 4 2 10 1 832 771 2555 2793
4758 4 2 10 1 832 2555 771 834
4759 4 2 20 2 2889 3184 3288 3583
4760 4 2 20 2 1495 3131 3518 3682
4761 4 2 20 2 234 3169 238 3362
4762 4 2 20 2 2853 3422 3430 3946
4763 4 2 20 2 2924 3217 3260 3452
4764 4 2 20 2 2887 3496 3054 3702
4765 4 2 20 2 2990 2836 3652 3761
4766 4 2 20 2 412 415 457 3994
4767 4 2 20 2 2881 3059 3444 3687
4768 4 2 20 2 31 3118 60 3438
4769 4 2 20 2 599 601 650 3008
4770 4 2 20 2 3019 2937 3251 3395
4771 4 2 20 2 2937 3019 3251 3583
4772 4 2 20 2 31 60 3118 3341
4773 4 2 20 2 2979 3297 3095 3576
4774 4 2 20 2 12 15 22 3243
4775 4 2 20 2 3019 3395 3251 3796
4776 4 2 20 2 2934 3682 3131 3939
4777 4 2 20 2 3251 3395 2937 3796
4778 4 2 20 2 482 481 525 3443
4779 4 2 20 2 222 223 269 3491
4780 4 2 20 2 3368 3678 3248 4033
4781 4 2 20 2 175 218 173 3545
4782 4 2 20 2 1479 3095 1480 3440
4783 4 2 20 2 1918 3395 3039 3478
4784 4 2 20 2 2286 2319 2285 3059
4785 4 2 20 2 2928 3142 3500 3601
4786 4 2 20 2 2851 3407 3086 3792
4787 4 2 20 2 171 213 131 3626
4788 4 2 20 2 2889 3183 3184 3583
4789 4 2 20 2 3031 3256 2332 3561
4790 4 2 20 2 2922 3057 3236 3484
4791 4 2 20 2 320 283 366 3362
4792 4 2 20 2 2994 3415 3321 3446
4793 4 2 20 2 3057 2922 3236 3546
4794 4 2 20 2 1372 3072 1373 3433
4795 4 2 20 2 233 277 278 3594
4796 4 2 20 2 3134 3747 3437 3885
4797 4 2 20 2 2906 2851 3086 4055
4798 4 2 20 2 2977 3138 2847 3160
4799 4 2 20 2 1997 3565 3041 3927
4800 4 2 20 2 3181 3303 2949 3403
4801 4 2 20 2 2896 3247 2956 3392
4802 4 2 20 2 1991 2086 3614 3728
4803 4 2 20 2 2876 2998 3388 3483
4804 4 2 20 2 3134 2953 3437 3747
4805 4 2 20 2 3041 3379 1964 3927
4806 4 2 20 2 503 554 460 3447
4807 4 2 20 2 175 221 218 3545
4808 4 2 20 2 2881 3059 3687 4057
4809 4 2 20 2 2930 2961 3218 3481
4810 4 2 20 2 3204 3299 3269 3464
4811 4 2 20 2 3006 3288 3184 3583
4812 4 2 20 2 2930 3166 2961 3481
4813 4 2 20 2 371 329 327 3795
4814 4 2 20 2 2887 3054 3554 3702
4815 4 2 20 2 2990 2836 3346 3652
4816 4 2 20 2 3113 3150 2924 3968
4817 4 2 20 2 1429 3203 3144 3625
4818 4 2 20 2 2895 2847 2977 3138
4819 4 2 20 2 2837 3150 3113 3349
4820 4 2 20 2 3091 3289 3265 3622
4821 4 2 20 2 234 191 238 3388
4822 4 2 20 2 3041 3370 3565 3811
4823 4 2 20 2 2876 2968 3305 3388
4824 4 2 20 2 3006 3184 3183 3583
4825 4 2 20 2 2903 2932 2862 3009
4826 4 2 20 2 2893 3305 3188 3731
4827 4 2 20 2 2892 3119 3040 3504
4828 4 2 20 2 2961 3385 3218 3904
4829 4 2 20 2 2249 2999 2927 3061
4830 4 2 20 2 3173 3836 3493 3971
4831 4 2 20 2 2975 3111 3081 3487
4832 4 2 20 2 2835 3275 2858 3529
4833 4 2 20 2 3095 3576 3297 3674
4834 4 2 20 2 2940 2847 3138 3160
4835 4 2 20 2 3032 3550 3284 3566
4836 4 2 20 2 3740 3888 3373 4023
4837 4 2 20 2 234 238 3169 3388
4838 4 2 20 2 2249 2875 2999 3061
4839 4 2 20 2 175 173 176 3491
4840 4 2 20 2 2942 3479 2908 4095
4841 4 2 20 2 107 113 109 3309
4842 4 2 20 2 2072 3019 2162 3494
4843 4 2 20 2 1958 1984 2014 3028
4844 4 2 20 2 3040 3119 2892 3926
4845 4 2 20 2 3046 3678 3262 3722
4846 4 2 20 2 601 602 652 2972
4847 4 2 20 2 2937 3191 3313 3815
4848 4 2 20 2 2879 3258 3560 3869
4849 4 2 20 2 3025 3441 3108 3699
4850 4 2 20 2 1900 3048 1911 3223
4851 4 2 20 2 2928 2893 3142 3601
4852 4 2 20 2 2255 3156 3012 3889
4853 4 2 20 2 3119 3123 2892 3528
4854 4 2 20 2 2145 3263 3046 3928
4855 4 2 20 2 1848 1911 1900 3048
4856 4 2 20 2 2836 3337 2990 3346
4857 4 2 20 2 3295 3928 3263 3930
4858 4 2 20 2 3040 2892 3203 3926
4859 4 2 20 2 2853 3465 3264 3741
4860 4 2 20 2 1732 1693 2981 3565
4861 4 2 20 2 2903 3009 2862 3210
4862 4 2 20 2 3054 3070 2991 3346
4863 4 2 20 2 3265 3289 2991 3622
4864 4 2 20 2 3473 3548 3182 3710
4865 4 2 20 2 2868 3066 2977 3372
4866 4 2 20 2 2865 2931 2909 3118
4867 4 2 20 2 3284 3550 3032 3863
4868 4 2 20 2 3070 2953 3747 3829
4869 4 2 20 2 2162 3019 2156 3494
4870 4 2 20 2 3466 3518 2986 3682
4871 4 2 20 2 2920 3265 3289 3346
4872 4 2 20 2 3156 3826 2852 4024
4873 4 2 20 2 1576 3058 3162 3821
4874 4 2 20 2 2922 3836 3354 3971
4875 4 2 20 2 2874 3051 3282 3358
4876 4 2 20 2 2853 3261 3422 3946
4877 4 2 20 2 2934 3134 3119 3457
4878 4 2 20 2 3007 3182 1092 3434
4879 4 2 20 2 2937 3313 3773 3815
4880 4 2 20 2 2879 3560 3345 3680
4881 4 2 20 2 2468 3291 3087 4013
4882 4 2 20 2 2901 3602 3532 3883
4883 4 2 20 2 854 821 856 3013
4884 4 2 20 2 3159 3710 3527 3770
4885 4 2 20 2 3101 3051 3287 3358
4886 4 2 20 2 673 720 631 3033
4887 4 2 20 2 3115 3250 3024 3432
4888 4 2 20 2 3159 3527 3495 3770
4889 4 2 20 2 1991 3614 3223 3728
4890 4 2 20 2 3070 2953 3597 3747
4891 4 2 20 2 2892 3283 3119 3528
4892 4 2 20 2 2892 3528 3123 3569
4893 4 2 20 2 2851 2961 3233 3407
4894 4 2 20 2 2890 2971 3170 3367
4895 4 2 20 2 151 113 118 3784
4896 4 2 20 2 63 72 3118 3341
4897 4 2 20 2 2977 3372 2935 4105
4898 4 2 20 2 2841 3299 3204 3464
4899 4 2 20 2 3081 3111 2975 3519
4900 4 2 20 2 47 50 10 3524
4901 4 2 20 2 2889 3184 3196 3808
4902 4 2 20 2 3054 3702 3496 3704
4903 4 2 20 2 2874 3108 3441 3699
4904 4 2 20 2 3078 3179 2872 3586
4905 4 2 20 2 1495 3162 3131 3682
4906 4 2 20 2 2969 3306 3261 3731
4907 4 2 20 2 2908 3125 2890 3170
4908 4 2 20 2 2924 3150 3113 3881
4909 4 2 20 2 2892 3040 3203 3504
4910 4 2 20 2 509 562 563 3280
4911 4 2 20 2 3129 3137 2835 3613
4912 4 2 20 2 2936 3003 3241 3400
4913 4 2 20 2 1656 3452 3217 3656
4914 4 2 20 2 2934 3457 3131 3682
4915 4 2 20 2 159 119 78 4074
4916 4 2 20 2 2842 3252 3272 3880
4917 4 2 20 2 821 823 856 3854
4918 4 2 20 2 3264 3465 2853 3946
4919 4 2 20 2 3286 3370 3308 3565
4920 4 2 20 2 1918 3039 3340 3478
4921 4 2 20 2 2902 3321 3415 3446
4922 4 2 20 2 3057 2922 3212 3493
4923 4 2 20 2 2903 3009 3210 3627
4924 4 2 20 2 2860 3263 3238 3380
4925 4 2 20 2 3495 3527 3159 3740
4926 4 2 20 2 3054 3506 3337 3696
4927 4 2 20 2 1958 1936 3028 3616
4928 4 2 20 2 1061 3473 3182 3710
4929 4 2 20 2 2835 3087 3374 3529
4930 4 2 20 2 31 63 60 3341
4931 4 2 20 2 3130 3667 3669 4029
4932 4 2 20 2 3099 3146 2841 3370
4933 4 2 20 2 878 853 879 3338
4934 4 2 20 2 3007 2864 3571 3770
4935 4 2 20 2 1892 3028 1936 3616
4936 4 2 20 2 2953 3070 3597 4093
4937 4 2 20 2 3060 3277 3404 3658
4938 4 2 20 2 3119 3134 2934 3474
4939 4 2 20 2 3576 2979 3703 3967
4940 4 2 20 2 3113 3896 3150 3968
4941 4 2 20 2 2848 3258 3383 3411
4942 4 2 20 2 1983 3484 3236 3546
4943 4 2 20 2 328 325 243 3255
4944 4 2 20 2 3126 3437 3747 3885
4945 4 2 20 2 3098 3415 2994 3446
4946 4 2 20 2 651 650 601 3417
4947 4 2 20 2 3323 3500 3142 3601
4948 4 2 20 2 3236 2922 3482 3771
4949 4 2 20 2 3024 3250 3115 3288
4950 4 2 20 2 3054 2887 3331 3496
4951 4 2 20 2 3176 2966 3429 3851
4952 4 2 20 2 1997 3547 3041 3565
4953 4 2 20 2 1911 3048 1927 3223
4954 4 2 20 2 3130 3410 1662 3555
4955 4 2 20 2 1859 3452 3314 3616
4956 4 2 20 2 1823 3039 3282 3340
4957 4 2 20 2 2922 3493 3836 3971
4958 4 2 20 2 2893 3141 2928 3142
4959 4 2 20 2 3059 2881 3444 3860
4960 4 2 20 2 2164 3368 3046 3835
4961 4 2 20 2 2892 3123 3119 3504
4962 4 2 20 2 286 369 323 3017
4963 4 2 20 2 2923 2995 3149 3949
4964 4 2 20 2 2981 3565 3370 3811
4965 4 2 20 2 2998 2939 3388 3483
4966 4 2 20 2 238 3362 3169 3388
4967 4 2 20 2 2954 3405 1833 3933
4968 4 2 20 2 2918 3193 3603 3957
4969 4 2 20 2 3152 3203 3040 3504
4970 4 2 20 2 2928 2893 3601 3948
4971 4 2 20 2 3170 3367 2971 3567
4972 4 2 20 2 3026 3356 2926 3540
4973 4 2 20 2 3064 3380 3238 3850
4974 4 2 20 2 3293 3716 3031 3860
4975 4 2 20 2 509 563 469 3280
4976 4 2 20 2 2866 3455 3264 3523
4977 4 2 20 2 1146 3344 1147 3469
4978 4 2 20 2 2101 2162 2156 3494
4979 4 2 20 2 3006 3728 3614 3790
4980 4 2 20 2 3001 3086 2982 3407
4981 4 2 20 2 525 573 482 3443
4982 4 2 20 2 2960 3165 3404 4050
4983 4 2 20 2 3396 3491 139 3794
4984 4 2 20 2 3401 3512 2203 3886
4985 4 2 20 2 3024 3521 3738 3808
4986 4 2 20 2 305 303 348 3445
4987 4 2 20 2 369 370 323 3334
4988 4 2 20 2 2965 3229 3176 3319
4989 4 2 20 2 1478 1432 3246 3342
4990 4 2 20 2 3337 3346 3054 3696
4991 4 2 20 2 1936 1984 1958 3028
4992 4 2 20 2 3095 3237 1480 3440
4993 4 2 20 2 711 712 715 3847
4994 4 2 20 2 2845 3529 3291 3976
4995 4 2 20 2 3104 3300 2958 3377
4996 4 2 20 2 3456 3517 3358 3757
4997 4 2 20 2 3236 3484 3057 3546
4998 4 2 20 2 1128 1106 1081 1105
4999 4 2 20 2 956 881 920 3544
5000 4 2 20 2 1906 3683 3100 3927
5001 4 2 20 2 2879 3779 3258 3869
5002 4 2 20 2 3330 3420 2955 4022
5003 4 2 20 2 3060 3330 3277 3658
5004 4 2 20 2 1949 3616 3028 3930
5005 4 2 20 2 3099 3308 3286 3370
5006 4 2 20 2 3263 3295 3046 3928
5007 4 2 20 2 3059 2881 3860 4057
5008 4 2 20 2 2865 2939 3118 3533
5009 4 2 20 2 3101 3051 3358 3645
5010 4 2 20 2 1429 1451 1343 3203
5011 4 2 20 2 2892 3283 3528 3641
5012 4 2 20 2 240 241 285 3559
5013 4 2 20 2 2936 3241 3003 3402
5014 4 2 20 2 2958 3272 3252 3880
5015 4 2 20 2 393 394 481 3155
5016 4 2 20 2 2882 3375 3493 3867
5017 4 2 20 2 194 3490 3153 4028
5018 4 2 20 2 2835 3137 3129 3830
5019 4 2 20 2 2960 3182 3454 3548
5020 4 2 20 2 2025 3484 3418 3792
5021 4 2 20 2 3456 3732 3517 3757
5022 4 2 20 2 1388 3181 1262 3344
5023 4 2 20 2 2864 3719 3359 4008
5024 4 2 20 2 2852 3021 2905 3741
5025 4 2 20 2 2878 3034 3069 3075
5026 4 2 20 2 217 169 263 3749
5027 4 2 20 2 3137 3186 2978 3739
5028 4 2 20 2 2933 3717 3059 3860
5029 4 2 20 2 612 482 573 2973
5030 4 2 20 2 3022 3571 2864 3770
5031 4 2 20 2 3126 3346 3393 3829
5032 4 2 20 2 1709 3303 3191 3639
5033 4 2 20 2 3282 3340 3039 3517
5034 4 2 20 2 3048 3223 1900 3558
5035 4 2 20 2 3179 2872 3586 3908
5036 4 2 20 2 2846 2969 3188 3805
5037 4 2 20 2 3263 3929 3295 3930
5038 4 2 20 2 2937 3773 3279 3815
5039 4 2 20 2 3159 3495 3710 3770
5040 4 2 20 2 2920 3346 3289 3393
5041 4 2 20 2 1388 1319 1262 3181
5042 4 2 20 2 2969 2846 3592 3805
5043 4 2 20 2 3060 3404 3277 3799
5044 4 2 20 2 153 156 116 3631
5045 4 2 20 2 1848 3048 1900 3558
5046 4 2 20 2 3040 3504 3119 3615
5047 4 2 20 2 252 253 297 3336
5048 4 2 20 2 2974 3189 3096 3399
5049 4 2 20 2 427 259 428 3990
5050 4 2 20 2 1432 3181 1454 3246
5051 4 2 20 2 2837 3113 3150 3881
5052 4 2 20 2 3081 3487 3111 3589
5053 4 2 20 2 2969 3261 3563 3904
5054 4 2 20 2 3108 3025 3287 3335
5055 4 2 20 2 2986 3285 3702 3704
5056 4 2 20 2 2918 3603 3390 3957
5057 4 2 20 2 2945 3156 3889 4024
5058 4 2 20 2 694 606 657 3318
5059 4 2 20 2 111 114 113 3574
5060 4 2 20 2 1322 3209 3303 3429
5061 4 2 20 2 3111 3222 1426 3518
5062 4 2 20 2 1892 3314 3028 3616
5063 4 2 20 2 2841 3146 3099 3464
5064 4 2 20 2 2842 3252 3122 3272
5065 4 2 20 2 3046 3248 3368 3678
5066 4 2 20 2 3188 3305 2969 3731
5067 4 2 20 2 1365 1367 3079 3828
5068 4 2 20 2 3059 3688 3198 3700
5069 4 2 20 2 2889 3499 3184 4012
5070 4 2 20 2 3019 2937 3395 3583
5071 4 2 20 2 2901 3374 3602 3883
5072 4 2 20 2 2876 3220 3407 3648
5073 4 2 20 2 3036 3180 2907 3620
5074 4 2 20 2 2944 3634 3617 3781
5075 4 2 20 2 2981 3565 1693 3596
5076 4 2 20 2 376 424 464 3633
5077 4 2 20 2 3198 3199 2246 3688
5078 4 2 20 2 1715 3300 2981 3596
5079 4 2 20 2 3060 3548 3495 3799
5080 4 2 20 2 2893 3188 3601 3731
5081 4 2 20 2 2887 3702 3554 4101
5082 4 2 20 2 3512 3564 3062 3604
5083 4 2 20 2 373 3447 335 3795
5084 4 2 20 2 2851 2906 3086 3407
5085 4 2 20 2 3091 3617 2881 4057
5086 4 2 20 2 3378 3652 3056 3883
5087 4 2 20 2 2936 3143 3126 3400
5088 4 2 20 2 3024 3432 3363 3746
5089 4 2 20 2 2920 3126 3346 3393
5090 4 2 20 2 3420 3570 2955 4023
5091 4 2 20 2 2918 3360 3193 3957
5092 4 2 20 2 3289 3640 3091 3687
5093 4 2 20 2 3323 3601 2893 3758
5094 4 2 20 2 3421 3476 3058 3708
5095 4 2 20 2 2898 3142 3323 3500
5096 4 2 20 2 2933 3287 2886 3720
5097 4 2 20 2 3146 3755 2903 3944
5098 4 2 20 2 2966 3639 3429 3851
5099 4 2 20 2 2337 3564 3512 3604
5100 4 2 20 2 3176 3517 3340 4030
5101 4 2 20 2 3079 1367 3800 3828
5102 4 2 20 2 3385 3629 3218 3904
5103 4 2 20 2 3277 3404 2960 3799
5104 4 2 20 2 2958 3377 3300 3943
5105 4 2 20 2 38 39 83 3974
5106 4 2 20 2 3331 3496 2887 4093
5107 4 2 20 2 3048 1927 3223 3728
5108 4 2 20 2 123 80 79 3780
5109 4 2 20 2 3277 3473 3454 4050
5110 4 2 20 2 2835 3830 3129 4080
5111 4 2 20 2 1509 3433 3068 3810
5112 4 2 20 2 3048 3223 3580 3728
5113 4 2 20 2 112 3574 3341 3914
5114 4 2 20 2 2967 3123 3528 3569
5115 4 2 20 2 767 632 720 3621
5116 4 2 20 2 3058 3476 3421 3723
5117 4 2 20 2 3285 3457 3437 3998
5118 4 2 20 2 2832 3622 3211 3849
5119 4 2 20 2 2987 3273 1597 3672
5120 4 2 20 2 3277 3404 3165 4050
5121 4 2 20 2 3527 3740 3240 3940
5122 4 2 20 2 1201 3458 1261 3786
5123 4 2 20 2 3070 3289 2991 3346
5124 4 2 20 2 2889 3184 3183 4012
5125 4 2 20 2 238 241 240 3559
5126 4 2 20 2 1892 1936 1876 3616
5127 4 2 20 2 3070 3120 2980 3597
5128 4 2 20 2 2958 3252 3125 3880
5129 4 2 20 2 2852 2905 3430 3741
5130 4 2 20 2 3143 3242 2936 3965
5131 4 2 20 2 2162 3676 3019 4016
5132 4 2 20 2 2992 3850 3401 4040
5133 4 2 20 2 694 692 606 3318
5134 4 2 20 2 113 109 3309 3388
5135 4 2 20 2 3421 3708 3058 3723
5136 4 2 20 2 896 902 900 4107
5137 4 2 20 2 1352 3229 1439 3644
5138 4 2 20 2 3496 3702 3285 3704
5139 4 2 20 2 3100 3379 3286 3927
5140 4 2 20 2 3096 3189 2974 3612
5141 4 2 20 2 678 592 644 3249
5142 4 2 20 2 3373 3958 3456 3973
5143 4 2 20 2 1322 3429 3303 3639
5144 4 2 20 2 2889 3196 3184 3499
5145 4 2 20 2 3143 2936 3315 3965
5146 4 2 20 2 3046 3295 3263 4085
5147 4 2 20 2 3201 3455 3012 3507
5148 4 2 20 2 2928 3141 2893 3948
5149 4 2 20 2 2885 3422 3306 3566
5150 4 2 20 2 3119 3615 3504 3756
5151 4 2 20 2 2894 3032 3422 3550
5152 4 2 20 2 2897 3086 3001 3407
5153 4 2 20 2 2965 3319 3176 3517
5154 4 2 20 2 2894 3422 3045 3550
5155 4 2 20 2 3345 3560 3381 3680
5156 4 2 20 2 1699 3260 3217 3452
5157 4 2 20 2 26 31 60 3438
5158 4 2 20 2 2937 3313 3191 3558
5159 4 2 20 2 2923 3200 2995 3949
5160 4 2 20 2 194 3147 3490 4028
5161 4 2 20 2 2949 3303 3181 3831
5162 4 2 20 2 3099 3370 3286 4087
5163 4 2 20 2 3289 3346 3070 3393
5164 4 2 20 2 2926 3356 3026 3707
5165 4 2 20 2 2857 3023 3228 3651
5166 4 2 20 2 3041 3370 3286 3565
5167 4 2 20 2 1676 3565 3308 3596
5168 4 2 20 2 2468 2462 3291 4013
5169 4 2 20 2 2960 3454 3277 3548
5170 4 2 20 2 213 3010 171 3545
5171 4 2 20 2 1454 3181 3083 3246
5172 4 2 20 2 2879 3258 3345 3560
5173 4 2 20 2 2926 3026 3540 3707
5174 4 2 20 2 3131 3457 3081 3682
5175 4 2 20 2 3308 3370 2981 3565
5176 4 2 20 2 2953 3070 3496 3829
5177 4 2 20 2 3046 3248 3678 3722
5178 4 2 20 2 3070 3747 3393 3829
5179 4 2 20 2 2079 2145 3046 3928
5180 4 2 20 2 1801 3584 2954 3932
5181 4 2 20 2 119 3914 78 4074
5182 4 2 20 2 2945 3826 3156 4024
5183 4 2 20 2 2200 3019 2162 3676
5184 4 2 20 2 76 72 63 3341
5185 4 2 20 2 2881 3029 3399 3797
5186 4 2 20 2 1916 3282 3039 3494
5187 4 2 20 2 3340 3517 3282 4030
5188 4 2 20 2 2960 3404 3277 4050
5189 4 2 20 2 3119 3040 3842 3926
5190 4 2 20 2 3432 3693 3363 3746
5191 4 2 20 2 2836 2990 3337 3761
5192 4 2 20 2 2870 2917 3038 3428
5193 4 2 20 2 2883 3367 3030 3895
5194 4 2 20 2 3337 3346 2836 3704
5195 4 2 20 2 180 178 141 3491
5196 4 2 20 2 1493 1470 3131 3470
5197 4 2 20 2 1255 3816 3391 4050
5198 4 2 20 2 3528 3569 2892 3641
5199 4 2 20 2 3204 3464 3269 3817
5200 4 2 20 2 373 418 335 3447
5201 4 2 20 2 3421 3476 3068 3723
5202 4 2 20 2 3145 3487 3267 3845
5203 4 2 20 2 2835 3096 3917 4073
5204 4 2 20 2 3072 3467 3410 3909
5205 4 2 20 2 231 3147 232 3202
5206 4 2 20 2 3165 3404 3277 3608
5207 4 2 20 2 3054 3227 2887 3554
5208 4 2 20 2 3345 3381 2941 3680
5209 4 2 20 2 2895 2940 2847 3138
5210 4 2 20 2 530 533 531 3352
5211 4 2 20 2 3064 3211 2992 3668
5212 4 2 20 2 3181 3246 1432 3442
5213 4 2 20 2 3393 3747 3126 3829
5214 4 2 20 2 1367 1383 3079 3800
5215 4 2 20 2 3178 3444 3059 3687
5216 4 2 20 2 1711 3316 3321 3415
5217 4 2 20 2 1936 3028 1892 4063
5218 4 2 20 2 3002 3140 3450 3929
5219 4 2 20 2 2953 3437 3285 3457
5220 4 2 20 2 652 602 604 2972
5221 4 2 20 2 2875 2842 2943 3154
5222 4 2 20 2 227 276 313 3384
5223 4 2 20 2 2986 3383 3298 4108
5224 4 2 20 2 2840 3550 3032 3605
5225 4 2 20 2 2999 3000 2927 3214
5226 4 2 20 2 1221 1262 3181 3344
5227 4 2 20 2 854 763 821 3339
5228 4 2 20 2 3329 3366 3075 3794
5229 4 2 20 2 3134 3423 3747 3885
5230 4 2 20 2 2838 3268 3210 3379
5231 4 2 20 2 268 308 351 3862
5232 4 2 20 2 3113 3349 3150 3896
5233 4 2 20 2 2200 2156 2162 3019
5234 4 2 20 2 3576 3703 3665 3967
5235 4 2 20 2 1576 3162 3273 3821
5236 4 2 20 2 2848 3560 3258 3869
5237 4 2 20 2 2874 3358 3282 3517
5238 4 2 20 2 3356 3363 2926 3540
5239 4 2 20 2 3134 3423 2953 3747
5240 4 2 20 2 2911 3086 2851 4055
5241 4 2 20 2 2200 3480 3019 3676
5242 4 2 20 2 3165 2975 3404 3608
5243 4 2 20 2 72 3118 3112 3309
5244 4 2 20 2 209 165 3270 3606
5245 4 2 20 2 1718 3100 1774 3959
5246 4 2 20 2 3108 3287 3025 3699
5247 4 2 20 2 3057 3484 2922 3493
5248 4 2 20 2 3113 3349 3175 3575
5249 4 2 20 2 171 131 3329 3626
5250 4 2 20 2 2841 3204 3475 3690
5251 4 2 20 2 3358 3456 2965 3517
5252 4 2 20 2 2874 3287 3108 3699
5253 4 2 20 2 2991 3289 3265 3346
5254 4 2 20 2 3064 3380 3925 4042
5255 4 2 20 2 3082 2938 3810 3900
5256 4 2 20 2 1918 1882 1955 3478
5257 4 2 20 2 2862 2903 3755 3944
5258 4 2 20 2 2848 3258 3205 3869
5259 4 2 20 2 1544 1580 1522 3440
5260 4 2 20 2 3433 3810 2938 3900
5261 4 2 20 2 3277 2975 3404 3658
5262 4 2 20 2 208 299 254 3633
5263 4 2 20 2 3054 3554 3702 3704
5264 4 2 20 2 3278 3521 3242 3612
5265 4 2 20 2 3236 3771 3482 3884
5266 4 2 20 2 3032 3566 3284 3863
5267 4 2 20 2 3097 3707 3163 3973
5268 4 2 20 2 2909 3118 3034 3207
5269 4 2 20 2 2993 3420 3330 4022
5270 4 2 20 2 5 1 4 3754
5271 4 2 20 2 3039 2966 3340 3819
5272 4 2 20 2 2981 3300 1791 3752
5273 4 2 20 2 3100 3683 3379 3927
5274 4 2 20 2 182 274 183 3735
5275 4 2 20 2 1235 1231 1237 3072
5276 4 2 20 2 2894 3422 3032 3802
5277 4 2 20 2 1545 1584 3237 3502
5278 4 2 20 2 3119 3842 3283 3926
5279 4 2 20 2 2881 3687 3091 4057
5280 4 2 20 2 3373 3888 3177 4023
5281 4 2 20 2 2942 3125 2908 3955
5282 4 2 20 2 2832 3211 3663 3849
5283 4 2 20 2 2920 3289 3265 3797
5284 4 2 20 2 3051 3101 3659 3812
5285 4 2 20 2 2285 3059 3198 3700
5286 4 2 20 2 2986 3162 3161 3383
5287 4 2 20 2 3034 3118 3425 3533
5288 4 2 20 2 2835 3529 2858 3916
5289 4 2 20 2 3182 3473 3454 3548
5290 4 2 20 2 2874 3279 3251 3441
5291 4 2 20 2 3237 3440 3095 3576
5292 4 2 20 2 2838 2903 3146 3755
5293 4 2 20 2 3237 3576 3095 3674
5294 4 2 20 2 2408 2422 2397 3604
5295 4 2 20 2 2865 3118 2909 3207
5296 4 2 20 2 3277 3330 2975 3658
5297 4 2 20 2 3134 3437 3457 3998
5298 4 2 20 2 1577 3410 1662 3909
5299 4 2 20 2 2992 3668 3401 3850
5300 4 2 20 2 3303 3403 3181 3662
5301 4 2 20 2 1426 3222 3111 3701
5302 4 2 20 2 1791 2981 1715 3300
5303 4 2 20 2 1964 1997 3041 3927
5304 4 2 20 2 2851 3375 3484 3792
5305 4 2 20 2 3617 3634 3091 3781
5306 4 2 20 2 2894 3045 3422 3802
5307 4 2 20 2 251 293 295 3795
5308 4 2 20 2 2876 3388 3305 3483
5309 4 2 20 2 2283 2246 3198 3199
5310 4 2 20 2 3181 3403 2949 4008
5311 4 2 20 2 689 649 650 3954
5312 4 2 20 2 2967 3149 3128 3628
5313 4 2 20 2 1236 1327 1250 3072
5314 4 2 20 2 3123 3481 3301 3569
5315 4 2 20 2 2841 3204 3299 3475
5316 4 2 20 2 107 111 113 3309
5317 4 2 20 2 3229 3319 2965 3456
5318 4 2 20 2 2994 3415 3098 3877
5319 4 2 20 2 3024 3738 3382 3808
5320 4 2 20 2 3131 3470 1470 3624
5321 4 2 20 2 3054 3070 3346 3496
5322 4 2 20 2 3266 2941 3381 3680
5323 4 2 20 2 2975 3519 3111 4082
5324 4 2 20 2 2977 3372 3066 3447
5325 4 2 20 2 1906 1856 1813 3100
5326 4 2 20 2 2835 3374 3275 3529
5327 4 2 20 2 2937 3191 3815 3819
5328 4 2 20 2 2897 3001 2866 3407
5329 4 2 20 2 1949 3028 2014 3930
5330 4 2 20 2 2840 3032 3550 3863
5331 4 2 20 2 2101 2073 2162 3494
5332 4 2 20 2 3131 3624 1470 3816
5333 4 2 20 2 2991 3070 3054 3938
5334 4 2 20 2 2975 3487 3081 3589
5335 4 2 20 2 3456 3958 3319 3973
5336 4 2 20 2 335 3447 3372 3795
5337 4 2 20 2 1949 1958 2014 3028
5338 4 2 20 2 2953 3457 3081 3589
5339 4 2 20 2 1923 1832 1922 3236
5340 4 2 20 2 3251 3441 3279 3693
5341 4 2 20 2 1964 3041 2041 3379
5342 4 2 20 2 2920 3056 3652 3883
5343 4 2 20 2 2843 3263 3262 3835
5344 4 2 20 2 3159 3740 3527 3940
5345 4 2 20 2 3282 3358 3051 3645
5346 4 2 20 2 2881 3617 3091 3781
5347 4 2 20 2 3112 3118 72 3341
5348 4 2 20 2 2245 3198 2272 3512
5349 4 2 20 2 3012 2255 3200 3813
5350 4 2 20 2 208 256 299 3633
5351 4 2 20 2 2933 3317 3287 3720
5352 4 2 20 2 2864 3319 3163 3931
5353 4 2 20 2 877 2368 874 849
5354 4 2 20 2 3441 3693 3251 3699
5355 4 2 20 2 3120 3597 3070 4093
5356 4 2 20 2 3401 2203 3668 3886
5357 4 2 20 2 3221 3407 2851 3792
5358 4 2 20 2 2464 3087 3327 3508
5359 4 2 20 2 3347 3323 3758 3910
5360 4 2 20 2 3184 3499 3183 4012
5361 4 2 20 2 3051 3645 3101 3812
5362 4 2 20 2 3183 3499 3184 3790
5363 4 2 20 2 2961 3481 3166 3840
5364 4 2 20 2 2015 3140 3930 4063
5365 4 2 20 2 2848 3737 3162 3910
5366 4 2 20 2 2901 3532 3374 3883
5367 4 2 20 2 1710 1670 1615 3316
5368 4 2 20 2 2931 3347 3323 3758
5369 4 2 20 2 1991 2067 2086 3728
5370 4 2 20 2 2162 3019 2072 4016
5371 4 2 20 2 178 139 141 3491
5372 4 2 20 2 3002 3175 2884 3230
5373 4 2 20 2 3323 2898 3500 3864
5374 4 2 20 2 2874 3441 3108 3757
5375 4 2 20 2 3024 3432 3250 4027
5376 4 2 20 2 2923 3149 3011 3949
5377 4 2 20 2 3054 3496 3346 3829
5378 4 2 20 2 3277 3404 2975 3608
5379 4 2 20 2 1791 3547 2981 3752
5380 4 2 20 2 2874 3441 3251 3699
5381 4 2 20 2 3070 3393 3346 3829
5382 4 2 20 2 2991 3054 3346 3696
5383 4 2 20 2 2850 3015 3212 3366
5384 4 2 20 2 3286 3370 3041 3755
5385 4 2 20 2 3128 3149 2967 3250
5386 4 2 20 2 2978 3186 3137 3738
5387 4 2 20 2 263 262 3445 3749
5388 4 2 20 2 2986 3466 3383 4108
5389 4 2 20 2 1876 3314 1892 3616
5390 4 2 20 2 2939 3118 3112 3758
5391 4 2 20 2 2909 2865 3269 3347
5392 4 2 20 2 2910 3229 3456 3958
5393 4 2 20 2 2868 3372 2977 4105
5394 4 2 20 2 2937 3815 3279 3819
5395 4 2 20 2 3119 3283 2892 3926
5396 4 2 20 2 2883 3202 2907 4062
5397 4 2 20 2 3002 2884 3175 3450
5398 4 2 20 2 1486 3429 3639 3851
5399 4 2 20 2 1372 3324 3072 3433
5400 4 2 20 2 3028 3314 1892 4063
5401 4 2 20 2 3178 3640 3289 3687
5402 4 2 20 2 2958 3752 3677 3943
5403 4 2 20 2 3241 3400 3003 3500
5404 4 2 20 2 3100 3546 1874 3959
5405 4 2 20 2 3104 3377 2958 3509
5406 4 2 20 2 3291 3529 2904 3976
5407 4 2 20 2 3024 3157 3521 3808
5408 4 2 20 2 2832 3709 3355 3849
5409 4 2 20 2 1906 3100 1887 3927
5410 4 2 20 2 3122 3252 2958 3272
5411 4 2 20 2 2909 2865 3207 3269
5412 4 2 20 2 3135 3344 1114 3469
5413 4 2 20 2 3096 2835 3613 3992
5414 4 2 20 2 1678 3286 3099 3308
5415 4 2 20 2 2953 3304 3457 3589
5416 4 2 20 2 3354 3836 2989 3971
5417 4 2 20 2 3242 3315 2936 3965
5418 4 2 20 2 3323 3052 3758 3910
5419 4 2 20 2 2969 3261 3592 3731
5420 4 2 20 2 1201 3695 3458 3786
5421 4 2 20 2 2838 2903 3366 3953
5422 4 2 20 2 3319 3517 3456 3732
5423 4 2 20 2 3047 3390 2918 3406
5424 4 2 20 2 2923 3011 3200 3949
5425 4 2 20 2 2014 3028 1984 3930
5426 4 2 20 2 2928 3601 3731 3948
5427 4 2 20 2 2966 3039 3340 3517
5428 4 2 20 2 3040 3504 3615 3624
5429 4 2 20 2 2866 3221 2897 3407
5430 4 2 20 2 2876 3407 3233 3648
5431 4 2 20 2 2885 3422 3032 3550
5432 4 2 20 2 2933 3031 3717 3860
5433 4 2 20 2 63 72 64 4010
5434 4 2 20 2 582 537 535 3791
5435 4 2 20 2 2953 3134 3437 3457
5436 4 2 20 2 1479 1480 3095 3636
5437 4 2 20 2 3319 3456 3229 3958
5438 4 2 20 2 3058 3273 3162 3821
5439 4 2 20 2 3140 3028 3929 3930
5440 4 2 20 2 2933 3059 3717 3852
5441 4 2 20 2 3454 3473 3277 3548
5442 4 2 20 2 2850 3010 2888 3071
5443 4 2 20 2 3123 3592 2846 3805
5444 4 2 20 2 3216 3571 3135 3660
5445 4 2 20 2 1479 1500 1431 3095
5446 4 2 20 2 2995 3822 3149 3949
5447 4 2 20 2 3086 3407 2897 3792
5448 4 2 20 2 3337 3761 2990 4117
5449 4 2 20 2 1201 1261 3695 3786
5450 4 2 20 2 738 686 739 3686
5451 4 2 20 2 3087 2835 3374 3917
5452 4 2 20 2 3046 3263 2214 3835
5453 4 2 20 2 2864 3495 3022 3770
5454 4 2 20 2 3321 3415 2994 3877
5455 4 2 20 2 2864 3097 3359 3719
5456 4 2 20 2 3163 3707 3027 3973
5457 4 2 20 2 3113 3450 3175 4003
5458 4 2 20 2 2936 3315 3242 3328
5459 4 2 20 2 3111 3589 2887 3702
5460 4 2 20 2 1906 1966 3683 3927
5461 4 2 20 2 3250 2967 3641 4059
5462 4 2 20 2 1930 3098 3415 3877
5463 4 2 20 2 2846 3188 2969 3731
5464 4 2 20 2 3309 3425 3118 3533
5465 4 2 20 2 3112 3118 2939 3309
5466 4 2 20 2 1479 1500 3095 3440
5467 4 2 20 2 3176 3319 3229 3429
5468 4 2 20 2 63 3118 60 3341
5469 4 2 20 2 3157 3435 2974 3969
5470 4 2 20 2 3046 3368 3248 3835
5471 4 2 20 2 2953 3597 3120 4093
5472 4 2 20 2 2968 2876 3169 3388
5473 4 2 20 2 856 823 858 3854
5474 4 2 20 2 2937 3796 3395 3819
5475 4 2 20 2 2842 2964 2943 3154
5476 4 2 20 2 3286 3379 3041 3927
5477 4 2 20 2 3060 3495 3548 3740
5478 4 2 20 2 2921 3163 3516 3773
5479 4 2 20 2 2185 2148 2223 3350
5480 4 2 20 2 2922 3236 3117 3484
5481 4 2 20 2 3034 3207 3118 3533
5482 4 2 20 2 1459 3324 1372 3433
5483 4 2 20 2 3372 3635 335 3795
5484 4 2 20 2 3130 3467 2938 3866
5485 4 2 20 2 1807 2981 1791 3547
5486 4 2 20 2 3052 3601 3323 3758
5487 4 2 20 2 482 436 481 3322
5488 4 2 20 2 3108 3287 2874 3757
5489 4 2 20 2 2835 3087 3529 3916
5490 4 2 20 2 1301 3467 3072 3909
5491 4 2 20 2 3072 3324 1325 3410
5492 4 2 20 2 2866 3264 3855 4024
5493 4 2 20 2 3264 3455 3012 3523
5494 4 2 20 2 3200 3201 3012 3507
5495 4 2 20 2 2234 2283 3198 3199
5496 4 2 20 2 674 672 587 3348
5497 4 2 20 2 2920 3126 3143 3652
5498 4 2 20 2 2864 3163 3403 3931
5499 4 2 20 2 2094 3172 3379 3489
5500 4 2 20 2 3065 3088 3015 3491
5501 4 2 20 2 3096 3399 3189 3781
5502 4 2 20 2 582 3392 537 3791
5503 4 2 20 2 3211 3401 2992 3668
5504 4 2 20 2 1165 3527 3240 3940
5505 4 2 20 2 2909 2931 2865 3347
5506 4 2 20 2 3300 3377 3104 3902
5507 4 2 20 2 2978 3739 3485 3906
5508 4 2 20 2 2926 3163 3441 3773
5509 4 2 20 2 1301 3072 3410 3909
5510 4 2 20 2 3126 3143 2936 3885
5511 4 2 20 2 2922 3820 3354 3836
5512 4 2 20 2 3059 3178 3687 3688
5513 4 2 20 2 131 213 212 3626
5514 4 2 20 2 2864 3007 3495 3770
5515 4 2 20 2 2870 3038 2900 3428
5516 4 2 20 2 3100 2838 3286 3379
5517 4 2 20 2 3099 3146 3370 4087
5518 4 2 20 2 1495 3518 3162 3682
5519 4 2 20 2 613 575 574 3542
5520 4 2 20 2 3134 3457 2934 3998
5521 4 2 20 2 1711 1710 1671 3316
5522 4 2 20 2 2930 3629 3671 3951
5523 4 2 20 2 2838 2903 3268 3366
5524 4 2 20 2 2932 2862 3009 3107
5525 4 2 20 2 552 554 503 3447
5526 4 2 20 2 2872 3078 2896 4042
5527 4 2 20 2 3081 3589 3111 3702
5528 4 2 20 2 3159 3548 3495 3740
5529 4 2 20 2 3046 3722 3262 3835
5530 4 2 20 2 325 369 286 3017
5531 4 2 20 2 1662 3410 3130 3909
5532 4 2 20 2 2974 3242 3521 3612
5533 4 2 20 2 3119 3504 3123 3756
5534 4 2 20 2 1090 3182 1061 4046
5535 4 2 20 2 2979 3095 3440 3576
5536 4 2 20 2 1966 3379 3683 3927
5537 4 2 20 2 3191 3303 1709 3662
5538 4 2 20 2 1544 3237 1580 3440
5539 4 2 20 2 3028 3616 3928 3930
5540 4 2 20 2 3099 3286 1735 4104
5541 4 2 20 2 3182 3458 3454 4046
5542 4 2 20 2 3272 3677 2958 3752
5543 4 2 20 2 632 631 720 4015
5544 4 2 20 2 2840 3550 3284 3863
5545 4 2 20 2 3040 3203 3152 3625
5546 4 2 20 2 3131 3457 2934 3842
5547 4 2 20 2 1480 3237 3095 3636
5548 4 2 20 2 1732 2981 1693 3596
5549 4 2 20 2 2844 3368 3678 3873
5550 4 2 20 2 2180 3248 3063 3368
5551 4 2 20 2 1727 1802 1848 3048
5552 4 2 20 2 3425 3533 3309 4009
5553 4 2 20 2 3233 3493 3375 3867
5554 4 2 20 2 242 194 3147 3490
5555 4 2 20 2 3212 3366 3015 4090
5556 4 2 20 2 3054 2887 3227 3331
5557 4 2 20 2 2921 3083 3403 4008
5558 4 2 20 2 2890 3125 2908 3793
5559 4 2 20 2 73 77 3074 3631
5560 4 2 20 2 1264 3536 3502 4103
5561 4 2 20 2 3315 3328 2936 3885
5562 4 2 20 2 2891 3156 2945 3826
5563 4 2 20 2 171 3010 213 3626
5564 4 2 20 2 231 318 281 3498
5565 4 2 20 2 2898 3323 3560 3864
5566 4 2 20 2 521 476 482 3618
5567 4 2 20 2 3130 2938 3301 3866
5568 4 2 20 2 2994 3446 3321 3522
5569 4 2 20 2 3025 3693 3441 3699
5570 4 2 20 2 3157 3196 2889 3419
5571 4 2 20 2 3504 3615 2948 3756
5572 4 2 20 2 2967 3569 3528 3641
5573 4 2 20 2 1385 1386 1453 3845
5574 4 2 20 2 3027 3319 3163 3973
5575 4 2 20 2 3099 2841 3464 3646
5576 4 2 20 2 3091 3289 3687 3797
5577 4 2 20 2 2864 3403 3719 4008
5578 4 2 20 2 795 825 863 4019
5579 4 2 20 2 2072 3019 3494 4016
5580 4 2 20 2 2961 3166 2930 3385
5581 4 2 20 2 2935 3192 3635 4035
5582 4 2 20 2 2922 3484 3117 3493
5583 4 2 20 2 1045 3135 1114 3469
5584 4 2 20 2 3159 3495 3007 3710
5585 4 2 20 2 217 263 3713 3749
5586 4 2 20 2 3162 3518 3466 3682
5587 4 2 20 2 3207 3354 2989 3971
5588 4 2 20 2 3057 3212 3484 3493
5589 4 2 20 2 2962 3280 3488 3689
5590 4 2 20 2 1324 3072 1325 3410
5591 4 2 20 2 2878 3069 3034 3243
5592 4 2 20 2 3085 2871 3270 3769
5593 4 2 20 2 2983 3427 3171 4038
5594 4 2 20 2 2966 3039 3517 3819
5595 4 2 20 2 2245 3199 3198 3512
5596 4 2 20 2 2957 3579 3256 3762
5597 4 2 20 2 3081 3457 3304 3589
5598 4 2 20 2 2997 3516 3246 3719
5599 4 2 20 2 3173 3482 3493 3836
5600 4 2 20 2 1509 3810 3068 3950
5601 4 2 20 2 1069 3007 1093 3673
5602 4 2 20 2 2933 3287 3317 3579
5603 4 2 20 2 2921 3181 3083 4008
5604 4 2 20 2 1104 1097 1100 3216
5605 4 2 20 2 237 232 3147 4028
5606 4 2 20 2 3078 3296 2832 3355
5607 4 2 20 2 3144 3625 3203 3926
5608 4 2 20 2 3285 2934 3457 3998
5609 4 2 20 2 2882 2939 2998 3867
5610 4 2 20 2 2464 3276 3087 3508
5611 4 2 20 2 3402 3551 3284 3566
5612 4 2 20 2 125 167 3270 3626
5613 4 2 20 2 3012 3156 2255 3813
5614 4 2 20 2 3800 3845 3050 3911
5615 4 2 20 2 3101 2007 3659 3812
5616 4 2 20 2 2865 3118 3207 3533
5617 4 2 20 2 827 799 826 3510
5618 4 2 20 2 3025 3287 3335 3912
5619 4 2 20 2 3082 2938 3900 3901
5620 4 2 20 2 2921 3403 3181 4008
5621 4 2 20 2 3602 3684 3532 3883
5622 4 2 20 2 2961 2930 3218 3385
5623 4 2 20 2 1429 1343 3144 3203
5624 4 2 20 2 2910 3740 3373 4023
5625 4 2 20 2 1576 3273 1609 3821
5626 4 2 20 2 3028 3928 3295 3930
5627 4 2 20 2 2968 2876 3305 3563
5628 4 2 20 2 3302 3420 2955 4023
5629 4 2 20 2 2890 3170 3150 3367
5630 4 2 20 2 2907 3036 3567 3779
5631 4 2 20 2 2898 3595 3500 3864
5632 4 2 20 2 2835 3917 3477 4073
5633 4 2 20 2 2884 3337 3506 3696
5634 4 2 20 2 2986 3162 3383 3466
5635 4 2 20 2 130 3225 46 4078
5636 4 2 20 2 2215 3263 2860 3534
5637 4 2 20 2 2987 3299 3204 3475
5638 4 2 20 2 2912 3293 3561 3903
5639 4 2 20 2 228 3231 3498 3735
5640 4 2 20 2 2969 3805 3483 3834
5641 4 2 20 2 31 3341 3118 3438
5642 4 2 20 2 3115 3432 3024 3746
5643 4 2 20 2 2848 3347 3323 3560
5644 4 2 20 2 2966 3478 3340 3819
5645 4 2 20 2 3248 3368 2180 3835
5646 4 2 20 2 3189 3315 2920 3399
5647 4 2 20 2 2953 3496 3070 4093
5648 4 2 20 2 766 720 719 3033
5649 4 2 20 2 2949 3135 3571 3660
5650 4 2 20 2 3054 2991 3506 3696
5651 4 2 20 2 955 919 951 3164
5652 4 2 20 2 3279 3517 3039 3819
5653 4 2 20 2 140 141 139 3396
5654 4 2 20 2 1479 1480 1522 3440
5655 4 2 20 2 3039 3517 3279 3796
5656 4 2 20 2 3177 3297 2863 3777
5657 4 2 20 2 141 139 3396 3491
5658 4 2 20 2 2887 3227 3145 3878
5659 4 2 20 2 3131 3682 3162 3939
5660 4 2 20 2 3137 3332 3186 3739
5661 4 2 20 2 3029 3444 3178 3797
5662 4 2 20 2 2902 3321 3446 3522
5663 4 2 20 2 3145 3050 3800 3845
5664 4 2 20 2 3129 3137 3613 3774
5665 4 2 20 2 2889 3196 3157 3808
5666 4 2 20 2 3125 3170 2908 3955
5667 4 2 20 2 2985 2946 3243 3759
5668 4 2 20 2 1451 1430 1452 3203
5669 4 2 20 2 2864 3163 3097 3719
5670 4 2 20 2 2903 3730 3146 3944
5671 4 2 20 2 1238 1252 1235 3072
5672 4 2 20 2 951 980 955 3426
5673 4 2 20 2 140 139 138 3396
5674 4 2 20 2 3064 3380 3850 3925
5675 4 2 20 2 1695 3099 1735 4104
5676 4 2 20 2 3289 3393 3070 3497
5677 4 2 20 2 3361 3433 2938 3900
5678 4 2 20 2 3314 3452 1859 3979
5679 4 2 20 2 3367 3567 3170 3896
5680 4 2 20 2 2874 3282 3051 3796
5681 4 2 20 2 749 692 694 2972
5682 4 2 20 2 3563 3904 3261 3946
5683 4 2 20 2 3113 2924 3827 3968
5684 4 2 20 2 220 221 175 3545
5685 4 2 20 2 3162 3466 2986 3682
5686 4 2 20 2 3566 3592 3261 3731
5687 4 2 20 2 2990 3346 3337 3696
5688 4 2 20 2 3101 3645 2007 3812
5689 4 2 20 2 2868 2977 3066 3602
5690 4 2 20 2 2865 3347 3758 3910
5691 4 2 20 2 3408 3669 3667 4029
5692 4 2 20 2 2994 3645 3358 3775
5693 4 2 20 2 2889 3124 3499 4012
5694 4 2 20 2 3210 3379 3268 3489
5695 4 2 20 2 3185 3365 1845 3451
5696 4 2 20 2 74 68 34 3341
5697 4 2 20 2 2920 3143 3126 3315
5698 4 2 20 2 2888 3010 3106 3642
5699 4 2 20 2 2851 2961 3407 3556
5700 4 2 20 2 3128 2967 3528 3641
5701 4 2 20 2 2838 3146 2903 3953
5702 4 2 20 2 2954 1833 3405 3942
5703 4 2 20 2 2922 3493 3482 3836
5704 4 2 20 2 2961 3221 3220 3407
5705 4 2 20 2 2838 3210 2903 3755
5706 4 2 20 2 3267 3050 3845 3911
5707 4 2 20 2 3062 3617 3091 4057
5708 4 2 20 2 2990 3378 3652 3985
5709 4 2 20 2 728 641 727 3907
5710 4 2 20 2 3242 2974 3328 3965
5711 4 2 20 2 2871 2927 2209 3970
5712 4 2 20 2 1454 3246 3083 3453
5713 4 2 20 2 2464 3087 3477 4013
5714 4 2 20 2 2085 3505 2035 3841
5715 4 2 20 2 3143 2920 3883 3965
5716 4 2 20 2 2982 3086 2906 3407
5717 4 2 20 2 1475 3845 3800 3911
5718 4 2 20 2 3111 3487 2887 3589
5719 4 2 20 2 2385 3031 3293 3716
5720 4 2 20 2 3093 3527 3495 3740
5721 4 2 20 2 2920 3652 3143 3883
5722 4 2 20 2 240 285 322 3017
5723 4 2 20 2 2201 2952 2888 3077
5724 4 2 20 2 1528 3324 3082 3772
5725 4 2 20 2 1358 3433 3072 3859
5726 4 2 20 2 1067 1019 3527 3710
5727 4 2 20 2 3054 3331 3070 3496
5728 4 2 20 2 3495 3548 3007 3799
5729 4 2 20 2 3287 3317 3101 3720
5730 4 2 20 2 3115 3693 3432 3746
5731 4 2 20 2 3145 3267 3050 3845
5732 4 2 20 2 2873 3125 3170 3509
5733 4 2 20 2 3041 3755 3370 3811
5734 4 2 20 2 3067 3246 3364 3857
5735 4 2 20 2 2883 2869 3848 3895
5736 4 2 20 2 3176 3340 2966 3851
5737 4 2 20 2 3186 3332 2855 3760
5738 4 2 20 2 2909 3204 3243 3729
5739 4 2 20 2 2864 3097 3163 3973
5740 4 2 20 2 2997 3353 3283 3926
5741 4 2 20 2 3069 3572 3243 3754
5742 4 2 20 2 3163 2966 3319 3732
5743 4 2 20 2 3145 3632 3487 3845
5744 4 2 20 2 3289 3622 3091 3640
5745 4 2 20 2 1771 3100 1721 3927
5746 4 2 20 2 1877 3236 3117 3884
5747 4 2 20 2 2834 3264 3822 3946
5748 4 2 20 2 3267 3487 3145 3878
5749 4 2 20 2 2967 3218 3123 3951
5750 4 2 20 2 3126 2936 3400 3437
5751 4 2 20 2 951 919 917 3164
5752 4 2 20 2 3242 3612 2974 3965
5753 4 2 20 2 2969 3592 3218 3805
5754 4 2 20 2 3182 3548 3007 3710
5755 4 2 20 2 2965 3456 3319 3517
5756 4 2 20 2 3143 3315 2936 3885
5757 4 2 20 2 685 686 684 3686
5758 4 2 20 2 3126 3437 2953 3747
5759 4 2 20 2 1771 1770 1721 3100
5760 4 2 20 2 1270 1373 1372 3072
5761 4 2 20 2 2881 3178 3444 3797
5762 4 2 20 2 2079 2145 2144 3046
5763 4 2 20 2 1823 3340 3282 4030
5764 4 2 20 2 3121 3616 3290 3928
5765 4 2 20 2 3484 3792 2025 4014
5766 4 2 20 2 3216 3571 3022 3770
5767 4 2 20 2 3054 3331 3227 3506
5768 4 2 20 2 3025 3335 3108 4070
5769 4 2 20 2 3165 3608 3277 4050
5770 4 2 20 2 2926 3540 3363 3693
5771 4 2 20 2 3064 3668 2992 3850
5772 4 2 20 2 3007 3571 3216 3770
5773 4 2 20 2 1388 1387 1454 3083
5774 4 2 20 2 2843 3262 3722 3835
5775 4 2 20 2 3161 3162 2986 3682
5776 4 2 20 2 1387 1454 3083 3453
5777 4 2 20 2 303 305 262 3445
5778 4 2 20 2 3054 3346 3337 3704
5779 4 2 20 2 2858 3275 2835 4080
5780 4 2 20 2 2948 3068 3361 3421
5781 4 2 20 2 2850 2888 3010 3268
5782 4 2 20 2 1918 1994 1917 3039
5783 4 2 20 2 2881 3399 3029 3444
5784 4 2 20 2 537 3392 582 3675
5785 4 2 20 2 3128 3628 3149 3863
5786 4 2 20 2 3003 3400 2936 3960
5787 4 2 20 2 3162 3737 3058 3910
5788 4 2 20 2 1388 3083 3181 3344
5789 4 2 20 2 3204 3464 2878 3759
5790 4 2 20 2 3177 3297 3095 3570
5791 4 2 20 2 2861 3094 3245 3640
5792 4 2 20 2 3004 3271 3030 3713
5793 4 2 20 2 3036 3180 2879 3345
5794 4 2 20 2 2948 3615 3504 3624
5795 4 2 20 2 3025 3108 3441 3540
5796 4 2 20 2 2834 3261 3032 3628
5797 4 2 20 2 3292 3293 2912 3903
5798 4 2 20 2 2997 3246 3083 3719
5799 4 2 20 2 2468 2463 3087 3291
5800 4 2 20 2 2937 3279 3251 3796
5801 4 2 20 2 3047 2918 3390 3957
5802 4 2 20 2 1791 1807 1732 2981
5803 4 2 20 2 3229 3456 2965 3611
5804 4 2 20 2 3476 3543 3068 3723
5805 4 2 20 2 3217 3452 2924 3827
5806 4 2 20 2 3128 3250 2967 3641
5807 4 2 20 2 3117 3236 2922 3482
5808 4 2 20 2 2898 3560 3381 3864
5809 4 2 20 2 3029 3178 3289 3797
5810 4 2 20 2 3265 3289 3091 3797
5811 4 2 20 2 765 821 763 3339
5812 4 2 20 2 2893 3731 3601 3948
5813 4 2 20 2 2838 3379 3210 3755
5814 4 2 20 2 3306 3422 3261 3566
5815 4 2 20 2 1985 3140 2047 4063
5816 4 2 20 2 3258 3779 3205 3869
5817 4 2 20 2 2910 3456 3229 3611
5818 4 2 20 2 3220 2876 3563 3648
5819 4 2 20 2 2887 3554 3227 4101
5820 4 2 20 2 3258 2941 3383 4003
5821 4 2 20 2 1386 1431 1500 3095
5822 4 2 20 2 2861 3665 3576 3703
5823 4 2 20 2 2901 3532 3602 3684
5824 4 2 20 2 3082 3482 3117 3840
5825 4 2 20 2 3279 3441 3163 3773
5826 4 2 20 2 2833 3747 3315 4037
5827 4 2 20 2 1696 3492 3100 3959
5828 4 2 20 2 1918 3340 1805 3478
5829 4 2 20 2 2346 2945 3156 3889
5830 4 2 20 2 2878 3464 3204 3817
5831 4 2 20 2 1451 1343 3203 3453
5832 4 2 20 2 2937 3223 3313 3558
5833 4 2 20 2 2987 3269 3204 3299
5834 4 2 20 2 3081 2953 3285 3457
5835 4 2 20 2 2926 3441 3540 3693
5836 4 2 20 2 1619 3644 1673 4030
5837 4 2 20 2 3113 3175 3450 3575
5838 4 2 20 2 1104 1097 3216 3770
5839 4 2 20 2 3126 3315 3747 4037
5840 4 2 20 2 2848 3383 3273 3411
5841 4 2 20 2 851 852 878 3339
5842 4 2 20 2 2928 3142 3141 4074
5843 4 2 20 2 384 348 303 3919
5844 4 2 20 2 2948 3068 3421 3476
5845 4 2 20 2 3363 3435 3025 4070
5846 4 2 20 2 1727 1708 1802 3048
5847 4 2 20 2 2846 3188 3756 3805
5848 4 2 20 2 2921 3181 3403 3662
5849 4 2 20 2 3027 3163 3319 3732
5850 4 2 20 2 2881 3444 3029 3797
5851 4 2 20 2 3007 3495 3159 3548
5852 4 2 20 2 3323 3560 3347 3869
5853 4 2 20 2 3305 3388 2939 3483
5854 4 2 20 2 2866 3221 3220 3455
5855 4 2 20 2 1387 3083 1411 3453
5856 4 2 20 2 3054 3346 3704 3829
5857 4 2 20 2 243 290 3255 3559
5858 4 2 20 2 854 855 853 3338
5859 4 2 20 2 3495 3007 3710 3770
5860 4 2 20 2 2876 3233 3407 3867
5861 4 2 20 2 2872 3179 3078 4007
5862 4 2 20 2 1528 3082 3324 3771
5863 4 2 20 2 461 460 3249 3372
5864 4 2 20 2 2909 3204 3205 3269
5865 4 2 20 2 3130 3555 1662 3667
5866 4 2 20 2 851 816 818 3339
5867 4 2 20 2 2896 3078 2872 3586
5868 4 2 20 2 817 850 875 3167
5869 4 2 20 2 3131 3081 3457 3876
5870 4 2 20 2 2873 3170 3125 3955
5871 4 2 20 2 2881 3781 3091 3797
5872 4 2 20 2 2893 3323 3142 3601
5873 4 2 20 2 3032 3628 3566 3863
5874 4 2 20 2 2924 3452 3290 3616
5875 4 2 20 2 1158 3473 3277 4050
5876 4 2 20 2 956 924 881 3544
5877 4 2 20 2 2404 3179 3327 3908
5878 4 2 20 2 3143 3652 3378 3883
5879 4 2 20 2 3003 3402 3241 3500
5880 4 2 20 2 3563 3648 2969 3904
5881 4 2 20 2 2920 3315 3189 3965
5882 4 2 20 2 2991 3622 3289 3640
5883 4 2 20 2 440 484 441 3073
5884 4 2 20 2 3003 2936 3402 3960
5885 4 2 20 2 2969 3218 3261 3904
5886 4 2 20 2 1457 3215 3197 3611
5887 4 2 20 2 2257 3700 3253 3717
5888 4 2 20 2 2873 3509 3170 4075
5889 4 2 20 2 2944 3056 3374 3532
5890 4 2 20 2 3430 3822 3264 3946
5891 4 2 20 2 3179 3586 3078 3934
5892 4 2 20 2 3091 3781 3634 3797
5893 4 2 20 2 3422 3430 3032 3802
5894 4 2 20 2 1720 1699 1652 3290
5895 4 2 20 2 518 568 473 3471
5896 4 2 20 2 930 926 984 3333
5897 4 2 20 2 2857 2919 3092 3392
5898 4 2 20 2 2915 3320 3275 3511
5899 4 2 20 2 3119 3457 3134 3783
5900 4 2 20 2 169 262 263 3749
5901 4 2 20 2 3217 3656 3452 3827
5902 4 2 20 2 1732 1715 2981 3596
5903 4 2 20 2 1454 1388 3083 3181
5904 4 2 20 2 3099 2841 3308 3370
5905 4 2 20 2 2939 2865 3118 3758
5906 4 2 20 2 2873 3449 3252 3509
5907 4 2 20 2 3192 3598 2935 3635
5908 4 2 20 2 2364 3499 3196 4048
5909 4 2 20 2 3211 3640 3622 3856
5910 4 2 20 2 1678 3286 3308 3565
5911 4 2 20 2 2215 3238 2860 3263
5912 4 2 20 2 3220 3221 2866 3407
5913 4 2 20 2 3353 3569 3448 3641
5914 4 2 20 2 3309 3089 3587 4009
5915 4 2 20 2 1786 1784 3316 3415
5916 4 2 20 2 3261 3306 2853 3422
5917 4 2 20 2 111 107 65 3309
5918 4 2 20 2 3306 3566 3261 3731
5919 4 2 20 2 815 816 2343 784
5920 4 2 20 2 3356 3552 3423 3783
5921 4 2 20 2 3360 3838 3607 3844
5922 4 2 20 2 3032 3261 2834 3946
5923 4 2 20 2 3233 3375 2851 3867
5924 4 2 20 2 3020 3668 3663 3709
5925 4 2 20 2 3340 3639 2966 3851
5926 4 2 20 2 2838 3683 3714 3726
5927 4 2 20 2 1439 3229 1397 3644
5928 4 2 20 2 2892 3301 3364 3569
5929 4 2 20 2 2858 3916 4061 4080
5930 4 2 20 2 2246 3688 3199 3700
5931 4 2 20 2 2430 3156 2891 3760
5932 4 2 20 2 3137 3612 2835 3613
5933 4 2 20 2 2990 3265 3652 3696
5934 4 2 20 2 2862 2903 3210 3755
5935 4 2 20 2 2882 2939 3483 3533
5936 4 2 20 2 3069 3075 3034 3572
5937 4 2 20 2 2837 3150 3349 3896
5938 4 2 20 2 671 631 627 3675
5939 4 2 20 2 673 3033 631 3675
5940 4 2 20 2 2868 3066 3372 3711
5941 4 2 20 2 1385 3420 1386 3845
5942 4 2 20 2 3203 3364 1450 3453
5943 4 2 20 2 3019 3480 3124 3676
5944 4 2 20 2 3363 3025 3540 4070
5945 4 2 20 2 3111 3701 3267 4082
5946 4 2 20 2 2868 2901 3066 3275
5947 4 2 20 2 1047 1068 1066 3673
5948 4 2 20 2 2363 3031 2332 3561
5949 4 2 20 2 3002 3925 3380 4042
5950 4 2 20 2 3115 3313 2867 3432
5951 4 2 20 2 3275 3320 2970 3511
5952 4 2 20 2 1918 1955 3395 3478
5953 4 2 20 2 2306 2285 3059 3198
5954 4 2 20 2 3305 3306 2969 3731
5955 4 2 20 2 907 904 944 3424
5956 4 2 20 2 2987 3690 3204 3879
5957 4 2 20 2 3114 3387 2996 3986
5958 4 2 20 2 2868 3374 3275 3612
5959 4 2 20 2 3328 3363 2833 3435
5960 4 2 20 2 2837 3150 3295 3881
5961 4 2 20 2 2864 3163 3319 3973
5962 4 2 20 2 2874 3517 3282 3796
5963 4 2 20 2 2883 2849 3202 4062
5964 4 2 20 2 711 715 714 3847
5965 4 2 20 2 3191 3558 3313 3815
5966 4 2 20 2 795 863 797 3535
5967 4 2 20 2 3205 3258 2848 3737
5968 4 2 20 2 3487 3632 2993 3845
5969 4 2 20 2 3311 3459 3103 3541
5970 4 2 20 2 3356 3026 3423 3540
5971 4 2 20 2 2980 3120 3070 3703
5972 4 2 20 2 3200 3923 3201 4118
5973 4 2 20 2 1841 3039 1823 3340
5974 4 2 20 2 2846 3601 3188 3731
5975 4 2 20 2 2861 3289 3070 3497
5976 4 2 20 2 3012 3201 3200 3923
5977 4 2 20 2 2993 2979 3570 3742
5978 4 2 20 2 2848 3162 3383 3977
5979 4 2 20 2 578 532 486 4006
5980 4 2 20 2 3058 3708 3470 3939
5981 4 2 20 2 1864 1786 1837 3415
5982 4 2 20 2 3261 3430 3422 3946
5983 4 2 20 2 2845 3087 3291 3529
5984 4 2 20 2 2200 2156 3019 3480
5985 4 2 20 2 3153 3490 3147 4028
5986 4 2 20 2 2923 3200 3011 3350
5987 4 2 20 2 3359 3571 2951 4034
5988 4 2 20 2 2902 3297 3576 3674
5989 4 2 20 2 2174 3317 2157 3659
5990 4 2 20 2 3054 3704 3496 3829
5991 4 2 20 2 1606 3476 3058 3543
5992 4 2 20 2 3050 4079 3765 4101
5993 4 2 20 2 3269 3299 2989 3464
5994 4 2 20 2 1098 1165 3527 3818
5995 4 2 20 2 3067 3448 3353 3569
5996 4 2 20 2 2920 3126 3393 4037
5997 4 2 20 2 683 648 645 3460
5998 4 2 20 2 232 3202 3147 4028
5999 4 2 20 2 76 112 72 3341
6000 4 2 20 2 3063 3368 3248 4033
6001 4 2 20 2 3039 3494 3282 3796
6002 4 2 20 2 1092 3007 1065 3182
6003 4 2 20 2 3240 3527 3093 3740
6004 4 2 20 2 3166 3840 3082 3884
6005 4 2 20 2 3197 3215 1457 3766
6006 4 2 20 2 182 3231 228 3735
6007 4 2 20 2 3134 3885 3437 3960
6008 4 2 20 2 1156 3454 1154 3473
6009 4 2 20 2 3123 2846 3756 3805
6010 4 2 20 2 1982 3057 3418 3484
6011 4 2 20 2 3697 3850 2992 4040
6012 4 2 20 2 2938 3324 3082 3810
6013 4 2 20 2 2991 3289 3070 3938
6014 4 2 20 2 1429 3203 3625 4032
6015 4 2 20 2 3375 3484 3212 3493
6016 4 2 20 2 2085 2150 3199 3700
6017 4 2 20 2 3383 3724 3258 4003
6018 4 2 20 2 2949 3571 3403 3931
6019 4 2 20 2 3199 3505 2085 3700
6020 4 2 20 2 215 213 171 3545
6021 4 2 20 2 2957 3317 3287 3579
6022 4 2 20 2 3082 3482 3840 3900
6023 4 2 20 2 3066 3249 2915 3511
6024 4 2 20 2 1368 1476 3364 4026
6025 4 2 20 2 653 606 692 3318
6026 4 2 20 2 2961 2851 3233 3556
6027 4 2 20 2 2272 3512 2273 3647
6028 4 2 20 2 2313 3523 2945 3889
6029 4 2 20 2 3152 3203 3504 3866
6030 4 2 20 2 3581 3597 3540 3638
6031 4 2 20 2 2851 3375 3233 3493
6032 4 2 20 2 2915 3275 3066 3511
6033 4 2 20 2 3081 3285 2953 3589
6034 4 2 20 2 2867 3084 3448 3898
6035 4 2 20 2 2920 3634 3056 3883
6036 4 2 20 2 2903 3210 2838 3268
6037 4 2 20 2 3025 3540 3441 3693
6038 4 2 20 2 1439 3229 1352 3991
6039 4 2 20 2 3267 3487 2993 3845
6040 4 2 20 2 2974 3242 3328 3521
6041 4 2 20 2 2866 3220 3264 3455
6042 4 2 20 2 2242 3077 3008 3389
6043 4 2 20 2 3031 3561 3293 3903
6044 4 2 20 2 2957 3256 3579 3903
6045 4 2 20 2 3131 3457 3842 3876
6046 4 2 20 2 1450 1368 3364 4032
6047 4 2 20 2 2897 3407 3221 3792
6048 4 2 20 2 3089 3309 3533 4009
6049 4 2 20 2 2974 3328 3315 3664
6050 4 2 20 2 2929 3512 3401 3886
6051 4 2 20 2 2223 3351 3350 3706
6052 4 2 20 2 3091 3687 3062 4057
6053 4 2 20 2 2957 3287 3317 3659
6054 4 2 20 2 1547 1671 3316 3321
6055 4 2 20 2 1482 1584 1545 3502
6056 4 2 20 2 3166 3555 1817 3772
6057 4 2 20 2 171 216 215 3545
6058 4 2 20 2 1949 2045 3616 3930
6059 4 2 20 2 645 680 683 3460
6060 4 2 20 2 1968 3368 3121 3928
6061 4 2 20 2 3404 3538 3060 3658
6062 4 2 20 2 2992 3211 3064 3882
6063 4 2 20 2 3119 3283 2963 3528
6064 4 2 20 2 1264 3502 3636 4103
6065 4 2 20 2 2833 3315 3328 3664
6066 4 2 20 2 1791 1851 3547 3752
6067 4 2 20 2 2966 3319 3176 3429
6068 4 2 20 2 2047 3140 1985 3697
6069 4 2 20 2 3356 3423 3363 3540
6070 4 2 20 2 1327 3072 1358 3433
6071 4 2 20 2 3277 3473 1112 3548
6072 4 2 20 2 3024 3288 3115 3746
6073 4 2 20 2 3024 3746 3157 3808
6074 4 2 20 2 3128 3641 3528 4027
6075 4 2 20 2 3313 3432 3115 3773
6076 4 2 20 2 2934 3131 3615 3939
6077 4 2 20 2 325 286 243 3017
6078 4 2 20 2 3395 3494 3019 4016
6079 4 2 20 2 156 193 195 3705
6080 4 2 20 2 2836 3761 3337 4117
6081 4 2 20 2 1216 3277 3608 4050
6082 4 2 20 2 2874 3287 3051 3358
6083 4 2 20 2 1711 3415 3321 3877
6084 4 2 20 2 3097 2960 3359 3751
6085 4 2 20 2 137 173 135 3794
6086 4 2 20 2 2156 3019 3480 3494
6087 4 2 20 2 2110 2062 3697 3850
6088 4 2 20 2 2415 3508 3020 3564
6089 4 2 20 2 3166 3772 1817 3884
6090 4 2 20 2 1123 1097 1104 3770
6091 4 2 20 2 2975 3589 3304 3787
6092 4 2 20 2 2041 3591 3041 3983
6093 4 2 20 2 2123 3351 2124 3728
6094 4 2 20 2 3134 3474 3119 3551
6095 4 2 20 2 1396 1485 3611 3644
6096 4 2 20 2 3157 2974 3435 3521
6097 4 2 20 2 2979 3297 3208 3703
6098 4 2 20 2 303 348 3445 3919
6099 4 2 20 2 457 501 456 3171
6100 4 2 20 2 24 26 58 3438
6101 4 2 20 2 3025 3435 3363 3746
6102 4 2 20 2 2861 3245 3094 3665
6103 4 2 20 2 1900 1911 1927 3223
6104 4 2 20 2 3078 3238 3179 3539
6105 4 2 20 2 1544 1522 1480 3440
6106 4 2 20 2 2015 3140 2106 3930
6107 4 2 20 2 1699 3217 1656 3452
6108 4 2 20 2 3091 3617 3062 3663
6109 4 2 20 2 3238 3263 2215 3380
6110 4 2 20 2 3057 2922 3546 3714
6111 4 2 20 2 2124 3728 3351 3790
6112 4 2 20 2 492 490 491 3247
6113 4 2 20 2 3144 2960 3751 3918
6114 4 2 20 2 1922 1923 3236 3484
6115 4 2 20 2 3241 3242 3143 4105
6116 4 2 20 2 2945 3889 3523 4024
6117 4 2 20 2 3448 3641 2967 4059
6118 4 2 20 2 3137 2978 3332 3739
6119 4 2 20 2 2933 3335 3287 3579
6120 4 2 20 2 153 3153 156 3631
6121 4 2 20 2 3120 3304 2953 3589
6122 4 2 20 2 3117 3082 3840 3884
6123 4 2 20 2 3313 3516 3432 3773
6124 4 2 20 2 3083 2921 3403 3719
6125 4 2 20 2 555 461 460 3249
6126 4 2 20 2 411 455 458 3666
6127 4 2 20 2 2985 3069 2878 3243
6128 4 2 20 2 81 80 121 3573
6129 4 2 20 2 3131 3519 3518 3682
6130 4 2 20 2 3198 3199 2929 3512
6131 4 2 20 2 2998 3169 2876 3388
6132 4 2 20 2 1732 1715 1791 2981
6133 4 2 20 2 3308 3565 2981 3596
6134 4 2 20 2 2841 3099 3308 3646
6135 4 2 20 2 3220 3904 3563 3946
6136 4 2 20 2 1584 3316 3237 3502
6137 4 2 20 2 114 111 112 3574
6138 4 2 20 2 3149 3250 3128 3863
6139 4 2 20 2 1020 1021 1026 3135
6140 4 2 20 2 2890 3030 3004 3271
6141 4 2 20 2 111 3112 113 3309
6142 4 2 20 2 631 3033 720 4015
6143 4 2 20 2 3140 3002 3450 3679
6144 4 2 20 2 3363 3540 3025 3693
6145 4 2 20 2 2967 3123 3218 3592
6146 4 2 20 2 3253 3317 2933 3720
6147 4 2 20 2 1421 3152 1404 3624
6148 4 2 20 2 3039 3340 3478 3819
6149 4 2 20 2 732 678 3320 4086
6150 4 2 20 2 3313 3558 2921 3815
6151 4 2 20 2 2164 2129 3368 3835
6152 4 2 20 2 2466 3293 3561 3992
6153 4 2 20 2 2896 3078 3357 4042
6154 4 2 20 2 3218 3481 2961 3648
6155 4 2 20 2 3011 3149 2923 4059
6156 4 2 20 2 1564 3820 3326 3950
6157 4 2 20 2 2884 3298 3054 3337
6158 4 2 20 2 3316 3321 2902 3674
6159 4 2 20 2 2949 3303 3209 3403
6160 4 2 20 2 1158 3454 3473 4050
6161 4 2 20 2 3070 3496 3331 4093
6162 4 2 20 2 3047 2918 3360 3406
6163 4 2 20 2 3236 3482 3117 3884
6164 4 2 20 2 3221 3407 2961 3556
6165 4 2 20 2 2955 3330 3740 3888
6166 4 2 20 2 3632 3703 3331 4093
6167 4 2 20 2 3121 3290 1948 3928
6168 4 2 20 2 2932 3168 3069 3412
6169 4 2 20 2 2844 3678 3368 4033
6170 4 2 20 2 3240 3527 1165 3818
6171 4 2 20 2 3212 3375 3057 3484
6172 4 2 20 2 377 376 464 3633
6173 4 2 20 2 3368 3677 1979 4099
6174 4 2 20 2 2886 3720 3287 3785
6175 4 2 20 2 2868 3372 2935 3711
6176 4 2 20 2 3359 3751 2960 3918
6177 4 2 20 2 2901 3374 2868 3602
6178 4 2 20 2 3095 3570 3420 4023
6179 4 2 20 2 2884 3002 3230 3679
6180 4 2 20 2 3031 3293 3292 3903
6181 4 2 20 2 3375 3867 2882 4055
6182 4 2 20 2 2874 3358 3517 3757
6183 4 2 20 2 2937 3279 3796 3819
6184 4 2 20 2 3028 3616 3295 3928
6185 4 2 20 2 2907 3202 2883 3307
6186 4 2 20 2 2986 3682 3518 3702
6187 4 2 20 2 774 734 735 3744
6188 4 2 20 2 2939 3309 3118 3533
6189 4 2 20 2 577 533 530 3044
6190 4 2 20 2 2862 2932 2903 3944
6191 4 2 20 2 3028 3930 3140 4063
6192 4 2 20 2 273 228 224 3231
6193 4 2 20 2 2938 3152 3433 3623
6194 4 2 20 2 3084 3408 3011 3448
6195 4 2 20 2 2884 3450 3002 3679
6196 4 2 20 2 1916 1823 3039 3282
6197 4 2 20 2 3016 3255 290 3559
6198 4 2 20 2 2927 2871 3414 4100
6199 4 2 20 2 2415 2414 3020 3508
6200 4 2 20 2 2955 3330 3657 3740
6201 4 2 20 2 3096 2835 3612 3613
6202 4 2 20 2 2907 3180 3036 3345
6203 4 2 20 2 2832 3663 3709 3849
6204 4 2 20 2 1094 1033 1045 3469
6205 4 2 20 2 2902 3237 3576 3584
6206 4 2 20 2 3081 3518 3682 3702
6207 4 2 20 2 3288 3382 3250 3610
6208 4 2 20 2 3411 3273 3672 3715
6209 4 2 20 2 3182 1159 3458 4046
6210 4 2 20 2 2306 3198 3059 3681
6211 4 2 20 2 3063 3272 2117 3677
6212 4 2 20 2 2868 2935 3372 4105
6213 4 2 20 2 1389 3181 1432 3442
6214 4 2 20 2 2873 2985 2946 3955
6215 4 2 20 2 3002 3380 3140 3929
6216 4 2 20 2 227 230 276 4043
6217 4 2 20 2 878 852 853 3339
6218 4 2 20 2 1123 3022 1130 3661
6219 4 2 20 2 3525 3717 3317 4097
6220 4 2 20 2 60 3118 63 4010
6221 4 2 20 2 2979 2993 3570 3798
6222 4 2 20 2 3131 3040 3615 3624
6223 4 2 20 2 1368 3364 3909 4026
6224 4 2 20 2 2968 2853 3563 4056
6225 4 2 20 2 1237 1238 1235 3072
6226 4 2 20 2 2414 3327 3020 3508
6227 4 2 20 2 3332 3739 2436 3760
6228 4 2 20 2 3264 3523 3012 4024
6229 4 2 20 2 502 500 3768 3824
6230 4 2 20 2 2854 3033 2919 3621
6231 4 2 20 2 3121 3678 3368 3873
6232 4 2 20 2 2858 4061 3837 4080
6233 4 2 20 2 633 632 767 3621
6234 4 2 20 2 639 549 588 4038
6235 4 2 20 2 3143 3241 2936 3242
6236 4 2 20 2 3505 3700 3018 3841
6237 4 2 20 2 2921 3163 3773 3815
6238 4 2 20 2 2832 3663 3211 3709
6239 4 2 20 2 2847 3400 3241 3500
6240 4 2 20 2 2883 3848 3367 3895
6241 4 2 20 2 3120 2980 3581 3798
6242 4 2 20 2 2948 3068 3476 3623
6243 4 2 20 2 318 281 3498 4111
6244 4 2 20 2 2272 2245 2294 3198
6245 4 2 20 2 1404 3152 1403 3625
6246 4 2 20 2 1678 1695 1649 3099
6247 4 2 20 2 2878 3075 3069 3730
6248 4 2 20 2 3283 2963 3528 3641
6249 4 2 20 2 2920 3056 3265 3652
6250 4 2 20 2 76 112 3341 3914
6251 4 2 20 2 77 120 78 3631
6252 4 2 20 2 3540 3597 3423 3747
6253 4 2 20 2 3198 3687 3059 4057
6254 4 2 20 2 3246 3516 2921 3719
6255 4 2 20 2 3304 3589 3120 3787
6256 4 2 20 2 3260 3290 2924 3452
6257 4 2 20 2 3117 3236 1923 3484
6258 4 2 20 2 3003 3595 3437 3998
6259 4 2 20 2 3159 1112 3473 3548
6260 4 2 20 2 3178 3687 3289 3797
6261 4 2 20 2 3179 3908 3586 3934
6262 4 2 20 2 2867 3580 3084 3898
6263 4 2 20 2 239 241 238 3559
6264 4 2 20 2 1919 3677 3752 3943
6265 4 2 20 2 3408 3067 3669 4029
6266 4 2 20 2 3120 3070 3703 4093
6267 4 2 20 2 3258 3381 3345 3560
6268 4 2 20 2 1638 3607 3360 3838
6269 4 2 20 2 2846 3119 3474 3551
6270 4 2 20 2 1326 3193 1356 3603
6271 4 2 20 2 1718 1650 3100 3959
6272 4 2 20 2 2892 3569 3364 3857
6273 4 2 20 2 2951 3458 3434 3695
6274 4 2 20 2 2910 3240 3740 4023
6275 4 2 20 2 2064 2110 3697 4040
6276 4 2 20 2 2858 3837 2950 4080
6277 4 2 20 2 3290 3452 1816 3616
6278 4 2 20 2 3336 3635 3192 4035
6279 4 2 20 2 3315 3399 3189 3965
6280 4 2 20 2 2833 3664 3638 4037
6281 4 2 20 2 2966 3639 3478 3819
6282 4 2 20 2 3189 3883 2920 3965
6283 4 2 20 2 2918 3406 3390 4108
6284 4 2 20 2 2980 3703 3297 3798
6285 4 2 20 2 1417 3193 3360 3957
6286 4 2 20 2 2948 3470 3058 3708
6287 4 2 20 2 1984 3930 3028 4063
6288 4 2 20 2 1275 1274 1273 3193
6289 4 2 20 2 3236 3492 2922 3771
6290 4 2 20 2 3433 3623 3152 3859
6291 4 2 20 2 2994 3358 3645 3785
6292 4 2 20 2 2867 3432 3313 3516
6293 4 2 20 2 2933 3317 3031 3579
6294 4 2 20 2 2948 3058 3476 3708
6295 4 2 20 2 2867 3516 3313 3898
6296 4 2 20 2 2848 3560 3323 3864
6297 4 2 20 2 3519 3608 3165 4050
6298 4 2 20 2 1156 1158 3454 3473
6299 4 2 20 2 2041 3379 3041 3591
6300 4 2 20 2 2878 2856 3034 3730
6301 4 2 20 2 3209 3571 2949 3931
6302 4 2 20 2 2836 3704 3346 3829
6303 4 2 20 2 3282 3494 1916 3812
6304 4 2 20 2 2918 3222 3765 4101
6305 4 2 20 2 2912 3419 3157 3969
6306 4 2 20 2 2410 2363 2332 3561
6307 4 2 20 2 3081 3519 3131 3682
6308 4 2 20 2 2932 3009 2903 3225
6309 4 2 20 2 2997 3857 3353 3926
6310 4 2 20 2 2963 3552 3356 3783
6311 4 2 20 2 1499 3246 3067 3342
6312 4 2 20 2 3303 3429 2966 3639
6313 4 2 20 2 1374 1327 1418 3433
6314 4 2 20 2 2849 3557 3349 3575
6315 4 2 20 2 826 799 798 3510
6316 4 2 20 2 3081 3519 2975 3876
6317 4 2 20 2 2892 3364 3301 3866
6318 4 2 20 2 3058 3347 3269 3723
6319 4 2 20 2 2908 2890 2971 3170
6320 4 2 20 2 73 3074 77 3914
6321 4 2 20 2 3062 3564 3512 3886
6322 4 2 20 2 1859 1816 3452 3616
6323 4 2 20 2 3058 3737 3273 3821
6324 4 2 20 2 616 575 662 3698
6325 4 2 20 2 2852 3264 3021 3741
6326 4 2 20 2 2861 3576 3665 3782
6327 4 2 20 2 3200 3507 3012 3813
6328 4 2 20 2 2868 3602 3374 3883
6329 4 2 20 2 2878 3034 3075 3730
6330 4 2 20 2 578 619 618 3725
6331 4 2 20 2 2282 2203 3512 3886
6332 4 2 20 2 3351 3728 2123 3891
6333 4 2 20 2 3045 2885 3422 3870
6334 4 2 20 2 3282 3494 3051 3796
6335 4 2 20 2 3295 3929 3263 4085
6336 4 2 20 2 3131 2934 3615 3842
6337 4 2 20 2 2884 3506 3185 3679
6338 4 2 20 2 3157 3419 3110 3969
6339 4 2 20 2 2332 3256 3031 4097
6340 4 2 20 2 3418 3484 3375 3792
6341 4 2 20 2 2974 3435 3328 3664
6342 4 2 20 2 1404 3624 3152 3625
6343 4 2 20 2 3087 3327 3508 3814
6344 4 2 20 2 1918 1842 1805 3340
6345 4 2 20 2 2868 3278 3242 3612
6346 4 2 20 2 2856 2878 3464 3730
6347 4 2 20 2 3126 3747 3315 3885
6348 4 2 20 2 2411 3293 3031 3561
6349 4 2 20 2 1984 3028 1936 4063
6350 4 2 20 2 3101 3287 3051 3659
6351 4 2 20 2 2907 3345 3036 3779
6352 4 2 20 2 2898 3142 3074 3323
6353 4 2 20 2 3340 3478 2966 3639
6354 4 2 20 2 3021 3264 2866 3741
6355 4 2 20 2 2837 3367 3150 3896
6356 4 2 20 2 3145 3227 3050 3878
6357 4 2 20 2 3566 3592 3128 3628
6358 4 2 20 2 3074 3323 3142 4036
6359 4 2 20 2 2895 2977 2847 3767
6360 4 2 20 2 106 148 3180 3735
6361 4 2 20 2 3290 3616 1948 3928
6362 4 2 20 2 2902 3446 3415 3962
6363 4 2 20 2 3250 3641 3128 4027
6364 4 2 20 2 3538 3707 3097 3973
6365 4 2 20 2 3314 3452 2924 3616
6366 4 2 20 2 2893 3305 3758 3834
6367 4 2 20 2 3288 3583 3006 3964
6368 4 2 20 2 2883 3042 3202 4018
6369 4 2 20 2 3110 3435 3157 3969
6370 4 2 20 2 2869 3352 3232 3655
6371 4 2 20 2 3323 3347 2931 3869
6372 4 2 20 2 3248 3371 3004 3722
6373 4 2 20 2 3083 3719 3403 4008
6374 4 2 20 2 2864 3359 3571 4008
6375 4 2 20 2 3208 3297 2979 3576
6376 4 2 20 2 2966 3517 3279 3819
6377 4 2 20 2 755 702 754 3167
6378 4 2 20 2 2904 3103 3459 3541
6379 4 2 20 2 3248 3722 3046 3835
6380 4 2 20 2 2850 3212 3015 3375
6381 4 2 20 2 3082 3772 3166 3884
6382 4 2 20 2 3252 3509 3449 3600
6383 4 2 20 2 3297 3581 2980 3798
6384 4 2 20 2 3208 3297 2980 3703
6385 4 2 20 2 673 719 720 3033
6386 4 2 20 2 3381 3595 2898 3864
6387 4 2 20 2 2866 3221 3455 3523
6388 4 2 20 2 3047 3360 2918 3957
6389 4 2 20 2 3445 3713 263 3749
6390 4 2 20 2 2918 3765 4079 4101
6391 4 2 20 2 240 285 3017 3559
6392 4 2 20 2 3401 3640 3211 3856
6393 4 2 20 2 2838 3172 3268 3379
6394 4 2 20 2 652 604 653 2972
6395 4 2 20 2 3050 3765 3701 4101
6396 4 2 20 2 2890 3262 3367 3678
6397 4 2 20 2 2064 3401 2110 4040
6398 4 2 20 2 3303 3662 3181 3831
6399 4 2 20 2 3067 3569 3353 3857
6400 4 2 20 2 180 141 3396 3491
6401 4 2 20 2 3129 3332 3105 4080
6402 4 2 20 2 2862 3210 3009 4051
6403 4 2 20 2 819 817 875 3167
6404 4 2 20 2 2868 3612 3242 3965
6405 4 2 20 2 2875 2178 3248 3865
6406 4 2 20 2 3282 3358 2965 3517
6407 4 2 20 2 2909 3269 3205 3347
6408 4 2 20 2 3019 3583 3395 4016
6409 4 2 20 2 323 285 286 3017
6410 4 2 20 2 1478 1501 1432 3342
6411 4 2 20 2 3319 3456 3027 3732
6412 4 2 20 2 3540 3638 3597 3747
6413 4 2 20 2 692 749 746 2972
6414 4 2 20 2 3083 3246 2921 3719
6415 4 2 20 2 2930 3218 3385 3629
6416 4 2 20 2 3204 3243 2878 3817
6417 4 2 20 2 3041 3565 3286 3927
6418 4 2 20 2 3056 3374 3532 3883
6419 4 2 20 2 3120 3703 3632 4093
6420 4 2 20 2 2884 3337 3054 3506
6421 4 2 20 2 2947 3656 3406 4108
6422 4 2 20 2 2833 3638 3393 4037
6423 4 2 20 2 458 455 500 3824
6424 4 2 20 2 1499 3067 3246 3364
6425 4 2 20 2 3185 3506 3365 3679
6426 4 2 20 2 2835 3916 2858 4080
6427 4 2 20 2 2346 2313 2945 3889
6428 4 2 20 2 2920 3393 3289 4037
6429 4 2 20 2 2938 3433 3152 3859
6430 4 2 20 2 654 748 656 3748
6431 4 2 20 2 3024 3363 3328 3435
6432 4 2 20 2 1421 1404 3152 3859
6433 4 2 20 2 3115 3583 3288 3964
6434 4 2 20 2 3040 3624 3131 3816
6435 4 2 20 2 3123 2948 3361 3805
6436 4 2 20 2 2132 3263 3928 3930
6437 4 2 20 2 2974 3435 3664 3969
6438 4 2 20 2 2942 3479 3281 3573
6439 4 2 20 2 3046 3368 3121 3678
6440 4 2 20 2 1524 3303 1709 3639
6441 4 2 20 2 2987 3411 3273 3672
6442 4 2 20 2 2857 2896 2956 3392
6443 4 2 20 2 2938 3433 3324 3810
6444 4 2 20 2 3060 3548 3277 3657
6445 4 2 20 2 2859 3724 3896 4002
6446 4 2 20 2 3406 3656 3390 4108
6447 4 2 20 2 1417 3603 3193 3957
6448 4 2 20 2 1146 1114 3344 3469
6449 4 2 20 2 482 3322 481 3443
6450 4 2 20 2 3062 3687 3091 3886
6451 4 2 20 2 1033 3135 1045 3469
6452 4 2 20 2 2954 3665 3576 3782
6453 4 2 20 2 3099 3464 3354 3820
6454 4 2 20 2 2905 3427 3171 3802
6455 4 2 20 2 3131 3615 3470 3624
6456 4 2 20 2 1919 3677 3272 3752
6457 4 2 20 2 913 873 844 3721
6458 4 2 20 2 2885 3032 3422 3566
6459 4 2 20 2 2994 3098 3446 3785
6460 4 2 20 2 613 662 575 3542
6461 4 2 20 2 2978 3485 3936 4113
6462 4 2 20 2 1390 1264 3636 4103
6463 4 2 20 2 3022 3216 3209 3571
6464 4 2 20 2 2931 3341 3174 3438
6465 4 2 20 2 3439 3778 3405 3933
6466 4 2 20 2 2856 2878 3034 3817
6467 4 2 20 2 3328 3435 2974 3521
6468 4 2 20 2 875 850 876 3164
6469 4 2 20 2 3063 3248 2178 3865
6470 4 2 20 2 3266 3761 3595 4117
6471 4 2 20 2 3130 3909 3364 4026
6472 4 2 20 2 2930 3301 3481 3569
6473 4 2 20 2 2851 3375 2911 4055
6474 4 2 20 2 3223 3614 3006 3728
6475 4 2 20 2 3050 3828 3765 4079
6476 4 2 20 2 2864 3022 3495 3958
6477 4 2 20 2 1193 3890 3302 3940
6478 4 2 20 2 3395 3583 2937 3614
6479 4 2 20 2 3220 3221 2961 3455
6480 4 2 20 2 2936 3241 3143 3400
6481 4 2 20 2 3183 2275 3499 3790
6482 4 2 20 2 3261 3566 3032 3628
6483 4 2 20 2 2285 2319 2306 3059
6484 4 2 20 2 2110 3401 3850 4040
6485 4 2 20 2 3316 3502 3321 3674
6486 4 2 20 2 3331 3506 3054 3938
6487 4 2 20 2 2934 3052 3474 3864
6488 4 2 20 2 3130 3364 3467 3866
6489 4 2 20 2 2865 3758 3708 3910
6490 4 2 20 2 3118 3341 3112 4036
6491 4 2 20 2 2833 3363 3328 3552
6492 4 2 20 2 3204 2946 3243 3729
6493 4 2 20 2 60 3438 3118 4010
6494 4 2 20 2 1649 3308 3099 3646
6495 4 2 20 2 3095 3440 1500 3742
6496 4 2 20 2 3083 3181 2921 3246
6497 4 2 20 2 2910 3373 3177 4023
6498 4 2 20 2 3400 3437 3003 3595
6499 4 2 20 2 3209 2949 3403 3931
6500 4 2 20 2 323 322 285 3017
6501 4 2 20 2 1637 1662 3410 3555
6502 4 2 20 2 1237 1239 1238 3072
6503 4 2 20 2 2922 3057 3212 3714
6504 4 2 20 2 2970 3066 2901 3275
6505 4 2 20 2 1756 3555 3166 3667
6506 4 2 20 2 2938 3504 3152 3623
6507 4 2 20 2 3161 3383 3162 3977
6508 4 2 20 2 2269 3539 3064 3668
6509 4 2 20 2 2464 3087 3276 3477
6510 4 2 20 2 419 463 421 3899
6511 4 2 20 2 897 896 895 3311
6512 4 2 20 2 3060 3657 3330 3740
6513 4 2 20 2 3378 2847 3761 3767
6514 4 2 20 2 2836 3161 3285 3998
6515 4 2 20 2 2930 3481 3301 3901
6516 4 2 20 2 851 2343 849 816
6517 4 2 20 2 3134 2934 3474 3998
6518 4 2 20 2 3117 3840 3166 3884
6519 4 2 20 2 3209 3303 3429 3931
6520 4 2 20 2 679 3249 678 3513
6521 4 2 20 2 1396 3229 1352 3644
6522 4 2 20 2 125 3626 3009 3974
6523 4 2 20 2 1268 3072 1269 3324
6524 4 2 20 2 2839 3483 3805 3834
6525 4 2 20 2 2969 3481 3218 3648
6526 4 2 20 2 1495 3518 3131 3519
6527 4 2 20 2 3129 3613 2835 3992
6528 4 2 20 2 2833 3393 3747 4037
6529 4 2 20 2 2905 3422 3045 3802
6530 4 2 20 2 3256 3579 3031 3762
6531 4 2 20 2 2948 3476 3421 3708
6532 4 2 20 2 1802 1708 1761 3048
6533 4 2 20 2 2931 3118 2865 3758
6534 4 2 20 2 3126 3747 3393 4037
6535 4 2 20 2 3249 3320 2915 3511
6536 4 2 20 2 1930 3098 3877 3972
6537 4 2 20 2 2844 3170 3125 3509
6538 4 2 20 2 2966 3176 3319 3517
6539 4 2 20 2 3134 3423 3552 3783
6540 4 2 20 2 80 81 79 3573
6541 4 2 20 2 2283 2235 2246 3199
6542 4 2 20 2 3316 3584 2902 4077
6543 4 2 20 2 3269 3464 3207 3817
6544 4 2 20 2 3175 3450 2884 4003
6545 4 2 20 2 1411 3083 1387 3786
6546 4 2 20 2 2833 3540 3423 3747
6547 4 2 20 2 3115 3288 3250 3964
6548 4 2 20 2 3010 3329 171 3545
6549 4 2 20 2 3113 3827 3724 3968
6550 4 2 20 2 3064 3238 3380 4042
6551 4 2 20 2 2867 3353 3516 3898
6552 4 2 20 2 3095 3420 3302 4023
6553 4 2 20 2 3091 3622 3211 3640
6554 4 2 20 2 2957 3051 3287 3659
6555 4 2 20 2 2872 3238 3078 4042
6556 4 2 20 2 3085 3106 2871 3769
6557 4 2 20 2 2954 3584 1801 3942
6558 4 2 20 2 1339 1407 3111 4082
6559 4 2 20 2 1916 1841 1917 3039
6560 4 2 20 2 2947 3298 3383 4108
6561 4 2 20 2 2851 3484 3375 3493
6562 4 2 20 2 3180 3202 2907 3735
6563 4 2 20 2 1695 1649 3099 4104
6564 4 2 20 2 3165 3391 2960 4109
6565 4 2 20 2 3052 3864 2934 3977
6566 4 2 20 2 3140 3929 3380 3930
6567 4 2 20 2 3107 3606 84 3780
6568 4 2 20 2 3175 3349 3113 4003
6569 4 2 20 2 1067 3527 3159 3710
6570 4 2 20 2 2887 3589 3496 3702
6571 4 2 20 2 2848 3162 3273 3383
6572 4 2 20 2 455 458 3666 3824
6573 4 2 20 2 3065 3366 3329 3794
6574 4 2 20 2 3096 2974 3399 3969
6575 4 2 20 2 2306 3059 2319 3681
6576 4 2 20 2 3011 3671 3629 3951
6577 4 2 20 2 2995 3200 2923 3706
6578 4 2 20 2 231 3147 3202 4111
6579 4 2 20 2 1880 1898 2005 1972
6580 4 2 20 2 3390 3406 3047 3656
6581 4 2 20 2 3056 3532 3684 3883
6582 4 2 20 2 3287 3720 3101 3785
6583 4 2 20 2 1475 3145 3800 3845
6584 4 2 20 2 1711 3316 1671 3321
6585 4 2 20 2 2085 3700 3505 3841
6586 4 2 20 2 1768 2981 3547 3565
6587 4 2 20 2 3354 3820 2989 3836
6588 4 2 20 2 113 3309 3112 3388
6589 4 2 20 2 3119 3783 3283 3842
6590 4 2 20 2 2867 3353 3448 3641
6591 4 2 20 2 2948 3361 3068 3623
6592 4 2 20 2 2947 3827 3724 4003
6593 4 2 20 2 2840 3550 2894 3894
6594 4 2 20 2 1229 3825 3429 3991
6595 4 2 20 2 486 483 397 4006
6596 4 2 20 2 3125 3861 2958 3880
6597 4 2 20 2 2990 3652 3346 3696
6598 4 2 20 2 2415 3564 3020 4060
6599 4 2 20 2 2864 3571 3359 4034
6600 4 2 20 2 2866 3523 3264 4024
6601 4 2 20 2 385 345 344 3206
6602 4 2 20 2 3175 4002 3349 4003
6603 4 2 20 2 578 580 619 3725
6604 4 2 20 2 3218 3592 3123 3805
6605 4 2 20 2 2953 3304 3120 3597
6606 4 2 20 2 484 485 441 3343
6607 4 2 20 2 1536 3131 3162 3470
6608 4 2 20 2 3208 3576 2979 3703
6609 4 2 20 2 3536 3636 3502 4103
6610 4 2 20 2 3120 3798 3581 4065
6611 4 2 20 2 191 2968 3388 3559
6612 4 2 20 2 3328 3363 3024 3552
6613 4 2 20 2 3097 3359 2960 3799
6614 4 2 20 2 3066 3275 2970 3511
6615 4 2 20 2 3016 3559 290 4091
6616 4 2 20 2 3095 3297 3177 3674
6617 4 2 20 2 3209 3571 3216 3660
6618 4 2 20 2 1906 1887 1966 3927
6619 4 2 20 2 3239 2902 3584 4077
6620 4 2 20 2 2466 3561 3562 3992
6621 4 2 20 2 1709 3558 3191 3662
6622 4 2 20 2 1386 3095 1500 3742
6623 4 2 20 2 2219 2255 3012 3889
6624 4 2 20 2 1397 3429 3229 3991
6625 4 2 20 2 2145 2132 3263 3928
6626 4 2 20 2 3058 3543 3476 3723
6627 4 2 20 2 639 588 3670 4038
6628 4 2 20 2 3684 3883 3602 4001
6629 4 2 20 2 3261 3628 2834 3904
6630 4 2 20 2 2247 3717 3525 4097
6631 4 2 20 2 3024 3435 3157 3746
6632 4 2 20 2 1156 1216 1154 3454
6633 4 2 20 2 2883 2907 3307 3848
6634 4 2 20 2 3220 2961 3407 3648
6635 4 2 20 2 2851 3407 3221 3556
6636 4 2 20 2 3313 3898 3516 4047
6637 4 2 20 2 2933 3317 3253 3717
6638 4 2 20 2 2861 3070 3289 3938
6639 4 2 20 2 2089 3659 2071 3812
6640 4 2 20 2 2884 3185 3451 3679
6641 4 2 20 2 2234 2235 2283 3199
6642 4 2 20 2 2842 3061 3865 4100
6643 4 2 20 2 1990 2035 3505 3841
6644 4 2 20 2 2892 3504 3203 3866
6645 4 2 20 2 3140 3028 3450 3929
6646 4 2 20 2 3126 3315 3143 3885
6647 4 2 20 2 3082 3840 3166 3901
6648 4 2 20 2 3019 3494 3395 3796
6649 4 2 20 2 2929 3091 3640 3687
6650 4 2 20 2 2953 3120 3589 4093
6651 4 2 20 2 3116 3716 3293 3860
6652 4 2 20 2 3595 3685 3266 4117
6653 4 2 20 2 3041 3210 3379 3755
6654 4 2 20 2 1324 1360 3072 3410
6655 4 2 20 2 3191 2921 3558 3815
6656 4 2 20 2 2937 3558 3191 3776
6657 4 2 20 2 3196 3808 3184 3906
6658 4 2 20 2 3129 3830 3332 4080
6659 4 2 20 2 3203 3625 3040 3926
6660 4 2 20 2 2881 3781 3399 3935
6661 4 2 20 2 2840 3186 3278 3984
6662 4 2 20 2 3303 2966 3429 3931
6663 4 2 20 2 2926 3441 3163 3707
6664 4 2 20 2 2927 3005 2250 3970
6665 4 2 20 2 797 725 795 3535
6666 4 2 20 2 297 3598 3336 3635
6667 4 2 20 2 2868 2901 3275 3374
6668 4 2 20 2 848 876 850 3721
6669 4 2 20 2 3027 3707 3538 3973
6670 4 2 20 2 3708 3758 3052 3910
6671 4 2 20 2 1403 3152 1404 3859
6672 4 2 20 2 2486 2494 2492 3129
6673 4 2 20 2 2909 3205 3204 3729
6674 4 2 20 2 1051 3216 3135 3660
6675 4 2 20 2 1198 3568 3226 3599
6676 4 2 20 2 3104 3596 1592 3874
6677 4 2 20 2 2872 3534 3038 4007
6678 4 2 20 2 2933 3717 3253 3852
6679 4 2 20 2 2878 3243 3204 3759
6680 4 2 20 2 2846 3551 3402 3566
6681 4 2 20 2 2833 3315 3747 3885
6682 4 2 20 2 3217 3672 3656 3715
6683 4 2 20 2 3059 3444 3178 3852
6684 4 2 20 2 2929 3199 3198 3688
6685 4 2 20 2 3018 3505 3199 3700
6686 4 2 20 2 2961 3218 3648 3904
6687 4 2 20 2 3288 3746 3024 3808
6688 4 2 20 2 2833 3638 3540 3747
6689 4 2 20 2 2960 3097 3404 3751
6690 4 2 20 2 2832 3549 3696 3985
6691 4 2 20 2 3209 3403 3303 3931
6692 4 2 20 2 1940 1927 3048 3728
6693 4 2 20 2 2845 3529 2901 3532
6694 4 2 20 2 2994 3462 3098 3785
6695 4 2 20 2 1537 3466 3162 3518
6696 4 2 20 2 3481 3648 2969 3805
6697 4 2 20 2 3251 3583 3515 3746
6698 4 2 20 2 2345 3179 3238 3539
6699 4 2 20 2 2908 3479 3125 4095
6700 4 2 20 2 3237 2902 3316 3584
6701 4 2 20 2 633 632 3621 3768
6702 4 2 20 2 3097 3359 3719 3751
6703 4 2 20 2 2890 3722 3678 4033
6704 4 2 20 2 2840 3242 3278 3521
6705 4 2 20 2 338 257 337 3920
6706 4 2 20 2 2902 3576 3239 3584
6707 4 2 20 2 138 101 140 3396
6708 4 2 20 2 24 3537 3438 4010
6709 4 2 20 2 2848 3347 3560 3869
6710 4 2 20 2 3039 3796 3279 3819
6711 4 2 20 2 2889 3288 3115 3583
6712 4 2 20 2 2967 3128 3592 3628
6713 4 2 20 2 2990 3652 3265 3985
6714 4 2 20 2 317 278 277 3594
6715 4 2 20 2 2986 3702 3554 3704
6716 4 2 20 2 3640 3687 3178 3727
6717 4 2 20 2 904 945 944 3733
6718 4 2 20 2 1511 3476 3433 3623
6719 4 2 20 2 60 58 26 3438
6720 4 2 20 2 2858 4080 2950 4081
6721 4 2 20 2 1678 1735 3099 3286
6722 4 2 20 2 1949 1958 3028 3616
6723 4 2 20 2 3144 3203 1343 3918
6724 4 2 20 2 2933 3031 3317 3717
6725 4 2 20 2 3069 3168 2985 3412
6726 4 2 20 2 2926 3540 3441 3707
6727 4 2 20 2 2833 3328 3435 3664
6728 4 2 20 2 2931 3118 3341 3438
6729 4 2 20 2 3365 3451 3185 3679
6730 4 2 20 2 2924 3290 3121 3616
6731 4 2 20 2 2938 3152 3504 3866
6732 4 2 20 2 3258 4002 2941 4003
6733 4 2 20 2 1670 1786 1784 3316
6734 4 2 20 2 3281 3606 3107 3780
6735 4 2 20 2 2890 3367 3150 3678
6736 4 2 20 2 2882 3173 3483 3867
6737 4 2 20 2 3101 3317 3287 3659
6738 4 2 20 2 3125 3252 2958 3509
6739 4 2 20 2 3186 3514 3325 3760
6740 4 2 20 2 3211 3663 3668 3709
6741 4 2 20 2 3218 3481 2969 3805
6742 4 2 20 2 2837 3349 3367 3896
6743 4 2 20 2 3178 2881 3687 3797
6744 4 2 20 2 2930 3301 3555 3901
6745 4 2 20 2 2841 3370 3146 3944
6746 4 2 20 2 3052 3756 3708 3939
6747 4 2 20 2 3220 3465 3264 3946
6748 4 2 20 2 2836 3595 3761 4117
6749 4 2 20 2 3082 3900 3840 3901
6750 4 2 20 2 2865 3269 3347 3723
6751 4 2 20 2 3430 3032 3802 3803
6752 4 2 20 2 3390 3603 2918 3765
6753 4 2 20 2 2861 3576 3208 3703
6754 4 2 20 2 3049 3690 2987 3879
6755 4 2 20 2 2117 3272 3063 3865
6756 4 2 20 2 239 238 191 3559
6757 4 2 20 2 3039 3395 3796 3819
6758 4 2 20 2 2878 2932 3069 3412
6759 4 2 20 2 3070 3331 3054 3938
6760 4 2 20 2 1322 3209 1413 3303
6761 4 2 20 2 3128 3566 3628 3863
6762 4 2 20 2 125 3009 3270 3974
6763 4 2 20 2 1597 3475 2987 3672
6764 4 2 20 2 3286 3379 2838 3755
6765 4 2 20 2 3192 3550 2935 3899
6766 4 2 20 2 2948 3470 3708 3939
6767 4 2 20 2 2980 3120 3703 3798
6768 4 2 20 2 2924 3295 3150 3881
6769 4 2 20 2 2938 3410 3072 3467
6770 4 2 20 2 3137 3332 3129 3830
6771 4 2 20 2 2947 3383 3466 4108
6772 4 2 20 2 2839 2969 3483 3648
6773 4 2 20 2 2207 2113 2171 3253
6774 4 2 20 2 1992 3395 3478 3776
6775 4 2 20 2 3046 3678 3121 3873
6776 4 2 20 2 243 290 328 3255
6777 4 2 20 2 3495 3958 3373 3973
6778 4 2 20 2 3025 3699 3287 3912
6779 4 2 20 2 2979 3632 2993 3798
6780 4 2 20 2 3306 3731 3305 3858
6781 4 2 20 2 3029 3289 3178 3497
6782 4 2 20 2 1499 3342 3067 3669
6783 4 2 20 2 2875 2943 2842 3880
6784 4 2 20 2 3082 3772 2938 3901
6785 4 2 20 2 3083 3246 2997 3453
6786 4 2 20 2 1817 3166 1756 3555
6787 4 2 20 2 3134 3551 3119 3783
6788 4 2 20 2 368 323 370 3334
6789 4 2 20 2 1493 1513 1470 3470
6790 4 2 20 2 2840 3242 3521 3833
6791 4 2 20 2 2902 3446 3297 3522
6792 4 2 20 2 1979 3368 2022 3677
6793 4 2 20 2 3119 3457 3783 3842
6794 4 2 20 2 2840 3605 3032 3863
6795 4 2 20 2 2864 3319 3931 3958
6796 4 2 20 2 633 767 723 3621
6797 4 2 20 2 605 568 518 2959
6798 4 2 20 2 3233 3407 2961 3648
6799 4 2 20 2 2844 3170 3509 4075
6800 4 2 20 2 3135 3571 3216 3673
6801 4 2 20 2 2930 3385 3667 3671
6802 4 2 20 2 3032 2885 3550 3566
6803 4 2 20 2 563 514 469 3488
6804 4 2 20 2 3081 3518 3519 3682
6805 4 2 20 2 2861 3497 3070 3703
6806 4 2 20 2 2893 3305 3731 3858
6807 4 2 20 2 1065 1061 3182 3710
6808 4 2 20 2 3328 3521 3242 3833
6809 4 2 20 2 1386 3742 1453 3845
6810 4 2 20 2 171 3329 3010 3626
6811 4 2 20 2 1673 3644 3176 4030
6812 4 2 20 2 3401 3512 2929 3647
6813 4 2 20 2 139 3491 137 3794
6814 4 2 20 2 2834 3261 3904 3946
6815 4 2 20 2 1807 1768 2981 3547
6816 4 2 20 2 2887 3145 3227 3331
6817 4 2 20 2 1156 1158 1216 3454
6818 4 2 20 2 1264 3502 1347 3636
6819 4 2 20 2 2967 3123 3569 3951
6820 4 2 20 2 2944 3663 3634 3849
6821 4 2 20 2 2873 2946 2985 3759
6822 4 2 20 2 3299 3464 2841 3646
6823 4 2 20 2 2920 3189 3634 3883
6824 4 2 20 2 2110 3850 3697 4040
6825 4 2 20 2 3162 3273 3058 3737
6826 4 2 20 2 884 929 882 3338
6827 4 2 20 2 2909 2931 3174 3438
6828 4 2 20 2 2963 3119 3551 3783
6829 4 2 20 2 3399 3969 3664 4083
6830 4 2 20 2 2862 3009 3107 3369
6831 4 2 20 2 2937 3223 3558 3776
6832 4 2 20 2 34 28 33 4119
6833 4 2 20 2 2834 3628 3032 3822
6834 4 2 20 2 742 600 687 3763
6835 4 2 20 2 3368 2844 3861 4099
6836 4 2 20 2 3163 3441 3279 3732
6837 4 2 20 2 3002 3679 3140 3925
6838 4 2 20 2 2874 3517 3732 3757
6839 4 2 20 2 1576 3162 1574 3273
6840 4 2 20 2 2842 3122 3252 3413
6841 4 2 20 2 220 175 177 3491
6842 4 2 20 2 2994 3215 3645 3775
6843 4 2 20 2 2947 3383 3298 4003
6844 4 2 20 2 3188 3052 3601 3756
6845 4 2 20 2 1476 3669 3364 4026
6846 4 2 20 2 2890 2971 3030 3271
6847 4 2 20 2 156 153 193 3153
6848 4 2 20 2 2921 3516 3163 3719
6849 4 2 20 2 1858 1889 1844 3236
6850 4 2 20 2 1845 3451 3365 3697
6851 4 2 20 2 3043 3655 3398 4049
6852 4 2 20 2 1368 3467 3364 4032
6853 4 2 20 2 668 620 666 3310
6854 4 2 20 2 145 104 102 4089
6855 4 2 20 2 3270 3107 3369 3606
6856 4 2 20 2 2978 3936 3906 4113
6857 4 2 20 2 3126 2936 3437 3885
6858 4 2 20 2 2861 3640 3245 3938
6859 4 2 20 2 3437 3885 2936 3960
6860 4 2 20 2 3150 3170 2890 3678
6861 4 2 20 2 816 784 756 3952
6862 4 2 20 2 3353 3448 3067 3898
6863 4 2 20 2 2951 3571 3135 3673
6864 4 2 20 2 3032 3550 2894 3605
6865 4 2 20 2 1851 1791 3300 3752
6866 4 2 20 2 2072 3494 3395 4016
6867 4 2 20 2 3302 3578 1193 3940
6868 4 2 20 2 2848 3910 3162 3977
6869 4 2 20 2 3250 3432 3115 3964
6870 4 2 20 2 2946 2985 3243 3524
6871 4 2 20 2 3202 3498 231 4111
6872 4 2 20 2 2885 3550 3192 3870
6873 4 2 20 2 12 3243 3572 3754
6874 4 2 20 2 106 145 148 3735
6875 4 2 20 2 2934 3161 3682 3977
6876 4 2 20 2 3087 3477 2835 3917
6877 4 2 20 2 440 3073 441 3231
6878 4 2 20 2 3130 2938 3410 3555
6879 4 2 20 2 3124 3480 3019 4094
6880 4 2 20 2 2970 3275 2901 3529
6881 4 2 20 2 1413 3303 3209 3897
6882 4 2 20 2 2977 3447 3066 3602
6883 4 2 20 2 2045 1949 2014 3930
6884 4 2 20 2 1678 3099 1649 3308
6885 4 2 20 2 3346 3496 3070 3829
6886 4 2 20 2 2202 3221 2897 3523
6887 4 2 20 2 2839 3483 2969 3805
6888 4 2 20 2 1130 3022 1123 3825
6889 4 2 20 2 3193 2918 3603 3765
6890 4 2 20 2 1325 3072 1268 3324
6891 4 2 20 2 3222 2918 3765 4108
6892 4 2 20 2 2947 3724 3383 4003
6893 4 2 20 2 1514 3079 1638 3838
6894 4 2 20 2 2902 3522 3297 3674
6895 4 2 20 2 3268 3379 3172 3489
6896 4 2 20 2 3315 3328 2974 3965
6897 4 2 20 2 3332 3846 3129 4066
6898 4 2 20 2 3444 3579 3292 4083
6899 4 2 20 2 419 420 463 3598
6900 4 2 20 2 3361 3900 2938 3901
6901 4 2 20 2 2894 3550 3136 3894
6902 4 2 20 2 2980 3297 3208 3582
6903 4 2 20 2 2880 3080 2913 3291
6904 4 2 20 2 3189 3374 2868 3612
6905 4 2 20 2 2304 3156 2255 3889
6906 4 2 20 2 2851 3233 3484 3493
6907 4 2 20 2 2948 3058 3470 3476
6908 4 2 20 2 3130 2938 3467 3909
6909 4 2 20 2 3130 3669 1664 4026
6910 4 2 20 2 3292 3579 3444 3860
6911 4 2 20 2 681 594 682 3686
6912 4 2 20 2 3323 3500 3601 3864
6913 4 2 20 2 1237 1231 1232 3072
6914 4 2 20 2 72 3112 111 3309
6915 4 2 20 2 2371 2891 2945 3013
6916 4 2 20 2 3156 3507 3012 4024
6917 4 2 20 2 294 247 252 3691
6918 4 2 20 2 2878 3759 2841 3944
6919 4 2 20 2 728 676 641 3511
6920 4 2 20 2 3099 2989 3464 3820
6921 4 2 20 2 296 297 3336 3635
6922 4 2 20 2 2293 3351 3706 4113
6923 4 2 20 2 2975 3589 3081 3876
6924 4 2 20 2 3282 3517 3039 3796
6925 4 2 20 2 3035 3153 3147 4028
6926 4 2 20 2 1478 3246 1499 3342
6927 4 2 20 2 1765 3415 1711 3877
6928 4 2 20 2 2947 3406 3827 4003
6929 4 2 20 2 2840 3278 3186 3738
6930 4 2 20 2 3022 3571 3209 3931
6931 4 2 20 2 3068 3433 3361 3900
6932 4 2 20 2 3237 3316 1584 3932
6933 4 2 20 2 3326 3482 2922 3771
6934 4 2 20 2 3441 3707 3027 3732
6935 4 2 20 2 2938 3361 3504 3623
6936 4 2 20 2 2987 3475 3204 3690
6937 4 2 20 2 2942 2908 3125 4095
6938 4 2 20 2 2886 3287 2933 3335
6939 4 2 20 2 2912 3157 3419 3774
6940 4 2 20 2 3317 3525 3253 3717
6941 4 2 20 2 2848 3323 3347 3910
6942 4 2 20 2 261 262 210 3749
6943 4 2 20 2 1338 3267 3701 4082
6944 4 2 20 2 1907 3121 1857 3290
6945 4 2 20 2 1033 1026 1021 3135
6946 4 2 20 2 3095 3570 2979 3742
6947 4 2 20 2 921 878 922 3338
6948 4 2 20 2 2864 3359 3097 3799
6949 4 2 20 2 1173 1256 1257 3391
6950 4 2 20 2 3124 3676 3480 4106
6951 4 2 20 2 2907 3345 3779 3896
6952 4 2 20 2 3163 3516 2926 3807
6953 4 2 20 2 2974 3521 3157 3613
6954 4 2 20 2 2875 3371 2943 3793
6955 4 2 20 2 2978 3137 3332 3774
6956 4 2 20 2 3351 3728 3006 3790
6957 4 2 20 2 2979 3331 3632 3703
6958 4 2 20 2 3144 2960 3391 4109
6959 4 2 20 2 121 80 163 3281
6960 4 2 20 2 1338 3701 3267 3911
6961 4 2 20 2 2864 3495 3007 3799
6962 4 2 20 2 752 755 754 3167
6963 4 2 20 2 1496 1426 3222 3518
6964 4 2 20 2 2848 3381 3560 3864
6965 4 2 20 2 2942 2985 2873 3294
6966 4 2 20 2 331 373 335 3795
6967 4 2 20 2 3015 3375 3212 4090
6968 4 2 20 2 1237 1233 1239 3072
6969 4 2 20 2 2889 3515 3583 3746
6970 4 2 20 2 2966 3340 3176 3517
6971 4 2 20 2 3433 3476 3068 3623
6972 4 2 20 2 2903 3075 3329 3366
6973 4 2 20 2 137 3065 173 3794
6974 4 2 20 2 3050 3878 3227 4101
6975 4 2 20 2 1274 1277 1278 3193
6976 4 2 20 2 3050 3267 3145 3878
6977 4 2 20 2 3656 3672 1634 3715
6978 4 2 20 2 1411 3453 3083 3786
6979 4 2 20 2 2840 3284 3242 4052
6980 4 2 20 2 2864 3931 3022 3958
6981 4 2 20 2 2920 3346 3126 3652
6982 4 2 20 2 476 436 482 3618
6983 4 2 20 2 3004 3030 3445 3713
6984 4 2 20 2 3211 3622 3091 3849
6985 4 2 20 2 2855 3514 3186 3760
6986 4 2 20 2 3078 3238 3539 3709
6987 4 2 20 2 2881 3399 3292 3935
6988 4 2 20 2 3137 3129 3332 3774
6989 4 2 20 2 1264 1347 1390 3636
6990 4 2 20 2 2941 4002 3175 4003
6991 4 2 20 2 2951 3571 3359 4008
6992 4 2 20 2 1653 3492 3326 3820
6993 4 2 20 2 2988 3674 3522 3915
6994 4 2 20 2 191 3559 3388 3784
6995 4 2 20 2 3284 3402 2885 3750
6996 4 2 20 2 1066 3434 3135 3673
6997 4 2 20 2 2195 3489 2888 4021
6998 4 2 20 2 3250 3288 3024 3382
6999 4 2 20 2 3150 3367 3170 3896
7000 4 2 20 2 346 344 304 3642
7001 4 2 20 2 1253 1238 1239 3072
7002 4 2 20 2 2836 3685 3595 4117
7003 4 2 20 2 2939 3089 2998 3587
7004 4 2 20 2 2908 2971 2890 3271
7005 4 2 20 2 3400 3761 2847 3767
7006 4 2 20 2 2838 3379 3100 3683
7007 4 2 20 2 3004 3371 3248 3793
7008 4 2 20 2 3253 3525 3317 3720
7009 4 2 20 2 3455 3507 3201 3949
7010 4 2 20 2 2930 3671 3408 3951
7011 4 2 20 2 3204 3243 2946 3759
7012 4 2 20 2 3680 4005 3153 4031
7013 4 2 20 2 2836 3437 3595 3998
7014 4 2 20 2 2864 3571 3022 3931
7015 4 2 20 2 508 466 560 3753
7016 4 2 20 2 2846 2969 3592 3731
7017 4 2 20 2 3277 3454 2960 4050
7018 4 2 20 2 3087 3508 3276 3814
7019 4 2 20 2 2935 3635 2977 4035
7020 4 2 20 2 3364 3467 1368 3909
7021 4 2 20 2 224 228 182 3231
7022 4 2 20 2 3026 3658 3538 3868
7023 4 2 20 2 3002 3788 3925 4042
7024 4 2 20 2 3034 3243 3069 3572
7025 4 2 20 2 2852 3803 3325 4024
7026 4 2 20 2 3522 3674 3321 3915
7027 4 2 20 2 3368 3861 3677 4099
7028 4 2 20 2 3354 3464 2989 3820
7029 4 2 20 2 2844 3150 3170 3968
7030 4 2 20 2 3480 3676 2208 4106
7031 4 2 20 2 1544 1480 3237 3440
7032 4 2 20 2 2997 3719 3359 3751
7033 4 2 20 2 2938 3072 3433 3859
7034 4 2 20 2 1450 3364 3203 4032
7035 4 2 20 2 535 581 582 3791
7036 4 2 20 2 1450 3203 1430 4032
7037 4 2 20 2 3011 3949 3149 4059
7038 4 2 20 2 2939 3483 2998 3867
7039 4 2 20 2 849 813 815 3132
7040 4 2 20 2 1450 1452 1430 3203
7041 4 2 20 2 106 3180 3620 3735
7042 4 2 20 2 2958 3252 3122 3600
7043 4 2 20 2 841 908 871 3254
7044 4 2 20 2 2903 3146 3730 3953
7045 4 2 20 2 1711 1710 3316 3415
7046 4 2 20 2 3162 3470 3131 3939
7047 4 2 20 2 290 3255 3016 3691
7048 4 2 20 2 3218 2969 3648 3904
7049 4 2 20 2 2928 3731 3402 3948
7050 4 2 20 2 3096 3612 2974 3613
7051 4 2 20 2 2910 3456 3373 3958
7052 4 2 20 2 2907 3779 3567 3896
7053 4 2 20 2 3538 3799 3060 3973
7054 4 2 20 2 1481 1545 3237 3502
7055 4 2 20 2 460 589 555 3249
7056 4 2 20 2 2938 3130 3301 3555
7057 4 2 20 2 3185 3360 2918 3406
7058 4 2 20 2 103 142 101 4009
7059 4 2 20 2 3262 3678 2890 3722
7060 4 2 20 2 1067 1019 3710 4116
7061 4 2 20 2 1544 1580 3237 3932
7062 4 2 20 2 2331 3499 3124 3676
7063 4 2 20 2 3047 3406 3360 3996
7064 4 2 20 2 2852 3430 3264 3741
7065 4 2 20 2 1264 1348 3502 3536
7066 4 2 20 2 2878 2985 3243 3759
7067 4 2 20 2 3120 2980 3597 4065
7068 4 2 20 2 2898 3266 3381 3680
7069 4 2 20 2 3057 3714 3683 3726
7070 4 2 20 2 3330 3658 3060 3888
7071 4 2 20 2 129 127 168 3749
7072 4 2 20 2 2889 3115 3288 3746
7073 4 2 20 2 2840 2894 3550 3605
7074 4 2 20 2 3065 3794 3015 4090
7075 4 2 20 2 1768 1732 2981 3565
7076 4 2 20 2 3539 3564 2323 4060
7077 4 2 20 2 2915 2894 3136 3711
7078 4 2 20 2 2937 3313 3223 3809
7079 4 2 20 2 2166 3064 3238 3850
7080 4 2 20 2 3024 3157 3435 3521
7081 4 2 20 2 1418 1327 1358 3433
7082 4 2 20 2 2207 3253 2257 3700
7083 4 2 20 2 3284 3551 3128 3566
7084 4 2 20 2 63 3118 72 4010
7085 4 2 20 2 3163 3403 2966 3815
7086 4 2 20 2 1117 3527 1165 3940
7087 4 2 20 2 3246 3516 3353 3898
7088 4 2 20 2 1486 3429 1322 3639
7089 4 2 20 2 2934 3119 3474 3615
7090 4 2 20 2 485 3232 441 3343
7091 4 2 20 2 300 261 203 3371
7092 4 2 20 2 3330 3060 3740 3888
7093 4 2 20 2 2948 3123 3361 3504
7094 4 2 20 2 2920 3399 3315 4037
7095 4 2 20 2 3243 3524 3069 3754
7096 4 2 20 2 3188 3421 3805 3834
7097 4 2 20 2 2921 3516 3313 3773
7098 4 2 20 2 3201 3507 3200 3949
7099 4 2 20 2 3130 3467 3364 3909
7100 4 2 20 2 2901 3529 3374 3532
7101 4 2 20 2 3016 3192 3691 3870
7102 4 2 20 2 2894 3136 3711 3894
7103 4 2 20 2 2989 3099 3464 3646
7104 4 2 20 2 24 55 3537 4010
7105 4 2 20 2 2947 3390 3656 4108
7106 4 2 20 2 3209 2949 3571 3660
7107 4 2 20 2 1311 3391 1308 3625
7108 4 2 20 2 3062 3512 3687 3886
7109 4 2 20 2 2970 3259 2904 3529
7110 4 2 20 2 2960 3182 3548 4034
7111 4 2 20 2 3525 3659 3101 3980
7112 4 2 20 2 2907 3848 2883 4062
7113 4 2 20 2 2934 3864 3474 3998
7114 4 2 20 2 2942 2908 3479 3573
7115 4 2 20 2 2864 3060 3799 3973
7116 4 2 20 2 1092 3007 3434 3673
7117 4 2 20 2 1245 1204 1221 3181
7118 4 2 20 2 2993 3632 2979 3742
7119 4 2 20 2 2864 3571 3403 4008
7120 4 2 20 2 3015 2882 3375 4090
7121 4 2 20 2 1592 3104 3874 4096
7122 4 2 20 2 3402 3566 2885 3731
7123 4 2 20 2 2902 3297 3208 3576
7124 4 2 20 2 1958 1891 1936 3616
7125 4 2 20 2 1116 1091 3159 3940
7126 4 2 20 2 3119 2963 3283 3783
7127 4 2 20 2 2940 3153 4005 4031
7128 4 2 20 2 3049 3475 2987 3690
7129 4 2 20 2 2873 3449 3509 3690
7130 4 2 20 2 3291 3459 2904 3529
7131 4 2 20 2 3097 3799 3538 3973
7132 4 2 20 2 826 797 863 3535
7133 4 2 20 2 3120 3581 2980 4065
7134 4 2 20 2 2863 3297 3581 3777
7135 4 2 20 2 2861 3289 3178 3640
7136 4 2 20 2 1884 1791 1851 3547
7137 4 2 20 2 2928 3142 3055 3500
7138 4 2 20 2 1341 1429 3144 3625
7139 4 2 20 2 2974 3399 3315 3965
7140 4 2 20 2 333 297 296 3598
7141 4 2 20 2 173 3065 137 3491
7142 4 2 20 2 139 138 3396 3794
7143 4 2 20 2 1490 3068 1509 3433
7144 4 2 20 2 3279 3693 3441 3773
7145 4 2 20 2 2980 3597 3581 3638
7146 4 2 20 2 3415 3446 3098 3962
7147 4 2 20 2 34 31 28 4119
7148 4 2 20 2 1699 3290 3260 3452
7149 4 2 20 2 2848 3411 3273 3737
7150 4 2 20 2 2979 3632 3120 3703
7151 4 2 20 2 3178 3688 3059 3852
7152 4 2 20 2 1108 1133 1129 3825
7153 4 2 20 2 3059 3687 3198 3688
7154 4 2 20 2 161 201 198 3141
7155 4 2 20 2 2857 3092 2896 3392
7156 4 2 20 2 420 461 463 3372
7157 4 2 20 2 3211 2992 3401 3856
7158 4 2 20 2 1397 3229 1439 3991
7159 4 2 20 2 3583 3809 3006 3964
7160 4 2 20 2 1252 1236 1235 3072
7161 4 2 20 2 3123 3528 3119 3756
7162 4 2 20 2 3027 3732 3456 3757
7163 4 2 20 2 3251 3693 3583 3746
7164 4 2 20 2 2493 2459 2478 3129
7165 4 2 20 2 681 684 735 3461
7166 4 2 20 2 3130 3410 2938 3909
7167 4 2 20 2 2884 3175 3337 3696
7168 4 2 20 2 3180 2907 3620 3735
7169 4 2 20 2 1403 3625 3152 3859
7170 4 2 20 2 3256 3031 3579 3903
7171 4 2 20 2 2842 3272 3122 4004
7172 4 2 20 2 3096 3189 3612 3917
7173 4 2 20 2 3261 3422 3032 3566
7174 4 2 20 2 3106 3010 3626 3642
7175 4 2 20 2 3487 3632 3145 3878
7176 4 2 20 2 2885 3402 3284 3566
7177 4 2 20 2 2872 3044 3038 3534
7178 4 2 20 2 2877 3283 3783 3842
7179 4 2 20 2 2343 849 816 815
7180 4 2 20 2 106 110 70 3180
7181 4 2 20 2 3192 3336 297 3598
7182 4 2 20 2 418 3372 335 3447
7183 4 2 20 2 1541 3801 3145 3967
7184 4 2 20 2 3328 3552 3024 4027
7185 4 2 20 2 2930 3629 3385 3671
7186 4 2 20 2 3363 3423 3356 3552
7187 4 2 20 2 618 615 578 3443
7188 4 2 20 2 3074 2931 3323 4036
7189 4 2 20 2 3400 3437 2936 3960
7190 4 2 20 2 3317 3659 2174 3762
7191 4 2 20 2 2893 3142 3323 4036
7192 4 2 20 2 3161 2986 3383 3685
7193 4 2 20 2 1269 3072 1372 3324
7194 4 2 20 2 3150 3295 2924 3873
7195 4 2 20 2 2200 2208 3480 3676
7196 4 2 20 2 1259 1216 3277 3608
7197 4 2 20 2 2978 3906 3485 4113
7198 4 2 20 2 2282 3668 2203 3886
7199 4 2 20 2 2864 3060 3495 3799
7200 4 2 20 2 80 3573 79 3780
7201 4 2 20 2 1923 3117 1877 3236
7202 4 2 20 2 2910 3197 3568 4025
7203 4 2 20 2 3082 3324 2938 3772
7204 4 2 20 2 2863 3373 3177 3777
7205 4 2 20 2 2834 3629 3455 3904
7206 4 2 20 2 535 537 3392 3791
7207 4 2 20 2 3184 3499 3196 3906
7208 4 2 20 2 3185 3506 3839 3844
7209 4 2 20 2 2885 3045 3550 3870
7210 4 2 20 2 1580 3440 3237 3933
7211 4 2 20 2 128 46 130 3225
7212 4 2 20 2 3632 3787 2993 3798
7213 4 2 20 2 3100 3286 1737 3927
7214 4 2 20 2 2957 3124 3256 3419
7215 4 2 20 2 481 436 393 3322
7216 4 2 20 2 320 366 3187 3362
7217 4 2 20 2 3204 3205 2946 3729
7218 4 2 20 2 3374 3814 3087 3917
7219 4 2 20 2 3275 3278 2868 3612
7220 4 2 20 2 77 3631 78 3914
7221 4 2 20 2 1116 3159 1117 3940
7222 4 2 20 2 3117 3556 1877 4000
7223 4 2 20 2 728 727 768 3907
7224 4 2 20 2 2878 3069 2985 3412
7225 4 2 20 2 3282 3645 3051 3812
7226 4 2 20 2 359 356 358 3498
7227 4 2 20 2 3273 3383 3162 3466
7228 4 2 20 2 3207 3269 2989 3464
7229 4 2 20 2 3025 3363 3693 3746
7230 4 2 20 2 2856 3354 3207 3971
7231 4 2 20 2 3056 3883 3684 4001
7232 4 2 20 2 2846 3528 3119 3551
7233 4 2 20 2 2902 3208 3297 3446
7234 4 2 20 2 1092 1093 1065 3673
7235 4 2 20 2 3128 3250 3833 3863
7236 4 2 20 2 237 242 194 3147
7237 4 2 20 2 2907 3180 3035 3202
7238 4 2 20 2 2948 3421 3361 3805
7239 4 2 20 2 3060 3658 3538 3888
7240 4 2 20 2 2957 3419 3256 3903
7241 4 2 20 2 2893 3188 3305 3834
7242 4 2 20 2 3203 3364 3453 3857
7243 4 2 20 2 3188 3052 3708 3758
7244 4 2 20 2 2975 3487 3589 3787
7245 4 2 20 2 1955 1992 3395 3478
7246 4 2 20 2 3260 3290 1773 4099
7247 4 2 20 2 3701 3765 3050 3828
7248 4 2 20 2 1438 3429 1486 3851
7249 4 2 20 2 2349 3485 2350 4113
7250 4 2 20 2 1773 3377 3260 4099
7251 4 2 20 2 2859 3567 3170 3879
7252 4 2 20 2 3032 3422 3261 3430
7253 4 2 20 2 2861 3208 3576 3782
7254 4 2 20 2 2960 3751 3404 4109
7255 4 2 20 2 3279 3517 2874 3796
7256 4 2 20 2 2836 3285 3161 3704
7257 4 2 20 2 3258 3411 2848 3737
7258 4 2 20 2 2882 3483 2939 3867
7259 4 2 20 2 1175 1193 3302 3578
7260 4 2 20 2 1372 1373 1463 3433
7261 4 2 20 2 238 240 3362 3559
7262 4 2 20 2 2836 3437 3400 3595
7263 4 2 20 2 1396 3611 3229 3644
7264 4 2 20 2 3277 3548 3060 3799
7265 4 2 20 2 2862 3369 3252 3413
7266 4 2 20 2 2202 2897 3221 3792
7267 4 2 20 2 3147 3153 2940 3490
7268 4 2 20 2 3075 3794 3366 4090
7269 4 2 20 2 1395 3197 3568 3611
7270 4 2 20 2 3724 4002 3258 4003
7271 4 2 20 2 2846 3128 3566 3592
7272 4 2 20 2 3025 3108 3540 4070
7273 4 2 20 2 2991 3054 3506 3938
7274 4 2 20 2 2939 3309 3089 3587
7275 4 2 20 2 2930 3555 3166 3901
7276 4 2 20 2 2832 3549 3230 3696
7277 4 2 20 2 2960 3404 3097 3799
7278 4 2 20 2 2871 3413 3591 4100
7279 4 2 20 2 3107 3369 3281 3780
7280 4 2 20 2 1386 3420 3095 3742
7281 4 2 20 2 2941 4003 3175 4117
7282 4 2 20 2 2865 2939 3533 3834
7283 4 2 20 2 2909 3118 2931 3438
7284 4 2 20 2 3302 3890 3240 3940
7285 4 2 20 2 574 529 528 3352
7286 4 2 20 2 2889 3157 3746 3808
7287 4 2 20 2 2848 3273 3162 3737
7288 4 2 20 2 1351 1438 3176 3429
7289 4 2 20 2 3197 3226 1350 3568
7290 4 2 20 2 1634 3656 3217 3672
7291 4 2 20 2 2832 3696 3265 3985
7292 4 2 20 2 2856 3075 3034 3730
7293 4 2 20 2 3395 3494 3039 3796
7294 4 2 20 2 1229 3429 1351 3991
7295 4 2 20 2 3006 3728 3351 4114
7296 4 2 20 2 409 3187 366 3334
7297 4 2 20 2 2861 3245 3665 3938
7298 4 2 20 2 3701 3765 3222 4101
7299 4 2 20 2 113 3388 3112 3784
7300 4 2 20 2 234 188 191 3388
7301 4 2 20 2 1454 1432 1388 3181
7302 4 2 20 2 1463 1459 1372 3433
7303 4 2 20 2 1678 1735 3286 3565
7304 4 2 20 2 3075 3425 3034 3537
7305 4 2 20 2 3292 3293 3031 3860
7306 4 2 20 2 2863 3177 3373 3888
7307 4 2 20 2 2873 3125 2942 3955
7308 4 2 20 2 2958 3063 3272 3880
7309 4 2 20 2 3140 1985 3697 4063
7310 4 2 20 2 2839 3805 3421 3834
7311 4 2 20 2 3273 3466 1573 3715
7312 4 2 20 2 2963 3119 3528 3551
7313 4 2 20 2 1677 3104 3300 3596
7314 4 2 20 2 1067 1018 1019 4116
7315 4 2 20 2 882 929 927 3338
7316 4 2 20 2 2876 3483 3233 3867
7317 4 2 20 2 1438 3176 3429 3851
7318 4 2 20 2 2958 3677 3377 3943
7319 4 2 20 2 2835 3477 3129 4073
7320 4 2 20 2 3070 3497 3393 3703
7321 4 2 20 2 898 897 899 3133
7322 4 2 20 2 1479 3095 1431 3636
7323 4 2 20 2 3121 3295 2924 3616
7324 4 2 20 2 2856 3464 2878 3817
7325 4 2 20 2 3300 3596 3104 3874
7326 4 2 20 2 2988 3095 3302 4023
7327 4 2 20 2 1255 1281 3816 4050
7328 4 2 20 2 1493 3131 1536 3470
7329 4 2 20 2 3108 3581 3540 3638
7330 4 2 20 2 1768 1732 1807 2981
7331 4 2 20 2 2847 3241 3400 3767
7332 4 2 20 2 2841 2878 3464 3759
7333 4 2 20 2 2926 3516 3163 3773
7334 4 2 20 2 14 21 11 3832
7335 4 2 20 2 278 229 233 3384
7336 4 2 20 2 2951 3135 3571 4008
7337 4 2 20 2 2938 3504 3301 3866
7338 4 2 20 2 3010 3268 2903 3366
7339 4 2 20 2 2931 3341 3118 4036
7340 4 2 20 2 3141 3336 201 3691
7341 4 2 20 2 3020 3564 3539 4060
7342 4 2 20 2 652 653 691 2972
7343 4 2 20 2 1490 3068 3433 3476
7344 4 2 20 2 399 447 360 3789
7345 4 2 20 2 2921 3246 3181 4047
7346 4 2 20 2 3262 3263 3046 3835
7347 4 2 20 2 2867 3610 3250 4059
7348 4 2 20 2 2892 3123 3301 3569
7349 4 2 20 2 645 559 646 3461
7350 4 2 20 2 3363 3435 3024 3746
7351 4 2 20 2 3420 3742 1386 3845
7352 4 2 20 2 2877 3751 3283 4109
7353 4 2 20 2 3026 3538 4065 4084
7354 4 2 20 2 3117 3233 2851 3556
7355 4 2 20 2 2960 3458 3918 4053
7356 4 2 20 2 440 441 442 3231
7357 4 2 20 2 2245 3199 3512 3647
7358 4 2 20 2 3115 3809 3583 3964
7359 4 2 20 2 3295 3929 3028 3930
7360 4 2 20 2 2960 3548 3277 3799
7361 4 2 20 2 3062 3512 3198 3687
7362 4 2 20 2 427 337 259 3990
7363 4 2 20 2 3131 3842 3165 3876
7364 4 2 20 2 3402 2885 3750 3948
7365 4 2 20 2 2875 3154 2943 3371
7366 4 2 20 2 3123 3361 3301 3481
7367 4 2 20 2 2944 3056 3532 3849
7368 4 2 20 2 3024 3552 3363 4027
7369 4 2 20 2 2415 3020 2414 4060
7370 4 2 20 2 1220 1114 1163 3344
7371 4 2 20 2 2856 3207 3354 3464
7372 4 2 20 2 2838 3683 3100 3714
7373 4 2 20 2 2974 3189 3399 3965
7374 4 2 20 2 2358 2408 2397 3604
7375 4 2 20 2 111 113 3112 3574
7376 4 2 20 2 3011 3408 3084 3947
7377 4 2 20 2 2955 3940 3302 4023
7378 4 2 20 2 1756 1662 3555 3667
7379 4 2 20 2 2868 3066 2901 3602
7380 4 2 20 2 1050 3135 3216 3673
7381 4 2 20 2 2849 3349 3557 4062
7382 4 2 20 2 2919 3823 3586 3976
7383 4 2 20 2 3266 3595 3381 3685
7384 4 2 20 2 348 431 471 3472
7385 4 2 20 2 3150 2837 3295 4085
7386 4 2 20 2 249 251 202 3872
7387 4 2 20 2 1422 3079 1514 3838
7388 4 2 20 2 2938 3361 3301 3504
7389 4 2 20 2 194 237 3147 4028
7390 4 2 20 2 1032 1033 1021 3135
7391 4 2 20 2 3179 3238 3078 4007
7392 4 2 20 2 3157 3746 3435 3956
7393 4 2 20 2 895 940 897 3311
7394 4 2 20 2 1351 3176 1487 3429
7395 4 2 20 2 2892 3353 3283 3641
7396 4 2 20 2 1255 1334 3391 3816
7397 4 2 20 2 1193 3240 3890 3940
7398 4 2 20 2 2936 3885 3552 3960
7399 4 2 20 2 3091 3663 3211 3849
7400 4 2 20 2 2881 3292 3399 3444
7401 4 2 20 2 2840 3242 3833 4052
7402 4 2 20 2 2840 3894 2894 3984
7403 4 2 20 2 439 440 438 3073
7404 4 2 20 2 2844 3049 3170 4075
7405 4 2 20 2 3241 3402 2928 3500
7406 4 2 20 2 2978 3739 3186 4076
7407 4 2 20 2 3307 3498 3231 3735
7408 4 2 20 2 3017 3255 2905 4056
7409 4 2 20 2 1774 3100 1874 3959
7410 4 2 20 2 2930 3166 3481 3901
7411 4 2 20 2 424 3213 464 3633
7412 4 2 20 2 3285 3496 2953 3589
7413 4 2 20 2 2901 3275 3374 3529
7414 4 2 20 2 2909 3204 3269 3817
7415 4 2 20 2 1845 3451 3697 4063
7416 4 2 20 2 2867 3448 3353 3898
7417 4 2 20 2 1546 3316 1584 3502
7418 4 2 20 2 1678 1735 1695 3099
7419 4 2 20 2 3107 3270 84 3606
7420 4 2 20 2 2882 3483 3173 3533
7421 4 2 20 2 2923 3382 3288 3610
7422 4 2 20 2 2985 3069 3524 3754
7423 4 2 20 2 246 288 292 3160
7424 4 2 20 2 3454 3458 1159 4046
7425 4 2 20 2 1632 1655 3290 3452
7426 4 2 20 2 2908 3294 2942 3955
7427 4 2 20 2 2876 3483 3305 3563
7428 4 2 20 2 3140 3697 3451 4063
7429 4 2 20 2 2963 3363 3356 3552
7430 4 2 20 2 2975 3519 3165 3876
7431 4 2 20 2 3163 3027 3707 3732
7432 4 2 20 2 3000 3014 2927 3214
7433 4 2 20 2 2919 2857 3228 3392
7434 4 2 20 2 3301 3361 3123 3504
7435 4 2 20 2 1543 1498 1579 1520
7436 4 2 20 2 3222 3466 1469 3518
7437 4 2 20 2 2912 3110 3419 3969
7438 4 2 20 2 3709 3788 3078 4042
7439 4 2 20 2 1564 1628 3326 3820
7440 4 2 20 2 2943 3281 2964 3369
7441 4 2 20 2 3399 3292 3969 4083
7442 4 2 20 2 1708 1761 3048 3342
7443 4 2 20 2 580 538 623 3725
7444 4 2 20 2 2988 3915 3522 4025
7445 4 2 20 2 3251 3279 2937 3773
7446 4 2 20 2 1490 3068 3476 3950
7447 4 2 20 2 2968 3362 3169 3465
7448 4 2 20 2 2948 3188 3421 3805
7449 4 2 20 2 3304 3658 2975 3787
7450 4 2 20 2 3183 3614 2152 3790
7451 4 2 20 2 2955 3578 3302 3940
7452 4 2 20 2 3306 3422 3016 4056
7453 4 2 20 2 2890 3678 3170 4033
7454 4 2 20 2 1884 1851 1934 3547
7455 4 2 20 2 3163 3707 3441 3732
7456 4 2 20 2 2851 3086 2911 3792
7457 4 2 20 2 2896 2956 3247 3609
7458 4 2 20 2 369 323 3017 3334
7459 4 2 20 2 2846 3188 3601 3756
7460 4 2 20 2 2894 2915 3136 3244
7461 4 2 20 2 2892 3569 3353 3641
7462 4 2 20 2 3583 3693 3115 3746
7463 4 2 20 2 2833 3315 3664 4037
7464 4 2 20 2 3094 2929 3401 3640
7465 4 2 20 2 234 3169 188 3388
7466 4 2 20 2 3297 3582 3581 3777
7467 4 2 20 2 2990 3175 3696 4117
7468 4 2 20 2 3152 3504 3040 3624
7469 4 2 20 2 325 3017 243 3255
7470 4 2 20 2 2935 3136 3550 3894
7471 4 2 20 2 2864 3799 3097 3973
7472 4 2 20 2 3346 3652 3265 3696
7473 4 2 20 2 2929 3512 3199 3647
7474 4 2 20 2 2890 3030 2971 3367
7475 4 2 20 2 3634 3663 3091 3849
7476 4 2 20 2 2166 3238 3380 3850
7477 4 2 20 2 2073 2072 2162 3494
7478 4 2 20 2 1894 3166 1893 4000
7479 4 2 20 2 3157 3738 3521 3808
7480 4 2 20 2 3512 3564 2337 3886
7481 4 2 20 2 2841 3464 2878 3944
7482 4 2 20 2 2951 3135 3434 3673
7483 4 2 20 2 1670 1710 1786 3316
7484 4 2 20 2 2938 3324 3072 3410
7485 4 2 20 2 3134 3474 3960 3998
7486 4 2 20 2 2890 3262 3030 3367
7487 4 2 20 2 2892 3301 3123 3504
7488 4 2 20 2 1982 3418 2025 3484
7489 4 2 20 2 1326 1295 3193 3603
7490 4 2 20 2 3010 3071 3065 3545
7491 4 2 20 2 1411 3453 3786 3918
7492 4 2 20 2 2925 3227 3331 3506
7493 4 2 20 2 296 3598 297 3635
7494 4 2 20 2 2989 3646 3543 3950
7495 4 2 20 2 734 680 735 3461
7496 4 2 20 2 1113 3344 3135 3695
7497 4 2 20 2 3024 3382 3288 3808
7498 4 2 20 2 2836 3595 3161 3998
7499 4 2 20 2 1130 1171 3661 3825
7500 4 2 20 2 2901 3259 2970 3529
7501 4 2 20 2 3328 3833 3242 4052
7502 4 2 20 2 2361 3499 3184 3906
7503 4 2 20 2 2974 3613 3157 3969
7504 4 2 20 2 3822 3863 3605 4076
7505 4 2 20 2 2934 3285 3457 3682
7506 4 2 20 2 719 792 766 3257
7507 4 2 20 2 2969 3188 3805 3834
7508 4 2 20 2 149 188 147 3587
7509 4 2 20 2 3495 3527 3093 3770
7510 4 2 20 2 2947 3406 3656 3827
7511 4 2 20 2 2882 2998 2939 3089
7512 4 2 20 2 2941 3337 4003 4117
7513 4 2 20 2 2881 3444 3178 3687
7514 4 2 20 2 3330 2955 3657 4022
7515 4 2 20 2 3260 2844 3873 4099
7516 4 2 20 2 3110 3664 3435 3969
7517 4 2 20 2 2845 3087 3529 3814
7518 4 2 20 2 3108 2980 3581 3638
7519 4 2 20 2 3284 3750 2935 4105
7520 4 2 20 2 2857 3023 3651 3684
7521 4 2 20 2 3112 3305 2939 3834
7522 4 2 20 2 2901 2845 3823 3976
7523 4 2 20 2 719 766 3033 3257
7524 4 2 20 2 1385 1315 3420 3845
7525 4 2 20 2 1481 1482 1545 3502
7526 4 2 20 2 208 254 3606 3633
7527 4 2 20 2 1945 3677 1919 3943
7528 4 2 20 2 3470 3623 3476 3624
7529 4 2 20 2 2848 3205 3347 3869
7530 4 2 20 2 2887 3227 3878 4101
7531 4 2 20 2 298 294 297 3691
7532 4 2 20 2 2845 2901 3529 3976
7533 4 2 20 2 2844 3170 3049 3968
7534 4 2 20 2 2963 3528 3641 4027
7535 4 2 20 2 2209 2927 2871 3414
7536 4 2 20 2 1785 3191 1709 3558
7537 4 2 20 2 45 3225 44 4078
7538 4 2 20 2 464 511 381 3990
7539 4 2 20 2 3140 3850 3380 3925
7540 4 2 20 2 2884 3054 3298 3839
7541 4 2 20 2 2908 3170 2971 3955
7542 4 2 20 2 2173 2247 3525 4097
7543 4 2 20 2 3120 3304 3787 4065
7544 4 2 20 2 3176 3229 2965 3644
7545 4 2 20 2 2928 3141 3336 4074
7546 4 2 20 2 3264 3465 2866 3741
7547 4 2 20 2 3539 3564 3020 3668
7548 4 2 20 2 1918 1955 1993 3395
7549 4 2 20 2 3242 3328 3315 3965
7550 4 2 20 2 2928 3601 3402 3731
7551 4 2 20 2 2962 3371 3248 3722
7552 4 2 20 2 2989 3464 3299 3646
7553 4 2 20 2 3144 3040 3625 3926
7554 4 2 20 2 3137 3521 3278 3612
7555 4 2 20 2 3355 3709 3663 3849
7556 4 2 20 2 3056 3296 3532 3849
7557 4 2 20 2 2834 3822 3032 3946
7558 4 2 20 2 2247 2190 3525 3717
7559 4 2 20 2 442 441 485 3232
7560 4 2 20 2 3043 3044 3398 3655
7561 4 2 20 2 802 776 835 3975
7562 4 2 20 2 3134 3552 3423 3885
7563 4 2 20 2 3182 3473 1061 4046
7564 4 2 20 2 3041 3379 3286 3755
7565 4 2 20 2 1940 1927 1911 3048
7566 4 2 20 2 3026 3540 3581 3597
7567 4 2 20 2 1528 1570 3324 3772
7568 4 2 20 2 3117 2851 3233 3484
7569 4 2 20 2 3028 3140 3450 3451
7570 4 2 20 2 2925 3365 3185 3506
7571 4 2 20 2 3368 3861 2844 4033
7572 4 2 20 2 106 3180 148 4028
7573 4 2 20 2 113 151 109 3388
7574 4 2 20 2 1491 3466 3222 3765
7575 4 2 20 2 3227 3054 3506 3839
7576 4 2 20 2 3183 3006 3583 3614
7577 4 2 20 2 2924 3452 3314 3827
7578 4 2 20 2 2902 3576 3237 3674
7579 4 2 20 2 2929 3091 3687 3886
7580 4 2 20 2 2945 3523 3855 4024
7581 4 2 20 2 3055 3142 2898 3500
7582 4 2 20 2 1481 3237 1480 3636
7583 4 2 20 2 3665 3703 3331 3967
7584 4 2 20 2 2921 3773 3313 3815
7585 4 2 20 2 2893 3758 3188 3834
7586 4 2 20 2 2932 3730 2903 3944
7587 4 2 20 2 3117 3884 3166 4000
7588 4 2 20 2 3184 3499 2275 3790
7589 4 2 20 2 700 701 698 3167
7590 4 2 20 2 2957 3287 3051 3699
7591 4 2 20 2 201 3336 3141 4074
7592 4 2 20 2 1094 1147 1164 3469
7593 4 2 20 2 1633 3452 1656 3656
7594 4 2 20 2 84 3270 3107 3974
7595 4 2 20 2 2912 3096 3292 3969
7596 4 2 20 2 3113 3896 3724 4002
7597 4 2 20 2 2945 3090 3148 3523
7598 4 2 20 2 3075 2856 3425 3794
7599 4 2 20 2 3089 3533 3425 4009
7600 4 2 20 2 1649 3646 3099 4104
7601 4 2 20 2 2968 3305 3306 3563
7602 4 2 20 2 2124 2123 2187 3351
7603 4 2 20 2 2842 3252 3369 3413
7604 4 2 20 2 2884 3839 3406 3875
7605 4 2 20 2 2385 3031 2411 3293
7606 4 2 20 2 203 261 210 3749
7607 4 2 20 2 2890 3170 3125 4033
7608 4 2 20 2 3319 3027 3456 3973
7609 4 2 20 2 2896 3357 3078 4092
7610 4 2 20 2 2095 3046 2164 3368
7611 4 2 20 2 3156 3012 3507 3813
7612 4 2 20 2 2958 3300 3104 3600
7613 4 2 20 2 2932 2862 3107 3412
7614 4 2 20 2 1836 3316 1784 3415
7615 4 2 20 2 3300 3600 2981 3874
7616 4 2 20 2 2936 3242 3241 3284
7617 4 2 20 2 1253 3072 3467 3859
7618 4 2 20 2 2922 3326 3820 3836
7619 4 2 20 2 3538 3658 3404 3868
7620 4 2 20 2 744 600 742 3763
7621 4 2 20 2 2963 3128 3528 4027
7622 4 2 20 2 3094 3401 3245 3640
7623 4 2 20 2 2337 2375 3564 3604
7624 4 2 20 2 2994 3775 3358 3785
7625 4 2 20 2 3289 3393 3029 4037
7626 4 2 20 2 2923 3149 2995 4076
7627 4 2 20 2 2845 3532 2901 3823
7628 4 2 20 2 3467 3866 3364 4032
7629 4 2 20 2 107 109 108 3309
7630 4 2 20 2 3321 3766 1711 3877
7631 4 2 20 2 3117 3482 2922 3493
7632 4 2 20 2 2970 2901 3066 3194
7633 4 2 20 2 3091 3687 2881 3797
7634 4 2 20 2 2931 2865 3347 3758
7635 4 2 20 2 2980 3581 3297 3582
7636 4 2 20 2 829 828 864 3311
7637 4 2 20 2 2928 3500 3402 3601
7638 4 2 20 2 1916 1823 1841 3039
7639 4 2 20 2 3070 3393 2980 3703
7640 4 2 20 2 3106 3627 2871 3769
7641 4 2 20 2 148 3180 3735 4028
7642 4 2 20 2 2953 3437 3126 3829
7643 4 2 20 2 2318 2326 2349 4113
7644 4 2 20 2 2965 3358 3282 3645
7645 4 2 20 2 819 3167 875 3544
7646 4 2 20 2 3125 3479 2908 3793
7647 4 2 20 2 1499 3364 3246 3857
7648 4 2 20 2 2437 3604 3681 3941
7649 4 2 20 2 1308 3391 1335 3625
7650 4 2 20 2 2961 3648 3481 3840
7651 4 2 20 2 2856 3146 3354 3953
7652 4 2 20 2 2851 3792 3484 4014
7653 4 2 20 2 2464 3477 2470 4013
7654 4 2 20 2 3313 3558 3223 3580
7655 4 2 20 2 1650 1696 3100 3959
7656 4 2 20 2 746 691 692 2972
7657 4 2 20 2 2924 3150 3873 3968
7658 4 2 20 2 3040 3144 3625 3816
7659 4 2 20 2 3258 2941 3381 3383
7660 4 2 20 2 3374 3612 3189 3917
7661 4 2 20 2 562 563 3280 3989
7662 4 2 20 2 227 4043 3384 4045
7663 4 2 20 2 1188 1112 3277 3473
7664 4 2 20 2 1614 1547 1615 3316
7665 4 2 20 2 2995 3200 3507 3949
7666 4 2 20 2 2858 3103 2950 3114
7667 4 2 20 2 2846 3123 3528 3592
7668 4 2 20 2 3080 3291 2880 3459
7669 4 2 20 2 1509 3068 1490 3950
7670 4 2 20 2 2960 3918 3144 4053
7671 4 2 20 2 3098 3462 3720 3785
7672 4 2 20 2 3185 3360 1755 3607
7673 4 2 20 2 1464 1509 1463 3433
7674 4 2 20 2 294 252 297 3691
7675 4 2 20 2 3189 3399 2920 3634
7676 4 2 20 2 314 275 228 3498
7677 4 2 20 2 1664 3130 3667 3669
7678 4 2 20 2 2994 3076 3446 3522
7679 4 2 20 2 247 198 201 4091
7680 4 2 20 2 2926 3363 3432 3693
7681 4 2 20 2 3203 3453 1343 3918
7682 4 2 20 2 2953 3457 3304 4017
7683 4 2 20 2 2866 3001 2982 3407
7684 4 2 20 2 3182 3434 1137 4046
7685 4 2 20 2 140 101 142 3396
7686 4 2 20 2 440 439 484 3073
7687 4 2 20 2 3304 3457 3081 3876
7688 4 2 20 2 153 3631 115 4028
7689 4 2 20 2 3175 4003 3337 4117
7690 4 2 20 2 2935 3750 3192 4035
7691 4 2 20 2 1934 3547 1851 3752
7692 4 2 20 2 562 564 598 3989
7693 4 2 20 2 2864 3403 3163 3719
7694 4 2 20 2 2836 3400 3437 3829
7695 4 2 20 2 2857 3228 3023 3823
7696 4 2 20 2 2925 3245 3506 3938
7697 4 2 20 2 2944 3276 3814 3917
7698 4 2 20 2 1524 1709 3303 3662
7699 4 2 20 2 3581 4065 3538 4084
7700 4 2 20 2 819 875 820 3544
7701 4 2 20 2 340 256 255 3633
7702 4 2 20 2 3391 3625 3144 3816
7703 4 2 20 2 3390 3765 2918 4108
7704 4 2 20 2 246 293 249 3160
7705 4 2 20 2 3010 3545 213 3642
7706 4 2 20 2 24 3438 55 4010
7707 4 2 20 2 898 941 894 3986
7708 4 2 20 2 302 344 345 3106
7709 4 2 20 2 2902 3962 3415 4077
7710 4 2 20 2 3026 4065 3581 4084
7711 4 2 20 2 2135 2067 2124 3728
7712 4 2 20 2 3374 3532 3529 3814
7713 4 2 20 2 3173 3482 3233 3493
7714 4 2 20 2 2842 3061 2875 3865
7715 4 2 20 2 3245 3640 3401 3856
7716 4 2 20 2 2867 3448 3084 3610
7717 4 2 20 2 2957 3579 3287 3912
7718 4 2 20 2 2888 3489 2195 3970
7719 4 2 20 2 2853 3264 3430 3741
7720 4 2 20 2 3020 3064 3668 3709
7721 4 2 20 2 917 876 848 3721
7722 4 2 20 2 3011 2923 3350 3610
7723 4 2 20 2 2895 2847 3378 3767
7724 4 2 20 2 3111 3487 2975 4082
7725 4 2 20 2 3552 3885 3134 3960
7726 4 2 20 2 1501 1389 1432 3442
7727 4 2 20 2 3024 3435 3328 3521
7728 4 2 20 2 2929 3091 3211 3640
7729 4 2 20 2 3032 3822 3628 3863
7730 4 2 20 2 2889 3419 3124 3515
7731 4 2 20 2 2463 3087 3291 3327
7732 4 2 20 2 678 679 592 3249
7733 4 2 20 2 943 940 966 3133
7734 4 2 20 2 3175 3230 3002 3549
7735 4 2 20 2 3237 3095 3636 3674
7736 4 2 20 2 2904 3259 2970 3535
7737 4 2 20 2 3009 3210 3627 4051
7738 4 2 20 2 1451 3203 1452 3453
7739 4 2 20 2 2197 3200 3350 4118
7740 4 2 20 2 3030 3262 2890 3722
7741 4 2 20 2 3564 3663 3020 3668
7742 4 2 20 2 326 413 327 3666
7743 4 2 20 2 3277 3330 3060 3657
7744 4 2 20 2 2925 3839 3506 3844
7745 4 2 20 2 1065 3182 3007 3710
7746 4 2 20 2 1073 3007 1069 3673
7747 4 2 20 2 2884 3230 3175 3696
7748 4 2 20 2 3029 3444 3399 4083
7749 4 2 20 2 3066 3194 3023 3447
7750 4 2 20 2 2863 3297 3177 3570
7751 4 2 20 2 3113 2884 3450 4003
7752 4 2 20 2 1708 3342 3048 3442
7753 4 2 20 2 1158 3277 1216 4050
7754 4 2 20 2 2253 3523 3889 3923
7755 4 2 20 2 3124 3019 4012 4094
7756 4 2 20 2 2919 3586 2854 3976
7757 4 2 20 2 3399 3444 3292 4083
7758 4 2 20 2 3185 2925 3506 3844
7759 4 2 20 2 2986 3285 3161 3682
7760 4 2 20 2 3298 3383 2941 4003
7761 4 2 20 2 3205 3411 3258 3737
7762 4 2 20 2 2879 3036 3345 3779
7763 4 2 20 2 1976 1916 1917 3039
7764 4 2 20 2 1273 1274 1272 3193
7765 4 2 20 2 2872 2896 2860 4042
7766 4 2 20 2 3052 2934 3939 3977
7767 4 2 20 2 3150 3367 3262 3678
7768 4 2 20 2 738 684 686 3686
7769 4 2 20 2 441 442 3231 3232
7770 4 2 20 2 3276 3087 3814 3917
7771 4 2 20 2 3163 2966 3732 3815
7772 4 2 20 2 3159 3548 3473 4116
7773 4 2 20 2 2969 3261 3218 3592
7774 4 2 20 2 2867 3313 3580 3898
7775 4 2 20 2 887 888 890 3541
7776 4 2 20 2 2836 3285 3437 3998
7777 4 2 20 2 2124 3351 2187 3790
7778 4 2 20 2 2871 3591 3489 3970
7779 4 2 20 2 3361 3433 3068 3623
7780 4 2 20 2 2835 3477 3087 3916
7781 4 2 20 2 3091 3663 3062 3886
7782 4 2 20 2 2294 3198 2305 3604
7783 4 2 20 2 1994 1976 3039 3494
7784 4 2 20 2 1876 1936 1891 3616
7785 4 2 20 2 2919 3033 2854 3092
7786 4 2 20 2 3157 3521 3137 3613
7787 4 2 20 2 1916 3039 1976 3494
7788 4 2 20 2 2843 3534 3263 3835
7789 4 2 20 2 3201 3629 3385 3904
7790 4 2 20 2 2980 3108 3582 3638
7791 4 2 20 2 2839 3233 3173 3482
7792 4 2 20 2 3032 3822 3430 3946
7793 4 2 20 2 3069 3075 2932 3730
7794 4 2 20 2 1491 3222 1469 3765
7795 4 2 20 2 3226 3568 3197 4025
7796 4 2 20 2 1994 1976 1917 3039
7797 4 2 20 2 52 3734 94 3937
7798 4 2 20 2 2990 3175 3549 3696
7799 4 2 20 2 2975 3304 3589 3876
7800 4 2 20 2 3026 3538 3658 4065
7801 4 2 20 2 113 151 3388 3784
7802 4 2 20 2 2904 3291 3080 3459
7803 4 2 20 2 1267 3226 1198 3568
7804 4 2 20 2 3113 3349 3896 4002
7805 4 2 20 2 3074 3323 2931 3560
7806 4 2 20 2 2863 3538 3658 3888
7807 4 2 20 2 2886 3720 3446 3806
7808 4 2 20 2 2832 3296 3078 3788
7809 4 2 20 2 118 113 114 3784
7810 4 2 20 2 1324 1234 1268 3072
7811 4 2 20 2 2866 2897 3221 3523
7812 4 2 20 2 3048 3223 3558 3580
7813 4 2 20 2 3068 3723 3543 3950
7814 4 2 20 2 348 471 472 3472
7815 4 2 20 2 1386 1344 1431 3095
7816 4 2 20 2 2947 3273 3383 3411
7817 4 2 20 2 1704 1755 3360 3607
7818 4 2 20 2 292 293 246 3160
7819 4 2 20 2 2861 3665 3094 3782
7820 4 2 20 2 1470 1406 1493 3131
7821 4 2 20 2 3296 3788 3549 4092
7822 4 2 20 2 3034 3425 2856 3533
7823 4 2 20 2 2942 3573 3281 3780
7824 4 2 20 2 1130 3661 3022 3825
7825 4 2 20 2 198 154 161 3141
7826 4 2 20 2 2968 3017 3465 4056
7827 4 2 20 2 3170 3955 2873 4075
7828 4 2 20 2 317 276 278 3590
7829 4 2 20 2 3093 3240 3226 3599
7830 4 2 20 2 2909 3243 3204 3817
7831 4 2 20 2 3303 3403 2966 3931
7832 4 2 20 2 2912 3157 3613 3969
7833 4 2 20 2 3548 3710 3473 4116
7834 4 2 20 2 3161 3285 2986 3704
7835 4 2 20 2 2926 3432 3115 3693
7836 4 2 20 2 1739 1859 3452 3979
7837 4 2 20 2 2201 2888 2195 3970
7838 4 2 20 2 3233 3483 3173 3867
7839 4 2 20 2 3363 3432 3024 4027
7840 4 2 20 2 1237 1232 1233 3072
7841 4 2 20 2 3458 3695 2951 3786
7842 4 2 20 2 1491 3390 3466 3765
7843 4 2 20 2 3112 2939 3758 3834
7844 4 2 20 2 634 3194 550 3768
7845 4 2 20 2 2834 3455 3629 3949
7846 4 2 20 2 2895 3651 3023 3684
7847 4 2 20 2 3068 3810 3433 3900
7848 4 2 20 2 2971 3367 2907 3567
7849 4 2 20 2 2920 3315 3126 4037
7850 4 2 20 2 599 3008 650 3954
7851 4 2 20 2 1738 3492 3236 3771
7852 4 2 20 2 2969 3305 3188 3834
7853 4 2 20 2 1301 3072 1360 3410
7854 4 2 20 2 2858 2914 3837 4061
7855 4 2 20 2 2889 3515 3124 4012
7856 4 2 20 2 3186 3278 3137 3738
7857 4 2 20 2 3583 3614 3395 4016
7858 4 2 20 2 411 3312 455 3666
7859 4 2 20 2 2848 3864 3323 3977
7860 4 2 20 2 3388 3559 2968 3784
7861 4 2 20 2 1242 3344 1163 3695
7862 4 2 20 2 905 945 904 3733
7863 4 2 20 2 2135 3728 2124 3790
7864 4 2 20 2 3250 3382 3024 3833
7865 4 2 20 2 3078 3238 3709 4042
7866 4 2 20 2 2977 2895 3138 3602
7867 4 2 20 2 2883 2849 3042 4018
7868 4 2 20 2 3064 3020 3539 3709
7869 4 2 20 2 3384 4043 3195 4045
7870 4 2 20 2 881 924 880 3544
7871 4 2 20 2 2960 3144 3751 4109
7872 4 2 20 2 2948 3470 3615 3624
7873 4 2 20 2 2889 3746 3157 3956
7874 4 2 20 2 3149 3863 3822 4076
7875 4 2 20 2 856 855 854 3338
7876 4 2 20 2 2377 921 878 877
7877 4 2 20 2 3314 3452 3047 3827
7878 4 2 20 2 393 392 353 4011
7879 4 2 20 2 3081 3131 3519 3876
7880 4 2 20 2 2877 3356 3283 3751
7881 4 2 20 2 193 3153 153 4028
7882 4 2 20 2 2871 3005 2927 3970
7883 4 2 20 2 2895 3602 3378 4001
7884 4 2 20 2 2466 3562 3129 3992
7885 4 2 20 2 3066 3249 460 3372
7886 4 2 20 2 2845 3529 3532 3814
7887 4 2 20 2 2988 3302 3095 3636
7888 4 2 20 2 2094 3379 3172 3683
7889 4 2 20 2 1893 1894 1817 3166
7890 4 2 20 2 2202 2167 3221 3523
7891 4 2 20 2 3108 3582 3335 3997
7892 4 2 20 2 98 3416 94 3734
7893 4 2 20 2 2846 3528 3123 3756
7894 4 2 20 2 3236 3492 1738 3959
7895 4 2 20 2 2889 3746 3288 3808
7896 4 2 20 2 2853 3422 3306 4056
7897 4 2 20 2 2963 3356 3363 3999
7898 4 2 20 2 2942 3281 3369 3780
7899 4 2 20 2 3516 3898 3246 4047
7900 4 2 20 2 3002 3450 3175 3575
7901 4 2 20 2 1069 1065 1093 3007
7902 4 2 20 2 1983 3236 1969 3546
7903 4 2 20 2 3062 3508 2407 3564
7904 4 2 20 2 3751 3926 3283 4109
7905 4 2 20 2 215 213 3545 3642
7906 4 2 20 2 3581 3597 2980 4065
7907 4 2 20 2 960 929 937 3987
7908 4 2 20 2 3146 3354 3099 3464
7909 4 2 20 2 2838 3172 3683 3726
7910 4 2 20 2 3323 2931 3560 3869
7911 4 2 20 2 3173 3483 2939 3533
7912 4 2 20 2 1964 1997 2041 3041
7913 4 2 20 2 3583 3614 3006 3809
7914 4 2 20 2 2285 2283 2246 3198
7915 4 2 20 2 1158 1216 3454 4050
7916 4 2 20 2 231 3498 281 4111
7917 4 2 20 2 3087 2845 3291 3327
7918 4 2 20 2 3152 3625 3203 4032
7919 4 2 20 2 3161 2986 3685 3704
7920 4 2 20 2 2074 3659 3525 3980
7921 4 2 20 2 515 513 432 3389
7922 4 2 20 2 958 981 983 3376
7923 4 2 20 2 3011 3408 3671 3951
7924 4 2 20 2 2883 3202 2849 4018
7925 4 2 20 2 2839 2969 3648 3805
7926 4 2 20 2 3165 3519 2975 3608
7927 4 2 20 2 2912 3292 3096 3992
7928 4 2 20 2 233 3384 229 3553
7929 4 2 20 2 2957 3124 3515 4094
7930 4 2 20 2 3144 3391 2960 4053
7931 4 2 20 2 2904 3103 2858 3459
7932 4 2 20 2 2922 3492 3236 3546
7933 4 2 20 2 2847 2895 3378 3712
7934 4 2 20 2 1478 1432 1454 3246
7935 4 2 20 2 2835 3096 3612 3917
7936 4 2 20 2 2970 3259 3194 3907
7937 4 2 20 2 2928 3402 3750 3948
7938 4 2 20 2 2133 2111 2185 3350
7939 4 2 20 2 718 673 671 3847
7940 4 2 20 2 799 827 828 3103
7941 4 2 20 2 2985 3294 3524 3955
7942 4 2 20 2 75 3631 73 4119
7943 4 2 20 2 3121 2924 3295 3873
7944 4 2 20 2 432 387 470 3643
7945 4 2 20 2 2468 3087 2469 4013
7946 4 2 20 2 2928 3336 3192 4035
7947 4 2 20 2 673 631 671 3675
7948 4 2 20 2 2866 3855 3523 4024
7949 4 2 20 2 3296 3355 3078 3961
7950 4 2 20 2 3451 3679 3365 3697
7951 4 2 20 2 2868 3374 3189 3883
7952 4 2 20 2 1396 1352 3229 3991
7953 4 2 20 2 3580 3898 3313 4047
7954 4 2 20 2 2960 3404 3165 4109
7955 4 2 20 2 2969 3483 3305 3834
7956 4 2 20 2 2863 3538 3581 4065
7957 4 2 20 2 3360 3607 3185 3844
7958 4 2 20 2 2285 2236 2286 3059
7959 4 2 20 2 3253 3717 3059 3852
7960 4 2 20 2 2294 2234 2283 3198
7961 4 2 20 2 3393 3497 2980 3703
7962 4 2 20 2 290 3255 3691 3870
7963 4 2 20 2 1469 3222 1491 3466
7964 4 2 20 2 3382 3833 3250 3863
7965 4 2 20 2 3298 2941 3383 3685
7966 4 2 20 2 1395 3197 1350 3568
7967 4 2 20 2 3079 3838 3828 4079
7968 4 2 20 2 2968 3017 3362 3465
7969 4 2 20 2 1786 1836 1784 3415
7970 4 2 20 2 3177 3522 3297 4088
7971 4 2 20 2 2953 3134 3457 4017
7972 4 2 20 2 106 70 67 3577
7973 4 2 20 2 2951 3434 3135 3695
7974 4 2 20 2 2885 3566 3306 3731
7975 4 2 20 2 2910 3226 3093 3240
7976 4 2 20 2 3067 3364 1499 3669
7977 4 2 20 2 366 3187 3017 3334
7978 4 2 20 2 2922 3492 3714 4104
7979 4 2 20 2 3016 290 3691 4091
7980 4 2 20 2 123 3281 80 3780
7981 4 2 20 2 2967 3528 3123 3592
7982 4 2 20 2 1547 3316 1483 3321
7983 4 2 20 2 3049 3260 3217 3672
7984 4 2 20 2 3658 3787 3304 4065
7985 4 2 20 2 552 3194 554 3447
7986 4 2 20 2 3200 3706 2995 3813
7987 4 2 20 2 664 615 618 3443
7988 4 2 20 2 1774 1874 1776 3959
7989 4 2 20 2 2864 3495 3060 3973
7990 4 2 20 2 3297 3522 3076 4088
7991 4 2 20 2 2989 3099 3646 3820
7992 4 2 20 2 1986 2047 1985 3697
7993 4 2 20 2 2929 3198 3687 3688
7994 4 2 20 2 3007 3571 2864 4034
7995 4 2 20 2 2867 3313 3115 3964
7996 4 2 20 2 1153 1133 3209 3825
7997 4 2 20 2 3185 3365 2925 3607
7998 4 2 20 2 2173 3525 3317 4097
7999 4 2 20 2 1956 2089 2071 3812
8000 4 2 20 2 3126 3437 3400 3829
8001 4 2 20 2 3197 3522 3915 4025
8002 4 2 20 2 3297 3703 2979 3798
8003 4 2 20 2 3100 3286 3099 4104
8004 4 2 20 2 2912 3293 3292 3992
8005 4 2 20 2 3140 3380 3002 3925
8006 4 2 20 2 3677 3861 3377 4099
8007 4 2 20 2 3281 3369 3107 3606
8008 4 2 20 2 284 237 280 3147
8009 4 2 20 2 1270 1250 1327 3072
8010 4 2 20 2 1708 3048 1727 3442
8011 4 2 20 2 1718 1650 1721 3100
8012 4 2 20 2 2840 3278 3242 3894
8013 4 2 20 2 2246 3199 2150 3700
8014 4 2 20 2 2910 3456 3775 4088
8015 4 2 20 2 3470 3476 1512 3624
8016 4 2 20 2 2974 3521 3137 3612
8017 4 2 20 2 2892 3353 3569 3857
8018 4 2 20 2 1662 3130 1611 4026
8019 4 2 20 2 513 512 430 3753
8020 4 2 20 2 3050 3227 3145 3801
8021 4 2 20 2 310 392 352 3088
8022 4 2 20 2 1067 3710 3159 4116
8023 4 2 20 2 1817 1894 1861 3166
8024 4 2 20 2 2857 4001 3651 4092
8025 4 2 20 2 2903 3075 3366 3730
8026 4 2 20 2 3120 2979 3703 3798
8027 4 2 20 2 3077 3486 3106 3970
8028 4 2 20 2 3061 2175 3865 4100
8029 4 2 20 2 1655 1681 1632 3290
8030 4 2 20 2 3020 3327 2414 4060
8031 4 2 20 2 3098 3720 3446 3785
8032 4 2 20 2 2960 3458 3359 3918
8033 4 2 20 2 3378 3602 3883 4001
8034 4 2 20 2 3140 3679 3451 3697
8035 4 2 20 2 1483 3321 3316 3502
8036 4 2 20 2 391 389 433 3219
8037 4 2 20 2 2909 3269 3207 3817
8038 4 2 20 2 3266 3381 2941 3685
8039 4 2 20 2 2939 3089 3309 3533
8040 4 2 20 2 77 3074 3631 3914
8041 4 2 20 2 2889 3157 3419 3956
8042 4 2 20 2 2832 3078 3355 3709
8043 4 2 20 2 1831 3290 1816 3616
8044 4 2 20 2 1583 1582 1642 3442
8045 4 2 20 2 3166 3385 1861 3667
8046 4 2 20 2 565 512 513 3753
8047 4 2 20 2 2968 2853 3465 3563
8048 4 2 20 2 2096 3046 3368 3928
8049 4 2 20 2 1011 1041 1044 3710
8050 4 2 20 2 1547 1671 1615 3316
8051 4 2 20 2 2968 3388 3784 3858
8052 4 2 20 2 3200 2184 3923 4118
8053 4 2 20 2 3765 3828 3193 4079
8054 4 2 20 2 3364 3669 3130 4026
8055 4 2 20 2 194 3153 193 4028
8056 4 2 20 2 2835 3278 3275 3612
8057 4 2 20 2 3207 3723 3173 3836
8058 4 2 20 2 1250 1270 1230 3072
8059 4 2 20 2 2300 3038 3534 4007
8060 4 2 20 2 3331 3703 3665 3938
8061 4 2 20 2 3379 3489 3210 3591
8062 4 2 20 2 3036 2879 3180 3620
8063 4 2 20 2 3724 3827 3217 3968
8064 4 2 20 2 3378 3761 3400 3767
8065 4 2 20 2 3456 3611 2910 3775
8066 4 2 20 2 1785 3558 3223 3776
8067 4 2 20 2 2849 2883 3848 4062
8068 4 2 20 2 1424 3519 3131 3816
8069 4 2 20 2 46 3225 45 4078
8070 4 2 20 2 3163 3732 3279 3815
8071 4 2 20 2 3309 3388 109 3587
8072 4 2 20 2 580 578 489 4006
8073 4 2 20 2 3079 3828 3800 4079
8074 4 2 20 2 252 3336 297 3691
8075 4 2 20 2 3161 2934 3682 3998
8076 4 2 20 2 1341 3144 3391 3625
8077 4 2 20 2 2860 3263 3380 4041
8078 4 2 20 2 2934 3977 3864 3998
8079 4 2 20 2 1386 1344 3095 3420
8080 4 2 20 2 2955 3888 3740 4023
8081 4 2 20 2 3448 3569 2967 3641
8082 4 2 20 2 3064 3925 3788 4042
8083 4 2 20 2 2875 3248 2962 3371
8084 4 2 20 2 345 342 302 3769
8085 4 2 20 2 1754 1816 3290 3452
8086 4 2 20 2 3047 3656 3406 3827
8087 4 2 20 2 3033 2919 3768 4015
8088 4 2 20 2 328 3255 290 3870
8089 4 2 20 2 2951 3571 3007 4034
8090 4 2 20 2 2839 3840 3482 3900
8091 4 2 20 2 3364 3569 3301 4029
8092 4 2 20 2 3017 3187 366 3362
8093 4 2 20 2 3441 3693 2926 3773
8094 4 2 20 2 3402 3731 2885 3948
8095 4 2 20 2 2844 3170 3150 3678
8096 4 2 20 2 2852 3325 2983 3826
8097 4 2 20 2 3058 3910 3708 3939
8098 4 2 20 2 3009 3270 3107 3369
8099 4 2 20 2 2953 3589 3496 4093
8100 4 2 20 2 3032 3430 3261 3946
8101 4 2 20 2 261 3371 262 3749
8102 4 2 20 2 3163 3719 3516 3807
8103 4 2 20 2 492 491 535 3247
8104 4 2 20 2 2339 3256 3124 4048
8105 4 2 20 2 2957 3124 4094 4106
8106 4 2 20 2 3246 2997 3353 3516
8107 4 2 20 2 3276 3508 2944 3814
8108 4 2 20 2 881 820 920 3544
8109 4 2 20 2 3174 4098 3341 4119
8110 4 2 20 2 98 94 136 3734
8111 4 2 20 2 3438 3537 3034 4010
8112 4 2 20 2 2475 3332 3105 4066
8113 4 2 20 2 2997 3453 3857 3926
8114 4 2 20 2 116 115 153 3631
8115 4 2 20 2 2873 3294 2985 3955
8116 4 2 20 2 2883 3307 3367 3848
8117 4 2 20 2 2926 3115 3432 3773
8118 4 2 20 2 3406 3839 3185 3875
8119 4 2 20 2 149 109 3388 3587
8120 4 2 20 2 777 738 739 3224
8121 4 2 20 2 3165 2960 3391 4050
8122 4 2 20 2 1541 3145 3742 3967
8123 4 2 20 2 3355 3508 2944 3663
8124 4 2 20 2 481 394 483 3155
8125 4 2 20 2 2207 2257 3253 3717
8126 4 2 20 2 60 63 64 4010
8127 4 2 20 2 773 732 678 3320
8128 4 2 20 2 1483 3321 3502 3915
8129 4 2 20 2 1640 1685 3778 3933
8130 4 2 20 2 2951 3007 3434 4034
8131 4 2 20 2 3072 2938 3467 3859
8132 4 2 20 2 1117 3159 1067 3527
8133 4 2 20 2 2875 3248 2178 3501
8134 4 2 20 2 122 84 3606 3780
8135 4 2 20 2 3241 3750 3284 4105
8136 4 2 20 2 303 262 3371 3445
8137 4 2 20 2 3638 3664 3029 4037
8138 4 2 20 2 261 303 262 3371
8139 4 2 20 2 3128 2963 3528 3551
8140 4 2 20 2 1490 3476 3543 3950
8141 4 2 20 2 1200 3458 3454 4053
8142 4 2 20 2 1638 3079 1514 3607
8143 4 2 20 2 387 432 349 3643
8144 4 2 20 2 2929 3687 3512 3886
8145 4 2 20 2 447 449 360 4111
8146 4 2 20 2 2841 3146 3464 3944
8147 4 2 20 2 3051 3494 3282 3812
8148 4 2 20 2 3189 3096 3781 3917
8149 4 2 20 2 690 689 650 3417
8150 4 2 20 2 550 3768 3194 3824
8151 4 2 20 2 3186 3738 2978 4076
8152 4 2 20 2 2834 3220 3455 3946
8153 4 2 20 2 3193 3360 2918 3838
8154 4 2 20 2 3355 3532 3296 3849
8155 4 2 20 2 2980 3638 3582 3924
8156 4 2 20 2 2994 3446 3076 3785
8157 4 2 20 2 2856 3464 3146 3730
8158 4 2 20 2 233 278 3384 3594
8159 4 2 20 2 14 10 18 3832
8160 4 2 20 2 2979 3440 3095 3742
8161 4 2 20 2 3361 3421 2839 3805
8162 4 2 20 2 3096 3293 3292 3935
8163 4 2 20 2 3096 3293 3935 4073
8164 4 2 20 2 1533 3470 3058 3476
8165 4 2 20 2 878 879 922 3338
8166 4 2 20 2 853 855 879 3338
8167 4 2 20 2 3117 3484 3233 3493
8168 4 2 20 2 3251 3515 3025 3746
8169 4 2 20 2 2864 3799 3007 4034
8170 4 2 20 2 2942 3294 2873 3955
8171 4 2 20 2 2908 2890 3004 3271
8172 4 2 20 2 2847 3400 3500 3595
8173 4 2 20 2 2906 2998 2882 3195
8174 4 2 20 2 3377 3677 2958 3861
8175 4 2 20 2 1421 3623 3152 3624
8176 4 2 20 2 1981 3057 3546 3683
8177 4 2 20 2 3137 3521 3157 3738
8178 4 2 20 2 457 3171 456 3994
8179 4 2 20 2 2925 3665 3245 3938
8180 4 2 20 2 3291 3459 3087 4013
8181 4 2 20 2 3111 3518 3081 3702
8182 4 2 20 2 3006 3614 3183 3790
8183 4 2 20 2 3096 3613 2974 3969
8184 4 2 20 2 2891 3826 2945 3854
8185 4 2 20 2 1422 1364 1425 3079
8186 4 2 20 2 2956 3228 2857 3392
8187 4 2 20 2 3011 2923 3610 4059
8188 4 2 20 2 1442 3623 3433 3859
8189 4 2 20 2 631 3675 3033 4015
8190 4 2 20 2 3067 3364 3569 3857
8191 4 2 20 2 1522 3440 1580 3933
8192 4 2 20 2 279 3362 320 3594
8193 4 2 20 2 3423 3540 3026 3597
8194 4 2 20 2 3141 3142 2893 3574
8195 4 2 20 2 2883 3307 3030 3367
8196 4 2 20 2 3306 3563 2853 4056
8197 4 2 20 2 3124 4012 3515 4094
8198 4 2 20 2 536 538 580 3148
8199 4 2 20 2 3321 3674 3502 3915
8200 4 2 20 2 2930 3667 3408 3671
8201 4 2 20 2 237 284 242 3147
8202 4 2 20 2 3012 3455 3221 3523
8203 4 2 20 2 2910 3568 3197 3611
8204 4 2 20 2 3009 3627 3626 3769
8205 4 2 20 2 574 575 529 3352
8206 4 2 20 2 1538 1514 3079 3607
8207 4 2 20 2 3015 3088 2850 4055
8208 4 2 20 2 125 3270 3009 3626
8209 4 2 20 2 2498 3477 3916 4013
8210 4 2 20 2 2956 3147 3042 3609
8211 4 2 20 2 2468 2462 2463 3291
8212 4 2 20 2 72 3118 3309 4010
8213 4 2 20 2 734 683 680 3460
8214 4 2 20 2 2894 3605 2840 3984
8215 4 2 20 2 2122 3199 2066 3505
8216 4 2 20 2 1198 1151 3568 3599
8217 4 2 20 2 1702 3772 3082 3884
8218 4 2 20 2 1117 3159 3527 3940
8219 4 2 20 2 3064 3539 3020 3668
8220 4 2 20 2 3165 3519 3131 3876
8221 4 2 20 2 1388 1432 1319 3181
8222 4 2 20 2 3012 3889 3523 3923
8223 4 2 20 2 3105 3837 2482 4061
8224 4 2 20 2 3098 3446 3720 3806
8225 4 2 20 2 46 45 44 4078
8226 4 2 20 2 3097 3538 3404 3868
8227 4 2 20 2 1633 1599 3452 3656
8228 4 2 20 2 2862 3252 3449 3811
8229 4 2 20 2 1541 1475 3145 3800
8230 4 2 20 2 3113 2837 3450 3881
8231 4 2 20 2 325 369 3017 3255
8232 4 2 20 2 3003 3601 3500 3864
8233 4 2 20 2 3391 3816 3165 4050
8234 4 2 20 2 2935 3711 3136 3894
8235 4 2 20 2 1322 3303 1413 3639
8236 4 2 20 2 2888 3106 3627 3970
8237 4 2 20 2 2863 3581 3297 3798
8238 4 2 20 2 1839 3877 3766 3893
8239 4 2 20 2 2894 3032 3605 3802
8240 4 2 20 2 1414 3324 1507 3771
8241 4 2 20 2 1900 3223 1785 3558
8242 4 2 20 2 1592 3475 3104 4096
8243 4 2 20 2 2848 3323 3910 3977
8244 4 2 20 2 220 175 3491 3545
8245 4 2 20 2 2985 3524 2946 3955
8246 4 2 20 2 2948 3623 3470 3624
8247 4 2 20 2 2958 3509 3252 3600
8248 4 2 20 2 3081 3457 3285 3682
8249 4 2 20 2 1496 1426 1469 3222
8250 4 2 20 2 3084 3728 3351 3891
8251 4 2 20 2 2977 3138 3447 3602
8252 4 2 20 2 2926 3693 3115 3773
8253 4 2 20 2 1479 1522 1500 3440
8254 4 2 20 2 255 256 209 3270
8255 4 2 20 2 148 3735 3202 4028
8256 4 2 20 2 2898 3323 3074 3560
8257 4 2 20 2 2968 3563 3306 4056
8258 4 2 20 2 3063 2958 3861 3880
8259 4 2 20 2 2894 3045 2983 3630
8260 4 2 20 2 2209 2927 2250 3970
8261 4 2 20 2 1109 1106 1082 1080
8262 4 2 20 2 2919 3621 3033 3768
8263 4 2 20 2 2861 3640 3178 3727
8264 4 2 20 2 2845 3532 3823 3961
8265 4 2 20 2 1821 1902 1840 3282
8266 4 2 20 2 2856 3794 3075 4090
8267 4 2 20 2 1434 3831 3303 3897
8268 4 2 20 2 2833 3393 3638 3747
8269 4 2 20 2 2944 3508 3355 3814
8270 4 2 20 2 2920 3143 3315 3965
8271 4 2 20 2 491 535 3247 3791
8272 4 2 20 2 2963 3551 3134 3783
8273 4 2 20 2 2110 2062 2001 3697
8274 4 2 20 2 3284 3566 3128 3863
8275 4 2 20 2 1564 1628 1603 3326
8276 4 2 20 2 277 233 235 3594
8277 4 2 20 2 395 397 483 3654
8278 4 2 20 2 3088 3409 3015 3491
8279 4 2 20 2 257 338 300 3920
8280 4 2 20 2 2932 3009 3225 3974
8281 4 2 20 2 2935 3598 3192 3899
8282 4 2 20 2 2929 3199 3688 3727
8283 4 2 20 2 3099 3286 3100 4087
8284 4 2 20 2 249 3635 251 3872
8285 4 2 20 2 3112 3758 3305 3834
8286 4 2 20 2 3048 3585 3580 3898
8287 4 2 20 2 3036 27 3937 4098
8288 4 2 20 2 3349 3557 3175 3575
8289 4 2 20 2 3597 3638 2980 3747
8290 4 2 20 2 1092 1065 1061 3182
8291 4 2 20 2 3118 3425 3309 4010
8292 4 2 20 2 2885 3016 3306 3422
8293 4 2 20 2 2888 3106 3010 3627
8294 4 2 20 2 3031 3579 3317 3762
8295 4 2 20 2 2846 3528 3128 3592
8296 4 2 20 2 2867 3353 3432 3516
8297 4 2 20 2 3046 3121 3295 3873
8298 4 2 20 2 2872 3078 3238 4007
8299 4 2 20 2 2918 3765 3193 4079
8300 4 2 20 2 3351 3790 3006 4114
8301 4 2 20 2 430 467 3486 3753
8302 4 2 20 2 3304 3868 3658 4065
8303 4 2 20 2 3577 3620 3036 4098
8304 4 2 20 2 3076 3522 2994 3775
8305 4 2 20 2 3605 3802 3032 3803
8306 4 2 20 2 2918 3360 3185 3844
8307 4 2 20 2 1721 3100 1737 3927
8308 4 2 20 2 1341 3391 3144 4053
8309 4 2 20 2 1347 3502 1390 3636
8310 4 2 20 2 2407 3508 3062 3941
8311 4 2 20 2 2367 3588 3038 4007
8312 4 2 20 2 828 827 864 3541
8313 4 2 20 2 3143 3126 3400 3652
8314 4 2 20 2 2857 3684 3651 4001
8315 4 2 20 2 2862 3413 3252 3811
8316 4 2 20 2 1844 1797 1858 3236
8317 4 2 20 2 3072 3324 2938 3433
8318 4 2 20 2 2975 3608 3519 4082
8319 4 2 20 2 3582 3638 3108 3924
8320 4 2 20 2 2498 3916 3105 4061
8321 4 2 20 2 1301 1306 3072 3467
8322 4 2 20 2 3078 3586 2896 4092
8323 4 2 20 2 3002 3549 3230 3788
8324 4 2 20 2 3041 3379 3210 3591
8325 4 2 20 2 3129 3774 3613 3992
8326 4 2 20 2 3173 3421 2839 3836
8327 4 2 20 2 1460 1416 1355 3603
8328 4 2 20 2 2464 3276 2470 3477
8329 4 2 20 2 1421 1403 1404 3859
8330 4 2 20 2 3161 3682 3285 3998
8331 4 2 20 2 351 354 311 3073
8332 4 2 20 2 577 3043 533 3044
8333 4 2 20 2 3355 3508 3020 3814
8334 4 2 20 2 2991 3506 3696 3856
8335 4 2 20 2 2935 2868 3711 4105
8336 4 2 20 2 3335 3582 3108 3924
8337 4 2 20 2 2849 3151 3357 3609
8338 4 2 20 2 2327 3485 3739 3906
8339 4 2 20 2 1662 1611 3130 3667
8340 4 2 20 2 2948 3476 3470 3623
8341 4 2 20 2 2868 2977 3602 4105
8342 4 2 20 2 305 263 262 3445
8343 4 2 20 2 3191 3639 2966 3819
8344 4 2 20 2 3079 3607 1638 3838
8345 4 2 20 2 2883 3202 3042 3498
8346 4 2 20 2 2854 2919 3259 3621
8347 4 2 20 2 3452 3656 1567 3957
8348 4 2 20 2 2154 3480 3659 3812
8349 4 2 20 2 3022 3661 1123 3770
8350 4 2 20 2 3096 3617 3276 3935
8351 4 2 20 2 3576 3665 2954 3967
8352 4 2 20 2 2498 4013 3916 4061
8353 4 2 20 2 2888 3071 3010 3642
8354 4 2 20 2 3292 3293 3096 3992
8355 4 2 20 2 108 109 149 3587
8356 4 2 20 2 2049 3700 2085 3841
8357 4 2 20 2 1406 3131 1470 3816
8358 4 2 20 2 2304 2255 3156 3813
8359 4 2 20 2 2243 3238 3064 3539
8360 4 2 20 2 1528 3324 1414 3771
8361 4 2 20 2 77 116 120 3631
8362 4 2 20 2 2835 3275 3374 3612
8363 4 2 20 2 2867 3448 3610 4059
8364 4 2 20 2 929 928 927 3338
8365 4 2 20 2 27 3620 3036 3937
8366 4 2 20 2 3034 2856 3207 3533
8367 4 2 20 2 331 371 373 3795
8368 4 2 20 2 3017 3741 3465 4056
8369 4 2 20 2 3059 3860 3116 4057
8370 4 2 20 2 2941 3345 3258 3381
8371 4 2 20 2 3538 3707 3026 3868
8372 4 2 20 2 1786 3316 1710 3415
8373 4 2 20 2 3082 3166 3772 3901
8374 4 2 20 2 513 3077 432 3389
8375 4 2 20 2 177 222 220 3491
8376 4 2 20 2 3131 3816 3165 3842
8377 4 2 20 2 3038 3588 2872 4007
8378 4 2 20 2 3837 4061 3105 4080
8379 4 2 20 2 2961 3556 3233 3840
8380 4 2 20 2 3134 3552 2963 3783
8381 4 2 20 2 2919 3092 2854 3586
8382 4 2 20 2 3208 3924 3806 4115
8383 4 2 20 2 1577 1637 1662 3410
8384 4 2 20 2 1576 1606 3058 3821
8385 4 2 20 2 3259 3823 2919 3976
8386 4 2 20 2 129 3736 127 3749
8387 4 2 20 2 2861 3094 3640 3727
8388 4 2 20 2 3066 3372 460 3447
8389 4 2 20 2 3470 3615 3131 3939
8390 4 2 20 2 1657 3082 1528 3771
8391 4 2 20 2 2953 3304 3597 4017
8392 4 2 20 2 2977 2935 3598 3635
8393 4 2 20 2 3256 3561 3031 3903
8394 4 2 20 2 1246 1204 3181 3831
8395 4 2 20 2 2079 2055 2145 3928
8396 4 2 20 2 999 985 984 3892
8397 4 2 20 2 1619 1673 1747 4030
8398 4 2 20 2 2951 3007 3571 3673
8399 4 2 20 2 441 3231 3073 3232
8400 4 2 20 2 2218 3064 2269 3539
8401 4 2 20 2 2957 3124 3419 3515
8402 4 2 20 2 94 52 91 3734
8403 4 2 20 2 2222 2282 2203 3512
8404 4 2 20 2 2950 3513 2915 3514
8405 4 2 20 2 3068 3543 3476 3950
8406 4 2 20 2 3048 3898 3580 4047
8407 4 2 20 2 2922 3482 3326 3836
8408 4 2 20 2 2844 3509 3049 4075
8409 4 2 20 2 1616 3191 3478 3639
8410 4 2 20 2 1458 1352 1439 3644
8411 4 2 20 2 2060 3489 3379 3591
8412 4 2 20 2 2868 3189 3612 3965
8413 4 2 20 2 2949 3571 3135 4008
8414 4 2 20 2 2883 2869 3398 3848
8415 4 2 20 2 406 365 364 3764
8416 4 2 20 2 1537 3162 1495 3518
8417 4 2 20 2 3075 3225 2903 3329
8418 4 2 20 2 2953 3423 3134 4017
8419 4 2 20 2 540 495 583 3392
8420 4 2 20 2 1103 3209 3216 3660
8421 4 2 20 2 1676 3308 1623 3596
8422 4 2 20 2 597 687 600 3530
8423 4 2 20 2 3231 3307 2883 3498
8424 4 2 20 2 3098 3841 1974 3963
8425 4 2 20 2 3171 3427 2983 3802
8426 4 2 20 2 951 913 953 3102
8427 4 2 20 2 1569 3390 1462 3715
8428 4 2 20 2 3552 3551 4027 4052
8429 4 2 20 2 2925 3506 3331 3938
8430 4 2 20 2 2832 3549 3296 3788
8431 4 2 20 2 188 3553 147 3587
8432 4 2 20 2 223 222 178 3491
8433 4 2 20 2 2103 2078 3368 3677
8434 4 2 20 2 1737 3286 3100 4104
8435 4 2 20 2 1531 3957 3360 3979
8436 4 2 20 2 3067 3857 3353 3898
8437 4 2 20 2 3156 2995 3507 3803
8438 4 2 20 2 3381 3383 2941 3685
8439 4 2 20 2 3251 3693 3025 3699
8440 4 2 20 2 2832 3230 3549 3788
8441 4 2 20 2 328 290 291 3870
8442 4 2 20 2 931 925 930 3981
8443 4 2 20 2 3279 3732 2966 3815
8444 4 2 20 2 3393 2980 3638 3747
8445 4 2 20 2 1756 3166 1861 3667
8446 4 2 20 2 1912 3963 3239 4077
8447 4 2 20 2 2883 3231 3073 3853
8448 4 2 20 2 2974 3137 3521 3613
8449 4 2 20 2 1453 3145 1475 3845
8450 4 2 20 2 2895 3684 3602 4001
8451 4 2 20 2 2848 3381 3161 3383
8452 4 2 20 2 3166 3555 2930 3667
8453 4 2 20 2 3440 3576 2954 3967
8454 4 2 20 2 2942 3252 2873 3412
8455 4 2 20 2 2948 3123 3756 3805
8456 4 2 20 2 1016 3135 3434 3695
8457 4 2 20 2 2129 2180 3368 3835
8458 4 2 20 2 2832 3355 3296 3849
8459 4 2 20 2 1389 1319 1432 3181
8460 4 2 20 2 1452 3203 1450 3453
8461 4 2 20 2 1257 1335 1308 3391
8462 4 2 20 2 2960 3454 3182 3458
8463 4 2 20 2 1774 1770 1856 3100
8464 4 2 20 2 2910 3568 3226 4025
8465 4 2 20 2 2841 3646 3308 4096
8466 4 2 20 2 3157 2978 3738 3808
8467 4 2 20 2 2144 2096 2079 3046
8468 4 2 20 2 1474 1448 1383 3718
8469 4 2 20 2 128 45 46 3225
8470 4 2 20 2 1463 3433 1509 3810
8471 4 2 20 2 3367 3848 3262 3895
8472 4 2 20 2 2986 3298 3554 4108
8473 4 2 20 2 3152 3623 1421 3859
8474 4 2 20 2 217 170 169 3271
8475 4 2 20 2 2838 3366 3726 3953
8476 4 2 20 2 334 375 422 3899
8477 4 2 20 2 3082 3482 3771 3884
8478 4 2 20 2 2875 3248 3371 3793
8479 4 2 20 2 2951 3344 3135 4008
8480 4 2 20 2 3056 2920 3265 3634
8481 4 2 20 2 2848 3381 3258 3560
8482 4 2 20 2 3095 2988 3674 4023
8483 4 2 20 2 3151 3712 3557 4117
8484 4 2 20 2 3101 3358 3287 3785
8485 4 2 20 2 3337 3696 3175 4117
8486 4 2 20 2 569 476 521 3318
8487 4 2 20 2 130 3329 3225 4078
8488 4 2 20 2 2967 3128 3528 3592
8489 4 2 20 2 2851 3221 3792 4014
8490 4 2 20 2 2834 3455 3264 3946
8491 4 2 20 2 3066 3447 460 3511
8492 4 2 20 2 1316 1317 3695 3786
8493 4 2 20 2 2929 3640 3094 3727
8494 4 2 20 2 27 3036 3620 4098
8495 4 2 20 2 2923 3350 3610 4114
8496 4 2 20 2 3029 3393 3289 3497
8497 4 2 20 2 3344 3695 1317 3786
8498 4 2 20 2 3052 3188 3708 3756
8499 4 2 20 2 3076 3582 3297 3777
8500 4 2 20 2 3287 3579 3335 3912
8501 4 2 20 2 3123 3504 2948 3756
8502 4 2 20 2 290 3691 291 3870
8503 4 2 20 2 3115 3773 2937 3809
8504 4 2 20 2 2934 3615 3474 3939
8505 4 2 20 2 2979 3120 3632 3798
8506 4 2 20 2 1499 3246 3453 3857
8507 4 2 20 2 2846 3474 3119 3756
8508 4 2 20 2 1264 1348 1347 3502
8509 4 2 20 2 2990 3712 3151 4117
8510 4 2 20 2 3455 3843 2961 3904
8511 4 2 20 2 2175 3061 2927 4100
8512 4 2 20 2 3062 3564 2375 3604
8513 4 2 20 2 2926 3363 3356 3999
8514 4 2 20 2 3064 3788 3709 4042
8515 4 2 20 2 2907 3367 3307 3848
8516 4 2 20 2 1487 3176 1438 3851
8517 4 2 20 2 2918 3185 3406 3844
8518 4 2 20 2 3420 3845 1315 4022
8519 4 2 20 2 98 97 94 3416
8520 4 2 20 2 132 171 131 3329
8521 4 2 20 2 3026 3868 3304 4065
8522 4 2 20 2 2838 3366 3268 3726
8523 4 2 20 2 3251 3025 3693 3746
8524 4 2 20 2 547 502 500 3768
8525 4 2 20 2 1414 1507 1506 3771
8526 4 2 20 2 3374 3529 3087 3814
8527 4 2 20 2 3065 3366 3794 4090
8528 4 2 20 2 2988 3536 3502 3915
8529 4 2 20 2 2995 2923 3485 3706
8530 4 2 20 2 2930 3951 3408 4029
8531 4 2 20 2 2854 2872 3092 3127
8532 4 2 20 2 1170 1151 1198 3599
8533 4 2 20 2 3284 3402 2936 4052
8534 4 2 20 2 3129 3332 3774 3846
8535 4 2 20 2 3298 3383 2986 3685
8536 4 2 20 2 2856 3354 3146 3464
8537 4 2 20 2 3278 3186 3830 3984
8538 4 2 20 2 3108 3581 2980 3582
8539 4 2 20 2 1860 3166 1817 3884
8540 4 2 20 2 3002 3357 3175 3549
8541 4 2 20 2 566 655 518 2959
8542 4 2 20 2 2304 2255 2303 3889
8543 4 2 20 2 2007 3645 3101 3980
8544 4 2 20 2 2969 3305 3483 3563
8545 4 2 20 2 648 645 3460 3461
8546 4 2 20 2 3408 3448 3084 3585
8547 4 2 20 2 1990 2085 2035 3841
8548 4 2 20 2 2843 2962 3248 3722
8549 4 2 20 2 3474 3601 3052 3756
8550 4 2 20 2 3099 3100 3714 4087
8551 4 2 20 2 3203 3857 3453 3926
8552 4 2 20 2 2087 2018 2006 3614
8553 4 2 20 2 3020 3508 3355 3663
8554 4 2 20 2 311 3853 268 3862
8555 4 2 20 2 3045 3136 2894 3550
8556 4 2 20 2 3246 3442 3181 4047
8557 4 2 20 2 3381 3560 2898 3680
8558 4 2 20 2 3007 2951 3434 3673
8559 4 2 20 2 198 3141 201 4091
8560 4 2 20 2 3708 3756 2948 3939
8561 4 2 20 2 3499 3676 3183 4012
8562 4 2 20 2 3163 3707 3097 3807
8563 4 2 20 2 2846 3592 3566 3731
8564 4 2 20 2 3378 3400 3143 3767
8565 4 2 20 2 876 917 919 3164
8566 4 2 20 2 2986 3466 3222 3518
8567 4 2 20 2 2942 2943 3479 4095
8568 4 2 20 2 2941 3266 3685 4117
8569 4 2 20 2 958 957 981 3376
8570 4 2 20 2 2897 3148 3090 3523
8571 4 2 20 2 1969 3236 1908 3546
8572 4 2 20 2 2498 3477 3105 3916
8573 4 2 20 2 2269 2323 3539 3668
8574 4 2 20 2 1114 3135 1113 3344
8575 4 2 20 2 2221 3350 3200 3706
8576 4 2 20 2 2967 3250 3149 4059
8577 4 2 20 2 335 295 331 3795
8578 4 2 20 2 2950 4080 2855 4081
8579 4 2 20 2 662 575 3542 3698
8580 4 2 20 2 233 189 235 3169
8581 4 2 20 2 1507 3771 3324 3810
8582 4 2 20 2 3399 3664 3029 4083
8583 4 2 20 2 24 23 26 3438
8584 4 2 20 2 1576 3058 1533 3470
8585 4 2 20 2 747 745 691 3417
8586 4 2 20 2 3173 2839 3421 3834
8587 4 2 20 2 731 770 771 3692
8588 4 2 20 2 3096 3399 3292 3969
8589 4 2 20 2 3217 3411 3672 3715
8590 4 2 20 2 1610 3410 1636 3772
8591 4 2 20 2 3393 3497 3029 3638
8592 4 2 20 2 2974 3612 3137 3613
8593 4 2 20 2 2929 3687 3640 3727
8594 4 2 20 2 2977 3767 3602 4105
8595 4 2 20 2 2880 3459 3311 3541
8596 4 2 20 2 3104 3600 3300 3874
8597 4 2 20 2 3156 3803 3507 4024
8598 4 2 20 2 3292 3031 3579 3860
8599 4 2 20 2 3163 3403 2921 3719
8600 4 2 20 2 2874 3251 3279 3796
8601 4 2 20 2 12 22 23 3243
8602 4 2 20 2 2840 3284 3128 3863
8603 4 2 20 2 2862 3369 3107 3412
8604 4 2 20 2 2906 2882 3867 4055
8605 4 2 20 2 3140 3450 3451 3679
8606 4 2 20 2 228 3498 274 3735
8607 4 2 20 2 3026 3658 3868 4065
8608 4 2 20 2 2912 3419 3196 3774
8609 4 2 20 2 3276 3508 2455 3941
8610 4 2 20 2 3335 2886 3582 3924
8611 4 2 20 2 1482 1546 1584 3502
8612 4 2 20 2 3182 3434 3007 4034
8613 4 2 20 2 1851 1791 1824 3300
8614 4 2 20 2 3171 3021 3826 3871
8615 4 2 20 2 2926 3707 3163 3807
8616 4 2 20 2 3233 3483 2876 3648
8617 4 2 20 2 2970 3275 2858 3320
8618 4 2 20 2 2957 3256 3124 4106
8619 4 2 20 2 3449 3509 3104 3600
8620 4 2 20 2 2074 2071 3659 3980
8621 4 2 20 2 3202 3735 3180 4028
8622 4 2 20 2 599 650 649 3954
8623 4 2 20 2 3724 3827 3113 4003
8624 4 2 20 2 3297 3446 3076 3522
8625 4 2 20 2 2963 3363 3432 3999
8626 4 2 20 2 2909 3207 3034 3817
8627 4 2 20 2 1424 1281 3519 3816
8628 4 2 20 2 430 429 432 3206
8629 4 2 20 2 2934 3474 3052 3939
8630 4 2 20 2 2947 3383 3273 3466
8631 4 2 20 2 1864 1836 1786 3415
8632 4 2 20 2 1335 3391 1380 3625
8633 4 2 20 2 1487 1351 1438 3176
8634 4 2 20 2 3358 3775 3076 3785
8635 4 2 20 2 3289 3029 3797 4037
8636 4 2 20 2 151 149 109 3388
8637 4 2 20 2 3040 3615 3119 3842
8638 4 2 20 2 3296 3078 3788 4092
8639 4 2 20 2 3094 3782 3665 3942
8640 4 2 20 2 3113 3827 3875 4003
8641 4 2 20 2 839 809 840 3424
8642 4 2 20 2 3284 3550 2885 3566
8643 4 2 20 2 1281 3608 3519 4050
8644 4 2 20 2 2997 3751 3359 3918
8645 4 2 20 2 3217 3827 2924 3968
8646 4 2 20 2 2944 3532 3355 3849
8647 4 2 20 2 1268 1325 1324 3072
8648 4 2 20 2 2887 3487 3111 3878
8649 4 2 20 2 3197 3522 3321 3915
8650 4 2 20 2 3406 3875 3827 4003
8651 4 2 20 2 2910 4023 3177 4025
8652 4 2 20 2 190 3202 232 4028
8653 4 2 20 2 3117 3166 3840 4000
8654 4 2 20 2 1821 3282 1840 4071
8655 4 2 20 2 1785 3191 3558 3776
8656 4 2 20 2 1490 3433 1511 3476
8657 4 2 20 2 3267 3701 3111 3878
8658 4 2 20 2 3299 3543 2989 3646
8659 4 2 20 2 3251 3693 3279 3773
8660 4 2 20 2 3581 3582 3108 3777
8661 4 2 20 2 385 429 430 3206
8662 4 2 20 2 409 452 453 3334
8663 4 2 20 2 3049 2987 3475 3672
8664 4 2 20 2 3084 3585 3448 3898
8665 4 2 20 2 3094 3401 2929 3647
8666 4 2 20 2 3011 3350 3084 3610
8667 4 2 20 2 1567 3452 3957 3979
8668 4 2 20 2 2847 2940 2895 3712
8669 4 2 20 2 2884 3185 3506 3839
8670 4 2 20 2 3157 3738 2978 3774
8671 4 2 20 2 2865 3207 3173 3533
8672 4 2 20 2 1492 1638 3360 3838
8673 4 2 20 2 3018 3806 3841 3852
8674 4 2 20 2 2901 3194 2970 3259
8675 4 2 20 2 1526 3197 3766 3915
8676 4 2 20 2 418 374 335 3372
8677 4 2 20 2 394 3155 393 4011
8678 4 2 20 2 2432 2455 3508 3941
8679 4 2 20 2 1930 3098 1913 3415
8680 4 2 20 2 1442 1511 3433 3623
8681 4 2 20 2 2901 3823 3259 3976
8682 4 2 20 2 73 75 77 3631
8683 4 2 20 2 815 783 784 3132
8684 4 2 20 2 1840 3282 1902 3645
8685 4 2 20 2 3350 3351 3084 4114
8686 4 2 20 2 3019 3251 3583 4012
8687 4 2 20 2 2859 3879 3170 3968
8688 4 2 20 2 2930 3385 3166 3667
8689 4 2 20 2 1117 3159 1116 4116
8690 4 2 20 2 1836 3316 3415 4077
8691 4 2 20 2 3017 2905 3741 4056
8692 4 2 20 2 1464 1490 1509 3433
8693 4 2 20 2 3081 3518 3111 3519
8694 4 2 20 2 3152 3467 2938 3859
8695 4 2 20 2 563 597 600 3530
8696 4 2 20 2 3241 3500 2928 4035
8697 4 2 20 2 3349 4002 3557 4062
8698 4 2 20 2 180 141 144 3396
8699 4 2 20 2 342 3769 345 3921
8700 4 2 20 2 1475 1384 3845 3911
8701 4 2 20 2 3058 3162 3910 3939
8702 4 2 20 2 3474 3551 3134 3960
8703 4 2 20 2 1108 3209 1133 3825
8704 4 2 20 2 1813 1856 1770 3100
8705 4 2 20 2 2048 2122 2066 3505
8706 4 2 20 2 2889 3583 3115 3746
8707 4 2 20 2 1920 1857 1907 3121
8708 4 2 20 2 2846 3128 3551 3566
8709 4 2 20 2 317 3590 278 3594
8710 4 2 20 2 3252 3600 3449 3811
8711 4 2 20 2 2841 3464 3204 3759
8712 4 2 20 2 3479 3573 2908 3736
8713 4 2 20 2 3408 3951 3448 4029
8714 4 2 20 2 3106 3626 3627 3769
8715 4 2 20 2 1499 3453 3364 3857
8716 4 2 20 2 3183 3184 3006 3790
8717 4 2 20 2 1368 1428 1476 4026
8718 4 2 20 2 3121 3368 3046 3928
8719 4 2 20 2 2954 3576 3239 3782
8720 4 2 20 2 3163 3097 3719 3807
8721 4 2 20 2 3024 3250 3833 4027
8722 4 2 20 2 1877 3884 3117 4000
8723 4 2 20 2 353 392 310 4011
8724 4 2 20 2 1785 3558 1709 3662
8725 4 2 20 2 110 75 70 3631
8726 4 2 20 2 2892 3857 3364 3866
8727 4 2 20 2 420 3372 463 3598
8728 4 2 20 2 3196 3419 3157 3774
8729 4 2 20 2 1549 1673 3176 3851
8730 4 2 20 2 2986 3554 3222 4108
8731 4 2 20 2 3317 3579 2957 3762
8732 4 2 20 2 2983 3045 3427 3630
8733 4 2 20 2 2849 2883 3042 4049
8734 4 2 20 2 2991 3245 3506 3856
8735 4 2 20 2 105 142 103 4009
8736 4 2 20 2 3173 3483 2839 3834
8737 4 2 20 2 3067 3342 3246 3898
8738 4 2 20 2 1541 3439 3801 3967
8739 4 2 20 2 3045 3422 2885 3550
8740 4 2 20 2 2497 3105 2503 4061
8741 4 2 20 2 2871 3085 3270 4051
8742 4 2 20 2 2841 3449 3370 3944
8743 4 2 20 2 1813 1887 1906 3100
8744 4 2 20 2 3351 3728 3084 4114
8745 4 2 20 2 2850 3268 3010 3366
8746 4 2 20 2 2843 3534 2869 3978
8747 4 2 20 2 3430 3803 3264 3822
8748 4 2 20 2 2886 3806 3924 4115
8749 4 2 20 2 1116 3159 1091 4116
8750 4 2 20 2 1303 3859 3467 4032
8751 4 2 20 2 2932 3075 3069 3431
8752 4 2 20 2 388 433 389 3219
8753 4 2 20 2 1773 1828 3377 4099
8754 4 2 20 2 953 949 946 3653
8755 4 2 20 2 3360 3406 3185 3996
8756 4 2 20 2 3335 3582 2886 3997
8757 4 2 20 2 3084 3448 3011 3610
8758 4 2 20 2 400 3231 442 3789
8759 4 2 20 2 2226 3183 3676 4016
8760 4 2 20 2 3441 3707 3540 4084
8761 4 2 20 2 2888 3010 3268 3627
8762 4 2 20 2 3446 3720 2886 3785
8763 4 2 20 2 2882 3375 3212 3493
8764 4 2 20 2 1422 1364 3079 3838
8765 4 2 20 2 2994 3098 3462 3877
8766 4 2 20 2 2995 3822 3605 4076
8767 4 2 20 2 1570 1702 1683 3772
8768 4 2 20 2 2963 3551 3128 4027
8769 4 2 20 2 1541 3742 3440 3967
8770 4 2 20 2 2873 3252 3125 3509
8771 4 2 20 2 3840 3900 2839 3901
8772 4 2 20 2 2865 3207 3269 3723
8773 4 2 20 2 3201 3843 3455 3904
8774 4 2 20 2 2837 3367 3349 3848
8775 4 2 20 2 2847 3266 3595 4031
8776 4 2 20 2 3260 3377 2844 4099
8777 4 2 20 2 2855 3332 3186 3830
8778 4 2 20 2 1592 3874 3596 4096
8779 4 2 20 2 313 3384 276 3590
8780 4 2 20 2 2085 3199 2122 3505
8781 4 2 20 2 1380 3391 1334 3816
8782 4 2 20 2 2853 3741 2905 4056
8783 4 2 20 2 3004 3445 3030 3722
8784 4 2 20 2 2932 3107 3009 3974
8785 4 2 20 2 3149 3382 3250 3863
8786 4 2 20 2 3245 2991 3506 3938
8787 4 2 20 2 73 3074 3914 4119
8788 4 2 20 2 2987 3205 3204 3269
8789 4 2 20 2 3429 3825 3022 3991
8790 4 2 20 2 2925 3185 3607 3844
8791 4 2 20 2 2898 3381 3266 3595
8792 4 2 20 2 3159 3710 3548 4116
8793 4 2 20 2 1512 3470 1513 3476
8794 4 2 20 2 1338 3911 3267 4067
8795 4 2 20 2 779 739 740 3224
8796 4 2 20 2 2503 2497 2498 3105
8797 4 2 20 2 2989 3354 3207 3464
8798 4 2 20 2 1337 1333 3152 3625
8799 4 2 20 2 2986 3222 3466 4108
8800 4 2 20 2 1568 1634 3672 3715
8801 4 2 20 2 351 3073 311 3862
8802 4 2 20 2 3665 3782 2954 3942
8803 4 2 20 2 3125 3880 3252 4095
8804 4 2 20 2 2837 3881 3295 3929
8805 4 2 20 2 3197 2910 3611 3775
8806 4 2 20 2 2867 3432 3250 3964
8807 4 2 20 2 2995 3149 3822 4076
8808 4 2 20 2 1358 1327 1276 3072
8809 4 2 20 2 1383 3718 3079 3800
8810 4 2 20 2 1653 3326 1628 3820
8811 4 2 20 2 2041 2060 3379 3591
8812 4 2 20 2 2834 3264 3507 3822
8813 4 2 20 2 3016 3422 2885 3870
8814 4 2 20 2 1358 3072 1276 3859
8815 4 2 20 2 2979 3331 3703 3967
8816 4 2 20 2 3297 3570 2863 3798
8817 4 2 20 2 679 643 591 4069
8818 4 2 20 2 2909 3174 2931 3869
8819 4 2 20 2 795 863 3535 4019
8820 4 2 20 2 3035 3180 2907 3345
8821 4 2 20 2 3015 3065 2850 3088
8822 4 2 20 2 2236 3059 2285 3700
8823 4 2 20 2 2890 3004 3030 3722
8824 4 2 20 2 2912 3613 3096 3969
8825 4 2 20 2 2197 3200 2221 3350
8826 4 2 20 2 2832 3265 3622 3849
8827 4 2 20 2 2166 3380 3140 3850
8828 4 2 20 2 1778 1817 3772 3884
8829 4 2 20 2 2503 3105 2498 4066
8830 4 2 20 2 2195 2888 2201 4021
8831 4 2 20 2 128 126 86 3974
8832 4 2 20 2 1277 1274 1275 3193
8833 4 2 20 2 3046 3263 3262 4085
8834 4 2 20 2 3191 3639 3303 3815
8835 4 2 20 2 2924 3260 3121 3290
8836 4 2 20 2 3128 4027 3551 4052
8837 4 2 20 2 14 11 3524 3832
8838 4 2 20 2 2866 3264 3220 3465
8839 4 2 20 2 1302 3765 3701 3828
8840 4 2 20 2 2902 3239 3962 4077
8841 4 2 20 2 2851 3484 3117 3556
8842 4 2 20 2 2922 3714 3820 4104
8843 4 2 20 2 2853 3430 2905 3741
8844 4 2 20 2 3176 2965 3517 4030
8845 4 2 20 2 3059 3681 3198 4057
8846 4 2 20 2 2928 3192 3750 4035
8847 4 2 20 2 2304 2303 3156 3889
8848 4 2 20 2 2464 3327 2446 3508
8849 4 2 20 2 3502 3536 2988 3636
8850 4 2 20 2 2863 3581 3538 3777
8851 4 2 20 2 1164 1178 3469 3831
8852 4 2 20 2 3110 2912 3903 3969
8853 4 2 20 2 2971 2907 3416 3567
8854 4 2 20 2 1114 1045 1113 3135
8855 4 2 20 2 299 256 340 3633
8856 4 2 20 2 2408 2358 2376 3604
8857 4 2 20 2 1956 1995 2075 3812
8858 4 2 20 2 2993 3570 3095 3742
8859 4 2 20 2 3082 3117 3482 3884
8860 4 2 20 2 1855 1812 3377 3943
8861 4 2 20 2 943 897 940 3133
8862 4 2 20 2 2924 3113 3827 3881
8863 4 2 20 2 187 233 229 3553
8864 4 2 20 2 1808 3300 1731 3943
8865 4 2 20 2 1175 3302 1193 3890
8866 4 2 20 2 2046 2014 1984 3930
8867 4 2 20 2 2861 3208 3782 4112
8868 4 2 20 2 2462 3459 3291 4013
8869 4 2 20 2 2865 3533 3173 3834
8870 4 2 20 2 3129 3774 3562 3846
8871 4 2 20 2 3123 3481 3218 3805
8872 4 2 20 2 2874 3517 3279 3732
8873 4 2 20 2 779 777 739 3224
8874 4 2 20 2 3146 3464 2878 3730
8875 4 2 20 2 2437 3681 3116 3941
8876 4 2 20 2 1393 3502 3536 3915
8877 4 2 20 2 1419 3603 3390 3765
8878 4 2 20 2 2943 2964 2842 3369
8879 4 2 20 2 2836 3161 3685 3704
8880 4 2 20 2 1144 1145 1175 3578
8881 4 2 20 2 2884 3451 3185 3875
8882 4 2 20 2 2994 3076 3775 3785
8883 4 2 20 2 1584 1545 3237 3932
8884 4 2 20 2 1125 3770 3661 3818
8885 4 2 20 2 385 467 345 3486
8886 4 2 20 2 2858 3275 2970 3529
8887 4 2 20 2 2878 3243 3034 3817
8888 4 2 20 2 2994 3522 3321 3766
8889 4 2 20 2 2980 3497 3208 3703
8890 4 2 20 2 3326 2922 3492 3771
8891 4 2 20 2 3073 3232 2883 3895
8892 4 2 20 2 1625 3104 3475 3902
8893 4 2 20 2 2935 3894 3284 4105
8894 4 2 20 2 2882 3195 2998 3396
8895 4 2 20 2 2980 3497 3393 3638
8896 4 2 20 2 3010 2903 3225 3329
8897 4 2 20 2 3130 3301 3364 3866
8898 4 2 20 2 2886 3806 3208 3924
8899 4 2 20 2 3198 3512 3062 3604
8900 4 2 20 2 3062 3604 2375 3941
8901 4 2 20 2 2166 2106 3140 3380
8902 4 2 20 2 3304 3026 3597 4017
8903 4 2 20 2 568 607 519 3471
8904 4 2 20 2 2970 3535 3259 3907
8905 4 2 20 2 302 344 3106 3642
8906 4 2 20 2 2941 3345 3557 4062
8907 4 2 20 2 2957 3419 3903 3912
8908 4 2 20 2 3169 3362 2968 3388
8909 4 2 20 2 3186 3739 3485 4076
8910 4 2 20 2 2894 2983 3244 3630
8911 4 2 20 2 2895 2940 3138 3312
8912 4 2 20 2 2129 2142 2103 3368
8913 4 2 20 2 1440 3410 3324 3772
8914 4 2 20 2 3482 3771 3326 3810
8915 4 2 20 2 2097 2025 3418 3792
8916 4 2 20 2 224 3231 182 3853
8917 4 2 20 2 2981 3596 3300 3874
8918 4 2 20 2 2875 3061 2175 3865
8919 4 2 20 2 3108 3757 3777 3997
8920 4 2 20 2 1573 1532 1572 3273
8921 4 2 20 2 52 3734 3937 4072
8922 4 2 20 2 447 446 449 3789
8923 4 2 20 2 3031 3716 2385 3717
8924 4 2 20 2 1129 1133 1152 3825
8925 4 2 20 2 689 650 3417 3954
8926 4 2 20 2 1652 3290 1699 3452
8927 4 2 20 2 2918 3406 3839 3844
8928 4 2 20 2 2154 2155 2192 3480
8929 4 2 20 2 3042 3498 3202 4111
8930 4 2 20 2 2863 3658 3330 3888
8931 4 2 20 2 3297 3522 3177 3674
8932 4 2 20 2 2938 3772 3555 3901
8933 4 2 20 2 3218 3628 3261 3904
8934 4 2 20 2 2096 3046 2095 3368
8935 4 2 20 2 3253 3700 3059 3717
8936 4 2 20 2 2853 2905 3422 4056
8937 4 2 20 2 3245 3405 3094 3665
8938 4 2 20 2 2924 3121 3260 3873
8939 4 2 20 2 3615 3756 3474 3939
8940 4 2 20 2 1026 3135 1033 3469
8941 4 2 20 2 60 58 3438 4010
8942 4 2 20 2 26 28 31 3438
8943 4 2 20 2 3202 3498 3307 3735
8944 4 2 20 2 3047 3656 3452 3957
8945 4 2 20 2 3137 3738 3157 3774
8946 4 2 20 2 2879 3577 3180 3620
8947 4 2 20 2 403 448 401 4006
8948 4 2 20 2 3230 3549 3175 3696
8949 4 2 20 2 2930 3555 3301 4029
8950 4 2 20 2 3402 3551 3474 3960
8951 4 2 20 2 1974 3098 1930 3972
8952 4 2 20 2 2923 2995 3485 4076
8953 4 2 20 2 2839 3233 3482 3840
8954 4 2 20 2 2953 3597 3423 4017
8955 4 2 20 2 2982 3086 3001 3590
8956 4 2 20 2 3025 3912 3335 4070
8957 4 2 20 2 3212 3375 2882 4090
8958 4 2 20 2 2862 3009 3369 4051
8959 4 2 20 2 3540 3707 3026 4084
8960 4 2 20 2 2855 3105 2448 3332
8961 4 2 20 2 2979 3632 3331 3967
8962 4 2 20 2 2148 2185 2111 3350
8963 4 2 20 2 3241 3284 3242 4105
8964 4 2 20 2 3302 3940 3240 4023
8965 4 2 20 2 2989 3723 3207 3836
8966 4 2 20 2 2856 3034 3207 3817
8967 4 2 20 2 1566 1567 3656 3957
8968 4 2 20 2 3110 3419 3157 3956
8969 4 2 20 2 2940 3312 3147 3490
8970 4 2 20 2 1175 1144 1141 1139
8971 4 2 20 2 484 441 3073 3343
8972 4 2 20 2 2876 3407 3220 3465
8973 4 2 20 2 2833 3363 3423 3540
8974 4 2 20 2 1669 1670 1784 3316
8975 4 2 20 2 3034 3438 3243 3572
8976 4 2 20 2 2887 3145 3331 3632
8977 4 2 20 2 302 214 344 3642
8978 4 2 20 2 2846 3119 3528 3756
8979 4 2 20 2 2997 3918 3453 3926
8980 4 2 20 2 2465 3105 2855 3837
8981 4 2 20 2 3147 3490 3312 3764
8982 4 2 20 2 3074 3174 2879 3869
8983 4 2 20 2 897 898 896 3133
8984 4 2 20 2 2255 2256 3200 3813
8985 4 2 20 2 242 324 287 3490
8986 4 2 20 2 3239 3576 2954 3584
8987 4 2 20 2 1335 1257 1334 3391
8988 4 2 20 2 240 322 283 3362
8989 4 2 20 2 1255 1406 1334 3816
8990 4 2 20 2 1235 1236 1231 3072
8991 4 2 20 2 1328 1302 3193 3765
8992 4 2 20 2 3084 3006 3580 4114
8993 4 2 20 2 1080 1109 1106 3599
8994 4 2 20 2 3341 3914 3574 4036
8995 4 2 20 2 2854 3259 2919 3976
8996 4 2 20 2 2955 3740 3159 3940
8997 4 2 20 2 2960 3548 3799 4034
8998 4 2 20 2 2994 3785 3645 3893
8999 4 2 20 2 2869 3232 3398 3655
9000 4 2 20 2 354 311 3073 3231
9001 4 2 20 2 2853 3563 3261 3946
9002 4 2 20 2 3068 3836 3326 3900
9003 4 2 20 2 3731 3858 3306 3948
9004 4 2 20 2 1153 1210 1186 3209
9005 4 2 20 2 93 130 46 4078
9006 4 2 20 2 2936 3284 3241 3402
9007 4 2 20 2 1397 1351 3429 3991
9008 4 2 20 2 2207 2189 2113 3253
9009 4 2 20 2 148 3202 190 4028
9010 4 2 20 2 2874 3279 3441 3732
9011 4 2 20 2 2915 3278 3275 4081
9012 4 2 20 2 1612 1666 1687 1707
9013 4 2 20 2 3208 3497 2980 3924
9014 4 2 20 2 2992 3679 3365 3856
9015 4 2 20 2 2349 2350 2318 4113
9016 4 2 20 2 179 174 219 3853
9017 4 2 20 2 2837 3150 3367 4085
9018 4 2 20 2 3143 3400 3241 3767
9019 4 2 20 2 71 73 74 4119
9020 4 2 20 2 2995 3507 3822 3949
9021 4 2 20 2 3020 3327 3179 3934
9022 4 2 20 2 1953 1900 1927 3223
9023 4 2 20 2 3242 3894 2868 4105
9024 4 2 20 2 1251 1324 1360 3072
9025 4 2 20 2 3359 3786 2951 4008
9026 4 2 20 2 2926 3432 3516 3773
9027 4 2 20 2 3258 3411 3205 3779
9028 4 2 20 2 3220 3455 2961 3904
9029 4 2 20 2 3262 3367 3150 4085
9030 4 2 20 2 2836 3346 3652 3829
9031 4 2 20 2 3036 3416 3235 3937
9032 4 2 20 2 2306 2283 2285 3198
9033 4 2 20 2 1388 1262 1317 3344
9034 4 2 20 2 2195 3172 3489 4021
9035 4 2 20 2 2906 2876 2998 3169
9036 4 2 20 2 2207 2189 3253 3700
9037 4 2 20 2 155 161 154 3574
9038 4 2 20 2 2948 3421 3188 3708
9039 4 2 20 2 156 3153 193 3705
9040 4 2 20 2 1591 3308 3646 4096
9041 4 2 20 2 2008 1916 3494 3812
9042 4 2 20 2 2943 3793 3479 4095
9043 4 2 20 2 1974 3841 3098 3972
9044 4 2 20 2 2878 3069 2932 3730
9045 4 2 20 2 44 3075 3225 3431
9046 4 2 20 2 1430 1451 1429 3203
9047 4 2 20 2 2923 3351 3350 4114
9048 4 2 20 2 3282 3645 1840 4071
9049 4 2 20 2 3328 3552 4027 4052
9050 4 2 20 2 3191 3478 3639 3819
9051 4 2 20 2 2166 3064 2243 3238
9052 4 2 20 2 3152 3624 3040 3625
9053 4 2 20 2 2908 2971 3235 3955
9054 4 2 20 2 3023 3194 3066 3602
9055 4 2 20 2 188 3388 3553 3587
9056 4 2 20 2 1394 3226 3197 3915
9057 4 2 20 2 2832 3622 3265 3696
9058 4 2 20 2 2838 3172 3379 3683
9059 4 2 20 2 2844 3170 3678 4033
9060 4 2 20 2 1356 3193 1417 3603
9061 4 2 20 2 2912 3419 3110 3903
9062 4 2 20 2 3480 4094 3124 4106
9063 4 2 20 2 3373 3456 3027 3973
9064 4 2 20 2 3034 3075 2856 3425
9065 4 2 20 2 3016 2885 3192 3870
9066 4 2 20 2 80 3281 3573 3780
9067 4 2 20 2 3354 3714 3099 3820
9068 4 2 20 2 368 409 366 3334
9069 4 2 20 2 3029 3664 4070 4083
9070 4 2 20 2 3253 3841 3806 3852
9071 4 2 20 2 1315 4022 3845 4067
9072 4 2 20 2 3259 3529 2901 3976
9073 4 2 20 2 2478 3129 2459 4066
9074 4 2 20 2 3179 3539 3020 3934
9075 4 2 20 2 163 80 123 3281
9076 4 2 20 2 3183 3499 2226 3676
9077 4 2 20 2 3091 3622 3265 3849
9078 4 2 20 2 3252 3413 3122 3811
9079 4 2 20 2 120 3468 78 3631
9080 4 2 20 2 139 178 176 3491
9081 4 2 20 2 3030 3367 3262 3895
9082 4 2 20 2 3028 3451 3314 4063
9083 4 2 20 2 3111 3222 3702 4101
9084 4 2 20 2 3110 3157 3435 3956
9085 4 2 20 2 1475 3800 1409 3911
9086 4 2 20 2 2066 3505 3199 4054
9087 4 2 20 2 3275 3278 2835 3830
9088 4 2 20 2 3226 3568 3093 3599
9089 4 2 20 2 3255 3422 3016 3870
9090 4 2 20 2 972 969 948 3733
9091 4 2 20 2 3962 3963 3415 4077
9092 4 2 20 2 273 224 270 3853
9093 4 2 20 2 348 3472 3445 3919
9094 4 2 20 2 1173 1187 3391 3454
9095 4 2 20 2 3112 3388 3305 3784
9096 4 2 20 2 2955 3240 3940 4023
9097 4 2 20 2 464 3214 511 3990
9098 4 2 20 2 2219 2254 2255 3889
9099 4 2 20 2 1557 3646 1556 4096
9100 4 2 20 2 2846 3128 3528 3551
9101 4 2 20 2 3284 3551 3402 4052
9102 4 2 20 2 2962 3501 3280 3689
9103 4 2 20 2 547 3768 550 3824
9104 4 2 20 2 3182 2960 3458 4034
9105 4 2 20 2 1791 1769 1824 3300
9106 4 2 20 2 247 201 3691 4091
9107 4 2 20 2 2431 3619 3156 3760
9108 4 2 20 2 3050 3801 3800 4079
9109 4 2 20 2 1481 3502 3237 3636
9110 4 2 20 2 324 3490 242 3764
9111 4 2 20 2 2430 2431 3156 3760
9112 4 2 20 2 406 3764 364 4068
9113 4 2 20 2 2902 3321 3316 3415
9114 4 2 20 2 2861 3178 3289 3497
9115 4 2 20 2 3009 2903 3225 3626
9116 4 2 20 2 2479 3293 3992 4073
9117 4 2 20 2 2994 3197 3522 3766
9118 4 2 20 2 2968 3465 2853 4056
9119 4 2 20 2 3483 3563 2876 3648
9120 4 2 20 2 3301 3361 2938 3901
9121 4 2 20 2 2944 3508 3617 3663
9122 4 2 20 2 1908 3236 1858 3959
9123 4 2 20 2 3046 3678 3873 4085
9124 4 2 20 2 3050 3145 3800 3801
9125 4 2 20 2 3237 3636 3502 3674
9126 4 2 20 2 3003 3500 3595 3864
9127 4 2 20 2 256 3270 255 3633
9128 4 2 20 2 1585 1547 1614 3316
9129 4 2 20 2 1711 3321 1645 3766
9130 4 2 20 2 2908 3235 2971 4072
9131 4 2 20 2 2845 3327 3087 3814
9132 4 2 20 2 1765 1803 1711 3415
9133 4 2 20 2 565 601 599 3389
9134 4 2 20 2 2887 3111 3702 3878
9135 4 2 20 2 1253 1279 3072 3859
9136 4 2 20 2 1560 1558 3299 3475
9137 4 2 20 2 3058 1606 3543 3821
9138 4 2 20 2 1421 3476 3623 3624
9139 4 2 20 2 3100 3714 3492 4104
9140 4 2 20 2 2840 3284 3550 3894
9141 4 2 20 2 2938 3433 3361 3623
9142 4 2 20 2 1159 3182 1137 4046
9143 4 2 20 2 2832 3709 3211 3882
9144 4 2 20 2 1818 3185 1845 3451
9145 4 2 20 2 3217 3260 3049 3968
9146 4 2 20 2 1153 3209 1186 3825
9147 4 2 20 2 3174 2909 3438 3729
9148 4 2 20 2 389 391 350 3219
9149 4 2 20 2 1158 1188 3277 3473
9150 4 2 20 2 3448 3951 3569 4029
9151 4 2 20 2 563 600 3488 3530
9152 4 2 20 2 2993 3787 3570 3798
9153 4 2 20 2 389 3472 3219 3862
9154 4 2 20 2 2847 3500 3241 4035
9155 4 2 20 2 3087 3459 3291 3529
9156 4 2 20 2 2319 3059 2286 3716
9157 4 2 20 2 2854 3092 3033 3127
9158 4 2 20 2 2884 3406 3298 4003
9159 4 2 20 2 3287 3358 2874 3757
9160 4 2 20 2 191 239 3559 3784
9161 4 2 20 2 3176 3851 1673 4030
9162 4 2 20 2 3324 3771 3082 3810
9163 4 2 20 2 2975 3165 3404 3876
9164 4 2 20 2 3410 3467 2938 3909
9165 4 2 20 2 2949 3344 3181 4008
9166 4 2 20 2 3099 3820 3714 4104
9167 4 2 20 2 3079 3607 3838 3844
9168 4 2 20 2 407 405 320 3187
9169 4 2 20 2 3174 3577 3036 4098
9170 4 2 20 2 2078 2022 3368 3677
9171 4 2 20 2 1417 3193 1378 3360
9172 4 2 20 2 1756 1817 1861 3166
9173 4 2 20 2 3284 3550 2935 3750
9174 4 2 20 2 887 863 825 3541
9175 4 2 20 2 1888 3100 1906 3683
9176 4 2 20 2 3135 3344 2951 3695
9177 4 2 20 2 2963 3552 3551 4027
9178 4 2 20 2 3047 3957 3452 3979
9179 4 2 20 2 3353 3857 3246 3898
9180 4 2 20 2 789 819 3257 3694
9181 4 2 20 2 2386 2332 2334 3256
9182 4 2 20 2 2018 3614 2050 3776
9183 4 2 20 2 3122 3272 2958 3752
9184 4 2 20 2 2262 2249 2875 2999
9185 4 2 20 2 2978 3774 3332 3846
9186 4 2 20 2 833 868 866 3387
9187 4 2 20 2 2855 2950 3837 4080
9188 4 2 20 2 3350 3084 3610 4114
9189 4 2 20 2 1655 1754 3290 3452
9190 4 2 20 2 3010 2903 3329 3366
9191 4 2 20 2 2839 3836 3421 3900
9192 4 2 20 2 541 495 540 3392
9193 4 2 20 2 455 3228 500 3824
9194 4 2 20 2 3505 3841 3018 3963
9195 4 2 20 2 124 166 127 3736
9196 4 2 20 2 3095 3674 3177 4023
9197 4 2 20 2 3253 3841 2069 3972
9198 4 2 20 2 3350 3351 2923 3706
9199 4 2 20 2 3233 3556 3117 3840
9200 4 2 20 2 3283 3751 3356 3807
9201 4 2 20 2 2993 3267 3845 4067
9202 4 2 20 2 3006 3084 3728 4114
9203 4 2 20 2 2173 2247 2190 3525
9204 4 2 20 2 2867 3084 3580 3610
9205 4 2 20 2 2975 3330 3277 3436
9206 4 2 20 2 992 971 991 2387
9207 4 2 20 2 3321 3522 3197 3766
9208 4 2 20 2 3173 2839 3482 3836
9209 4 2 20 2 3068 3361 3421 3900
9210 4 2 20 2 2954 3439 3405 3933
9211 4 2 20 2 3229 3429 3022 3991
9212 4 2 20 2 1233 1232 1234 3072
9213 4 2 20 2 1580 3237 3932 3933
9214 4 2 20 2 2860 3380 3238 4041
9215 4 2 20 2 2201 2888 2952 4021
9216 4 2 20 2 2835 3612 3374 3917
9217 4 2 20 2 2904 3459 2880 3541
9218 4 2 20 2 3186 3325 3619 3760
9219 4 2 20 2 920 820 875 3544
9220 4 2 20 2 413 371 327 3666
9221 4 2 20 2 2921 3181 3442 4047
9222 4 2 20 2 2464 2446 3276 3508
9223 4 2 20 2 3355 3814 3020 3934
9224 4 2 20 2 2459 3129 3846 4066
9225 4 2 20 2 3184 3006 3790 4114
9226 4 2 20 2 2265 3534 2843 3835
9227 4 2 20 2 2046 3930 1984 4063
9228 4 2 20 2 2890 2908 3004 3793
9229 4 2 20 2 1582 3342 1642 3442
9230 4 2 20 2 1501 1499 1519 3342
9231 4 2 20 2 2997 3246 3353 3453
9232 4 2 20 2 3248 3678 3722 4033
9233 4 2 20 2 2202 3792 3221 4014
9234 4 2 20 2 2928 3336 3142 4074
9235 4 2 20 2 1165 1177 1193 3240
9236 4 2 20 2 217 3271 169 3749
9237 4 2 20 2 3047 3452 3314 3979
9238 4 2 20 2 3196 3562 2424 4048
9239 4 2 20 2 3515 3583 3251 4012
9240 4 2 20 2 537 583 3392 3675
9241 4 2 20 2 1417 1510 3603 3957
9242 4 2 20 2 136 3734 3853 4089
9243 4 2 20 2 1735 3286 1737 4104
9244 4 2 20 2 2926 3432 3363 3999
9245 4 2 20 2 3377 3509 3104 3902
9246 4 2 20 2 1489 3390 3656 3715
9247 4 2 20 2 1564 1596 1628 3820
9248 4 2 20 2 2871 3591 3414 4100
9249 4 2 20 2 3121 3290 3260 4099
9250 4 2 20 2 1240 1188 1112 3277
9251 4 2 20 2 2847 3595 3500 4031
9252 4 2 20 2 634 725 635 3907
9253 4 2 20 2 2489 2503 2499 3105
9254 4 2 20 2 351 311 268 3862
9255 4 2 20 2 1474 3718 1383 3800
9256 4 2 20 2 2925 3227 3839 3844
9257 4 2 20 2 9 2 8 3754
9258 4 2 20 2 2840 3521 3738 3833
9259 4 2 20 2 3425 4009 3309 4010
9260 4 2 20 2 2875 3793 2943 3880
9261 4 2 20 2 2845 3355 3532 3961
9262 4 2 20 2 3217 3672 3411 3879
9263 4 2 20 2 3064 2992 3882 3925
9264 4 2 20 2 3242 2936 3328 4052
9265 4 2 20 2 1460 3603 1510 3957
9266 4 2 20 2 2947 3411 3217 3715
9267 4 2 20 2 1658 3979 3360 3996
9268 4 2 20 2 3030 3271 2971 3713
9269 4 2 20 2 3348 3826 3021 3871
9270 4 2 20 2 3153 3680 3035 4005
9271 4 2 20 2 2839 3173 3233 3483
9272 4 2 20 2 1094 1146 1147 3469
9273 4 2 20 2 3303 3639 2966 3815
9274 4 2 20 2 2832 3230 3622 3696
9275 4 2 20 2 3083 3359 3719 4008
9276 4 2 20 2 3474 3615 3119 3756
9277 4 2 20 2 1193 1165 3240 3940
9278 4 2 20 2 2859 3779 3345 3896
9279 4 2 20 2 2914 2950 2858 3837
9280 4 2 20 2 2920 3265 3346 3652
9281 4 2 20 2 913 951 917 3102
9282 4 2 20 2 3462 3877 1901 3893
9283 4 2 20 2 573 2973 482 3443
9284 4 2 20 2 578 618 3443 3725
9285 4 2 20 2 2909 3347 3205 3869
9286 4 2 20 2 2884 3185 3839 3875
9287 4 2 20 2 2909 2931 3347 3869
9288 4 2 20 2 1173 1187 1256 3391
9289 4 2 20 2 2004 1742 1879 3585
9290 4 2 20 2 2833 3423 3363 3552
9291 4 2 20 2 3543 3646 1559 3950
9292 4 2 20 2 376 424 3633 3921
9293 4 2 20 2 272 313 312 4011
9294 4 2 20 2 1496 3222 1469 3518
9295 4 2 20 2 2117 2142 3063 3677
9296 4 2 20 2 2852 2905 3021 3171
9297 4 2 20 2 3125 3793 2890 4033
9298 4 2 20 2 3402 3551 2936 4052
9299 4 2 20 2 3377 3861 2844 4099
9300 4 2 20 2 1535 1492 3360 3838
9301 4 2 20 2 188 3388 3169 3553
9302 4 2 20 2 2955 3657 3159 3740
9303 4 2 20 2 2904 3529 3259 3976
9304 4 2 20 2 431 471 3472 3919
9305 4 2 20 2 860 858 823 3854
9306 4 2 20 2 3239 3505 3018 3963
9307 4 2 20 2 2856 3366 3075 3730
9308 4 2 20 2 3048 3342 1761 3585
9309 4 2 20 2 568 519 473 3471
9310 4 2 20 2 3049 3260 3672 3902
9311 4 2 20 2 1499 1519 3342 3669
9312 4 2 20 2 2911 3375 2851 3792
9313 4 2 20 2 3269 3299 2987 3821
9314 4 2 20 2 500 502 458 3824
9315 4 2 20 2 594 595 682 3686
9316 4 2 20 2 3170 3968 3879 4075
9317 4 2 20 2 2977 2895 3602 3767
9318 4 2 20 2 1746 1690 3215 3766
9319 4 2 20 2 3177 3777 3373 4088
9320 4 2 20 2 1845 3185 1910 3365
9321 4 2 20 2 2085 2150 2122 3199
9322 4 2 20 2 3065 3015 3366 4090
9323 4 2 20 2 2896 3357 2860 4042
9324 4 2 20 2 3299 1556 3646 4096
9325 4 2 20 2 2966 3517 3319 3732
9326 4 2 20 2 3067 3569 3364 4029
9327 4 2 20 2 545 546 454 4068
9328 4 2 20 2 3186 3332 3137 3830
9329 4 2 20 2 2893 3305 3112 3758
9330 4 2 20 2 3084 3580 3006 3728
9331 4 2 20 2 3245 3365 2925 3506
9332 4 2 20 2 305 348 388 3472
9333 4 2 20 2 732 3320 773 4086
9334 4 2 20 2 3070 3331 3703 4093
9335 4 2 20 2 3423 3597 3026 4017
9336 4 2 20 2 1268 1269 1353 3324
9337 4 2 20 2 1541 3800 3145 3801
9338 4 2 20 2 2503 2499 3105 4066
9339 4 2 20 2 3360 3957 3047 3979
9340 4 2 20 2 2876 2968 3465 3563
9341 4 2 20 2 3174 3729 3438 4098
9342 4 2 20 2 47 89 90 3736
9343 4 2 20 2 2906 3169 2998 3553
9344 4 2 20 2 2835 3612 3137 3830
9345 4 2 20 2 3848 3895 2869 3978
9346 4 2 20 2 1902 3645 3282 3812
9347 4 2 20 2 3413 3811 3041 3983
9348 4 2 20 2 150 106 148 4028
9349 4 2 20 2 2905 3430 3422 3802
9350 4 2 20 2 2876 2968 3169 3465
9351 4 2 20 2 3146 3730 2878 3944
9352 4 2 20 2 1514 1638 1492 3838
9353 4 2 20 2 2466 2479 3293 3992
9354 4 2 20 2 2884 3337 3175 4003
9355 4 2 20 2 473 472 518 3472
9356 4 2 20 2 3539 3709 3020 3934
9357 4 2 20 2 2906 2982 2876 3169
9358 4 2 20 2 2937 3583 3115 3809
9359 4 2 20 2 2942 3412 3369 4095
9360 4 2 20 2 1408 3111 3519 4082
9361 4 2 20 2 552 3447 503 3824
9362 4 2 20 2 508 558 465 3213
9363 4 2 20 2 2844 3049 3260 3968
9364 4 2 20 2 3197 2994 3522 3775
9365 4 2 20 2 1990 3841 3505 3963
9366 4 2 20 2 3246 2921 3516 4047
9367 4 2 20 2 1200 1159 3454 3458
9368 4 2 20 2 1295 1275 1273 3193
9369 4 2 20 2 2243 3064 2166 3850
9370 4 2 20 2 809 778 804 3763
9371 4 2 20 2 3117 3233 3482 3493
9372 4 2 20 2 2944 3374 3189 3917
9373 4 2 20 2 31 34 3341 4119
9374 4 2 20 2 3285 3682 2934 3998
9375 4 2 20 2 2996 3513 2950 3514
9376 4 2 20 2 2925 3079 3778 3801
9377 4 2 20 2 2489 3105 2482 4061
9378 4 2 20 2 354 3073 357 3231
9379 4 2 20 2 108 3309 109 3587
9380 4 2 20 2 827 3103 799 3510
9381 4 2 20 2 2839 3421 3361 3900
9382 4 2 20 2 2878 3464 3146 3944
9383 4 2 20 2 1798 1797 1844 3236
9384 4 2 20 2 650 651 690 3417
9385 4 2 20 2 3414 3591 3413 4100
9386 4 2 20 2 3298 3406 2947 4003
9387 4 2 20 2 1561 1597 1595 3475
9388 4 2 20 2 3301 2938 3555 3901
9389 4 2 20 2 297 3336 3192 3691
9390 4 2 20 2 1637 3555 3410 3772
9391 4 2 20 2 2929 3211 3401 3640
9392 4 2 20 2 2902 3415 3316 4077
9393 4 2 20 2 137 3491 3065 3794
9394 4 2 20 2 3117 3482 3233 3840
9395 4 2 20 2 3162 3682 3161 3977
9396 4 2 20 2 136 3853 179 4089
9397 4 2 20 2 537 582 624 3675
9398 4 2 20 2 2872 2860 3238 4042
9399 4 2 20 2 2904 3080 2880 3459
9400 4 2 20 2 214 302 3626 3642
9401 4 2 20 2 2832 3849 3296 3985
9402 4 2 20 2 1533 3058 1606 3476
9403 4 2 20 2 3073 3231 311 3853
9404 4 2 20 2 1605 1655 1632 3452
9405 4 2 20 2 492 3247 535 3392
9406 4 2 20 2 2993 3845 4022 4067
9407 4 2 20 2 24 58 55 3438
9408 4 2 20 2 2869 3398 3352 3655
9409 4 2 20 2 3174 3438 3341 4098
9410 4 2 20 2 1721 1650 1696 3100
9411 4 2 20 2 3029 3664 3638 4070
9412 4 2 20 2 1442 1421 3623 3859
9413 4 2 20 2 2899 3445 3722 3895
9414 4 2 20 2 1458 1439 1488 3644
9415 4 2 20 2 2857 3092 2919 3586
9416 4 2 20 2 3196 3774 3157 3808
9417 4 2 20 2 3058 3470 3162 3939
9418 4 2 20 2 1153 1182 3209 3660
9419 4 2 20 2 3208 2980 3582 3924
9420 4 2 20 2 273 3231 224 3853
9421 4 2 20 2 2958 3272 3063 3677
9422 4 2 20 2 3122 3547 2981 3811
9423 4 2 20 2 2867 3115 3432 3964
9424 4 2 20 2 3125 3509 2958 3861
9425 4 2 20 2 3131 3615 3040 3842
9426 4 2 20 2 176 173 137 3491
9427 4 2 20 2 1354 1416 1398 3603
9428 4 2 20 2 343 384 303 3919
9429 4 2 20 2 2856 3075 3366 4090
9430 4 2 20 2 1565 1605 3452 3979
9431 4 2 20 2 923 2377 921 922
9432 4 2 20 2 2844 3873 3150 3968
9433 4 2 20 2 3286 3565 1735 3927
9434 4 2 20 2 3237 3584 3316 3932
9435 4 2 20 2 2920 3634 3399 3797
9436 4 2 20 2 2912 3613 3157 3774
9437 4 2 20 2 1489 3390 1566 3656
9438 4 2 20 2 3580 3585 3084 3898
9439 4 2 20 2 2212 2214 3263 3835
9440 4 2 20 2 2909 3729 3174 3869
9441 4 2 20 2 3141 2928 3336 3948
9442 4 2 20 2 3261 3592 3566 3628
9443 4 2 20 2 2955 3159 3657 3940
9444 4 2 20 2 1737 3286 1735 3927
9445 4 2 20 2 2838 3268 3172 3726
9446 4 2 20 2 873 917 848 3721
9447 4 2 20 2 1975 1901 3462 3877
9448 4 2 20 2 1679 1654 1629 3492
9449 4 2 20 2 778 809 782 3763
9450 4 2 20 2 2903 3210 3268 3627
9451 4 2 20 2 3199 3688 3018 3700
9452 4 2 20 2 554 3447 3194 3511
9453 4 2 20 2 464 507 511 3214
9454 4 2 20 2 3209 3303 2949 3897
9455 4 2 20 2 1221 1114 1220 3344
9456 4 2 20 2 1567 1565 3452 3979
9457 4 2 20 2 3173 3533 2939 3834
9458 4 2 20 2 2877 3283 3356 3783
9459 4 2 20 2 1512 1470 1513 3470
9460 4 2 20 2 853 763 854 3339
9461 4 2 20 2 2106 2015 2047 3140
9462 4 2 20 2 3096 3276 3520 3935
9463 4 2 20 2 51 48 13 4078
9464 4 2 20 2 3108 3335 3287 3997
9465 4 2 20 2 3135 3344 2949 4008
9466 4 2 20 2 1996 3122 3547 3752
9467 4 2 20 2 3194 3023 3768 3823
9468 4 2 20 2 2889 3288 3184 3808
9469 4 2 20 2 1232 1230 1234 3072
9470 4 2 20 2 563 469 3280 3488
9471 4 2 20 2 1567 3452 1599 3656
9472 4 2 20 2 2988 3636 3095 3674
9473 4 2 20 2 3153 3490 194 3705
9474 4 2 20 2 3100 3683 3057 3714
9475 4 2 20 2 2952 3077 2242 3389
9476 4 2 20 2 2319 3681 3059 3716
9477 4 2 20 2 2909 3205 3729 3869
9478 4 2 20 2 3040 3144 3816 4109
9479 4 2 20 2 1688 3584 3316 4077
9480 4 2 20 2 3057 3546 3100 3714
9481 4 2 20 2 3064 3709 3238 4042
9482 4 2 20 2 2200 2208 2156 3480
9483 4 2 20 2 311 3073 3853 3862
9484 4 2 20 2 275 314 356 3498
9485 4 2 20 2 3373 3495 2910 3958
9486 4 2 20 2 1738 3771 3236 3884
9487 4 2 20 2 3055 2898 3142 3468
9488 4 2 20 2 2857 3684 4001 4092
9489 4 2 20 2 2841 3759 3449 3944
9490 4 2 20 2 2922 3354 3212 3971
9491 4 2 20 2 10 6 41 3524
9492 4 2 20 2 3450 3881 2837 3929
9493 4 2 20 2 2416 3332 2436 3760
9494 4 2 20 2 3019 4012 3583 4016
9495 4 2 20 2 2872 2860 3044 3534
9496 4 2 20 2 2209 2141 2871 3970
9497 4 2 20 2 2151 3253 3700 3841
9498 4 2 20 2 2966 3403 3303 3815
9499 4 2 20 2 1454 1478 3246 3453
9500 4 2 20 2 2887 3145 3632 3878
9501 4 2 20 2 73 3914 74 4119
9502 4 2 20 2 3522 3674 2988 4025
9503 4 2 20 2 2955 3420 3302 3578
9504 4 2 20 2 432 3206 349 3643
9505 4 2 20 2 1598 3475 1597 3672
9506 4 2 20 2 3230 2884 3679 3856
9507 4 2 20 2 3532 3684 2901 3823
9508 4 2 20 2 3096 3935 3520 4073
9509 4 2 20 2 3664 3969 3110 4083
9510 4 2 20 2 3047 3452 3656 3827
9511 4 2 20 2 3080 3291 2904 3976
9512 4 2 20 2 644 642 678 3249
9513 4 2 20 2 242 3490 3147 3764
9514 4 2 20 2 296 297 253 3336
9515 4 2 20 2 2946 3205 3204 3879
9516 4 2 20 2 3186 3485 3619 4076
9517 4 2 20 2 2859 3258 3345 3779
9518 4 2 20 2 55 3438 58 4010
9519 4 2 20 2 1407 1405 1408 3111
9520 4 2 20 2 3576 3782 3208 3962
9521 4 2 20 2 3093 3226 2910 3568
9522 4 2 20 2 3264 3455 3220 3946
9523 4 2 20 2 3019 3676 3124 4012
9524 4 2 20 2 1108 1129 1103 3825
9525 4 2 20 2 303 3445 3371 3919
9526 4 2 20 2 2295 3351 3184 3790
9527 4 2 20 2 3401 3668 3211 3886
9528 4 2 20 2 2858 2904 3459 3529
9529 4 2 20 2 2977 3447 3138 3795
9530 4 2 20 2 263 305 306 3445
9531 4 2 20 2 1062 1039 1057 4046
9532 4 2 20 2 868 801 834 3386
9533 4 2 20 2 1637 1756 1662 3555
9534 4 2 20 2 2850 3065 3010 3071
9535 4 2 20 2 2971 3307 2907 3367
9536 4 2 20 2 2929 3211 3091 3886
9537 4 2 20 2 263 3445 306 3862
9538 4 2 20 2 3291 3588 2427 3908
9539 4 2 20 2 1759 2954 1833 3933
9540 4 2 20 2 2006 3223 1991 3614
9541 4 2 20 2 3199 3505 3018 3727
9542 4 2 20 2 446 445 490 3247
9543 4 2 20 2 2936 3552 3551 3960
9544 4 2 20 2 686 649 689 3686
9545 4 2 20 2 2898 3595 3266 4031
9546 4 2 20 2 2061 3140 2047 3697
9547 4 2 20 2 2411 3031 2363 3561
9548 4 2 20 2 3184 3790 3351 4114
9549 4 2 20 2 3468 3631 3153 3680
9550 4 2 20 2 131 130 132 3329
9551 4 2 20 2 3492 3820 1653 4104
9552 4 2 20 2 1408 1339 1407 3111
9553 4 2 20 2 1067 3159 1117 4116
9554 4 2 20 2 3336 3872 3055 4074
9555 4 2 20 2 884 882 858 3338
9556 4 2 20 2 2990 3549 3151 4001
9557 4 2 20 2 3003 3864 3595 3998
9558 4 2 20 2 2884 3298 3406 3839
9559 4 2 20 2 1677 1592 3104 3596
9560 4 2 20 2 86 45 128 3225
9561 4 2 20 2 2865 3173 3207 3723
9562 4 2 20 2 2965 3456 3358 3775
9563 4 2 20 2 2327 3485 3906 4113
9564 4 2 20 2 626 717 671 3847
9565 4 2 20 2 2966 3815 3191 3819
9566 4 2 20 2 1858 3236 1797 3959
9567 4 2 20 2 1807 1791 1884 3547
9568 4 2 20 2 3663 3668 3564 3886
9569 4 2 20 2 1886 1851 3300 3752
9570 4 2 20 2 728 3511 641 3907
9571 4 2 20 2 3010 3329 3065 3366
9572 4 2 20 2 1016 1063 3135 3695
9573 4 2 20 2 1221 1146 1114 3344
9574 4 2 20 2 156 195 196 3705
9575 4 2 20 2 1598 1568 3672 3715
9576 4 2 20 2 1605 1655 3452 3979
9577 4 2 20 2 3049 3475 3690 3902
9578 4 2 20 2 936 3311 938 3804
9579 4 2 20 2 3095 3420 2993 3742
9580 4 2 20 2 3148 3523 3001 3855
9581 4 2 20 2 2884 3298 3337 4003
9582 4 2 20 2 209 256 208 3270
9583 4 2 20 2 2365 3562 3561 4048
9584 4 2 20 2 2989 3299 3269 3543
9585 4 2 20 2 3161 3977 2934 3998
9586 4 2 20 2 2906 3384 3169 3553
9587 4 2 20 2 2851 2906 3407 3867
9588 4 2 20 2 3297 3446 3208 3582
9589 4 2 20 2 2889 3183 3583 4012
9590 4 2 20 2 2850 3375 3015 4055
9591 4 2 20 2 1211 1198 3226 3599
9592 4 2 20 2 3042 3147 2956 4111
9593 4 2 20 2 3200 3350 2923 3706
9594 4 2 20 2 2479 3992 3129 4073
9595 4 2 20 2 3042 3202 3147 4111
9596 4 2 20 2 1541 3440 3439 3967
9597 4 2 20 2 2498 3105 2497 4061
9598 4 2 20 2 928 922 927 3338
9599 4 2 20 2 388 3219 389 3472
9600 4 2 20 2 2853 3306 3261 3563
9601 4 2 20 2 3361 3481 3123 3805
9602 4 2 20 2 2848 3381 3864 3977
9603 4 2 20 2 3141 3784 3112 3858
9604 4 2 20 2 3122 3272 2052 4004
9605 4 2 20 2 1632 1565 1605 3452
9606 4 2 20 2 1118 3599 3240 3818
9607 4 2 20 2 2964 3270 3369 3606
9608 4 2 20 2 3067 3246 3857 3898
9609 4 2 20 2 1567 3957 1565 3979
9610 4 2 20 2 3279 3517 2966 3732
9611 4 2 20 2 3070 2861 3703 3938
9612 4 2 20 2 2924 3260 3217 3968
9613 4 2 20 2 464 3633 3213 3990
9614 4 2 20 2 2867 3432 3353 3641
9615 4 2 20 2 3328 4027 3833 4052
9616 4 2 20 2 544 3348 630 3871
9617 4 2 20 2 1603 1628 1653 3326
9618 4 2 20 2 3170 3879 3567 4075
9619 4 2 20 2 3425 3794 2856 4090
9620 4 2 20 2 2166 2106 2108 3140
9621 4 2 20 2 2997 3144 3918 3926
9622 4 2 20 2 2971 3567 3235 3955
9623 4 2 20 2 2902 3321 3522 3674
9624 4 2 20 2 2455 3276 2446 3508
9625 4 2 20 2 1103 3216 1051 3660
9626 4 2 20 2 2955 3740 3240 4023
9627 4 2 20 2 2365 2364 3196 4048
9628 4 2 20 2 1834 3584 3239 3942
9629 4 2 20 2 970 972 974 3733
9630 4 2 20 2 856 858 3338 3854
9631 4 2 20 2 2848 3161 3381 3977
9632 4 2 20 2 526 574 527 3993
9633 4 2 20 2 3033 3092 2919 3675
9634 4 2 20 2 2966 3319 3429 3931
9635 4 2 20 2 3074 3914 3341 4036
9636 4 2 20 2 858 882 855 3338
9637 4 2 20 2 2971 2907 3307 3416
9638 4 2 20 2 3010 3225 2903 3626
9639 4 2 20 2 438 439 3073 3219
9640 4 2 20 2 163 205 204 3637
9641 4 2 20 2 3186 3619 3485 3739
9642 4 2 20 2 3342 3246 3898 4047
9643 4 2 20 2 2836 3337 3685 4117
9644 4 2 20 2 1469 1426 1420 3222
9645 4 2 20 2 3906 3936 3184 4113
9646 4 2 20 2 1387 1452 1454 3453
9647 4 2 20 2 3051 3659 2957 4094
9648 4 2 20 2 2041 3041 1998 3983
9649 4 2 20 2 2931 3174 3074 3869
9650 4 2 20 2 3134 3960 3437 3998
9651 4 2 20 2 2941 3557 4002 4062
9652 4 2 20 2 3581 3538 3777 4084
9653 4 2 20 2 2923 3382 3149 4076
9654 4 2 20 2 3058 3269 3347 3737
9655 4 2 20 2 3227 3506 2925 3839
9656 4 2 20 2 3076 3777 3757 3997
9657 4 2 20 2 3094 3505 3199 3727
9658 4 2 20 2 1391 1433 3181 3442
9659 4 2 20 2 3050 3227 3801 4079
9660 4 2 20 2 2974 3315 3399 3664
9661 4 2 20 2 3299 2841 3475 4096
9662 4 2 20 2 3015 3065 3491 3794
9663 4 2 20 2 634 3194 3768 3907
9664 4 2 20 2 3074 3468 2898 3631
9665 4 2 20 2 2939 3483 3173 3834
9666 4 2 20 2 1344 3420 3302 3636
9667 4 2 20 2 1811 1773 1828 3377
9668 4 2 20 2 3266 4005 3680 4031
9669 4 2 20 2 2047 3140 2015 4063
9670 4 2 20 2 475 476 569 3618
9671 4 2 20 2 2407 3508 2415 3564
9672 4 2 20 2 1614 1615 1670 3316
9673 4 2 20 2 1526 1394 3197 3915
9674 4 2 20 2 2844 3125 3170 4033
9675 4 2 20 2 3211 3668 3064 3709
9676 4 2 20 2 2958 3104 3509 3600
9677 4 2 20 2 1943 3272 3122 3752
9678 4 2 20 2 346 386 429 3206
9679 4 2 20 2 3098 3720 3253 3806
9680 4 2 20 2 1898 1973 2005 3505
9681 4 2 20 2 68 63 31 3341
9682 4 2 20 2 3117 3484 1923 3556
9683 4 2 20 2 23 3243 22 3438
9684 4 2 20 2 2993 3330 3436 4022
9685 4 2 20 2 2850 3212 3375 3726
9686 4 2 20 2 3126 3747 2953 3829
9687 4 2 20 2 1481 1544 1480 3237
9688 4 2 20 2 123 79 122 3780
9689 4 2 20 2 3076 3446 3297 3582
9690 4 2 20 2 3596 3874 3308 4096
9691 4 2 20 2 2487 3837 2481 4061
9692 4 2 20 2 692 691 653 2972
9693 4 2 20 2 3062 3687 3198 4057
9694 4 2 20 2 2095 2164 2129 3368
9695 4 2 20 2 2953 3285 3437 3829
9696 4 2 20 2 3029 3638 3335 4070
9697 4 2 20 2 3128 3833 3250 4027
9698 4 2 20 2 738 3139 684 3686
9699 4 2 20 2 3111 3701 3222 4101
9700 4 2 20 2 1494 3410 1577 3909
9701 4 2 20 2 2166 3140 2108 3850
9702 4 2 20 2 3375 3418 3057 3484
9703 4 2 20 2 3141 3691 201 4091
9704 4 2 20 2 2941 4002 3345 4062
9705 4 2 20 2 3105 3332 3129 4066
9706 4 2 20 2 3358 3456 3076 3775
9707 4 2 20 2 3718 3778 3079 3801
9708 4 2 20 2 3039 3478 3395 3819
9709 4 2 20 2 266 265 221 3545
9710 4 2 20 2 1221 1220 1262 3344
9711 4 2 20 2 3665 3703 2861 3938
9712 4 2 20 2 2836 3437 3285 3829
9713 4 2 20 2 106 150 110 3180
9714 4 2 20 2 1175 1194 3302 3890
9715 4 2 20 2 2921 3403 3163 3815
9716 4 2 20 2 3298 3685 2986 3704
9717 4 2 20 2 3555 3772 3166 3901
9718 4 2 20 2 2885 3731 3306 3948
9719 4 2 20 2 3402 3500 3003 3601
9720 4 2 20 2 2939 3305 3112 3388
9721 4 2 20 2 173 172 135 3329
9722 4 2 20 2 244 290 243 3559
9723 4 2 20 2 633 723 3259 3621
9724 4 2 20 2 193 153 152 4028
9725 4 2 20 2 3206 3389 3077 3618
9726 4 2 20 2 1063 1032 3135 3695
9727 4 2 20 2 3166 2961 3840 4000
9728 4 2 20 2 2944 3634 3056 3849
9729 4 2 20 2 1786 1710 1837 3415
9730 4 2 20 2 809 804 836 3424
9731 4 2 20 2 3079 3801 2925 3844
9732 4 2 20 2 2993 3845 3420 4022
9733 4 2 20 2 3178 3029 3497 4115
9734 4 2 20 2 565 602 601 3389
9735 4 2 20 2 2855 3837 3105 4080
9736 4 2 20 2 1341 3391 1311 3625
9737 4 2 20 2 2423 2411 2452 3293
9738 4 2 20 2 2884 3506 3054 3839
9739 4 2 20 2 1261 1217 1201 3695
9740 4 2 20 2 3094 3665 3405 3942
9741 4 2 20 2 2872 3908 3179 4007
9742 4 2 20 2 305 3445 348 3472
9743 4 2 20 2 2842 3252 3880 4095
9744 4 2 20 2 3356 3751 2877 3868
9745 4 2 20 2 2094 2043 3379 3683
9746 4 2 20 2 2867 3250 3432 3641
9747 4 2 20 2 2305 3604 3198 3681
9748 4 2 20 2 2498 2495 4013 4061
9749 4 2 20 2 3082 3771 3482 3810
9750 4 2 20 2 701 702 705 3167
9751 4 2 20 2 2055 2132 3928 3930
9752 4 2 20 2 2933 3253 3720 3806
9753 4 2 20 2 3057 3375 3212 3726
9754 4 2 20 2 1130 1131 1171 3825
9755 4 2 20 2 2853 3430 3264 3946
9756 4 2 20 2 3100 3546 3057 3683
9757 4 2 20 2 3393 3638 3029 4037
9758 4 2 20 2 2882 3089 2939 3533
9759 4 2 20 2 728 3510 676 3511
9760 4 2 20 2 2855 3105 3332 4080
9761 4 2 20 2 3211 3668 3663 3886
9762 4 2 20 2 2978 3485 3739 4076
9763 4 2 20 2 3152 2938 3467 3866
9764 4 2 20 2 3301 3481 3361 3901
9765 4 2 20 2 2849 3398 3357 3575
9766 4 2 20 2 2064 2160 2110 3401
9767 4 2 20 2 2982 3407 2876 3465
9768 4 2 20 2 3108 3638 3540 4070
9769 4 2 20 2 2957 4094 3480 4106
9770 4 2 20 2 584 630 3348 3871
9771 4 2 20 2 2846 3474 3402 3551
9772 4 2 20 2 3378 3883 3056 4001
9773 4 2 20 2 2993 3420 3095 3570
9774 4 2 20 2 3104 3509 3449 3690
9775 4 2 20 2 744 782 812 3593
9776 4 2 20 2 3137 3278 3186 3830
9777 4 2 20 2 3411 3879 2859 3968
9778 4 2 20 2 2283 2305 2294 3198
9779 4 2 20 2 3006 3614 3223 3809
9780 4 2 20 2 2092 2117 3272 3677
9781 4 2 20 2 3059 3116 3681 4057
9782 4 2 20 2 2997 3453 3353 3857
9783 4 2 20 2 3237 2954 3576 3584
9784 4 2 20 2 2393 3564 2415 4060
9785 4 2 20 2 3253 3806 2933 3852
9786 4 2 20 2 243 3255 3017 3559
9787 4 2 20 2 607 609 519 3471
9788 4 2 20 2 3336 3598 3192 3635
9789 4 2 20 2 1043 1116 1091 4116
9790 4 2 20 2 3178 3444 3029 4115
9791 4 2 20 2 492 535 537 3392
9792 4 2 20 2 3087 3276 3477 3917
9793 4 2 20 2 1876 1859 3314 3616
9794 4 2 20 2 2201 2242 2952 3077
9795 4 2 20 2 3401 3856 2992 4040
9796 4 2 20 2 3063 3861 3368 4033
9797 4 2 20 2 3267 3845 1314 3911
9798 4 2 20 2 3036 3577 2879 3620
9799 4 2 20 2 3275 3278 2915 3711
9800 4 2 20 2 230 229 276 4043
9801 4 2 20 2 607 609 3471 3503
9802 4 2 20 2 121 3281 163 3479
9803 4 2 20 2 3370 3755 3286 4087
9804 4 2 20 2 3282 3517 2965 4030
9805 4 2 20 2 345 3106 344 3206
9806 4 2 20 2 3112 3341 3574 4036
9807 4 2 20 2 1073 1069 1071 3673
9808 4 2 20 2 2876 2982 2906 3407
9809 4 2 20 2 3255 3422 2905 4056
9810 4 2 20 2 1956 2007 3645 3812
9811 4 2 20 2 1753 1814 1772 3290
9812 4 2 20 2 850 3164 875 3167
9813 4 2 20 2 2833 3638 3664 4070
9814 4 2 20 2 2094 3172 2043 3683
9815 4 2 20 2 1279 1238 1253 3072
9816 4 2 20 2 3064 3539 3238 3709
9817 4 2 20 2 1688 1584 3316 3932
9818 4 2 20 2 1310 3701 1338 3911
9819 4 2 20 2 3159 3473 1112 4116
9820 4 2 20 2 2989 3820 3646 3950
9821 4 2 20 2 3357 3549 3002 3788
9822 4 2 20 2 3134 3551 2963 3552
9823 4 2 20 2 2327 2382 2417 3739
9824 4 2 20 2 106 3180 70 3577
9825 4 2 20 2 3324 3433 1459 3810
9826 4 2 20 2 3026 3581 3540 4084
9827 4 2 20 2 1424 3131 1406 3816
9828 4 2 20 2 2466 3129 2479 3992
9829 4 2 20 2 213 3626 3010 3642
9830 4 2 20 2 3405 3665 2954 3942
9831 4 2 20 2 2963 3641 3283 3999
9832 4 2 20 2 2840 3242 3284 3894
9833 4 2 20 2 1092 1066 1068 3673
9834 4 2 20 2 3112 3141 2893 3574
9835 4 2 20 2 3128 3551 3284 4052
9836 4 2 20 2 2018 2050 1992 3776
9837 4 2 20 2 1295 1296 1275 3193
9838 4 2 20 2 2927 2999 2277 3000
9839 4 2 20 2 3015 3491 3396 3794
9840 4 2 20 2 577 530 576 3044
9841 4 2 20 2 925 924 926 3333
9842 4 2 20 2 1611 3130 1664 4026
9843 4 2 20 2 535 3392 3247 3791
9844 4 2 20 2 2432 3508 2407 3941
9845 4 2 20 2 3097 3707 3538 3868
9846 4 2 20 2 3449 3600 3370 3811
9847 4 2 20 2 1128 1121 3226 3887
9848 4 2 20 2 1117 1067 1165 3527
9849 4 2 20 2 1380 3625 3391 3816
9850 4 2 20 2 3352 3398 3044 3655
9851 4 2 20 2 3372 3447 2977 3795
9852 4 2 20 2 1278 3193 1277 3828
9853 4 2 20 2 279 283 320 3362
9854 4 2 20 2 3262 3722 3030 3895
9855 4 2 20 2 3220 3648 3563 3904
9856 4 2 20 2 3029 3638 3497 3924
9857 4 2 20 2 3287 3757 3108 3997
9858 4 2 20 2 3083 3786 3359 4008
9859 4 2 20 2 3015 3375 2882 4055
9860 4 2 20 2 3122 2981 3547 3752
9861 4 2 20 2 2842 2964 3061 4100
9862 4 2 20 2 1656 3217 1634 3656
9863 4 2 20 2 348 431 3472 3919
9864 4 2 20 2 182 3307 3231 3735
9865 4 2 20 2 2915 3984 3278 4081
9866 4 2 20 2 1746 3766 3215 3893
9867 4 2 20 2 3177 3373 2910 4088
9868 4 2 20 2 2847 2977 3160 4035
9869 4 2 20 2 596 647 595 3234
9870 4 2 20 2 3126 3652 3346 3829
9871 4 2 20 2 2907 3345 3896 4062
9872 4 2 20 2 2833 3328 3315 3885
9873 4 2 20 2 896 829 864 3311
9874 4 2 20 2 335 3635 295 3795
9875 4 2 20 2 583 495 537 3392
9876 4 2 20 2 3034 3118 2909 3438
9877 4 2 20 2 3134 3423 3783 4017
9878 4 2 20 2 1823 3851 3340 4030
9879 4 2 20 2 2943 3281 2942 3479
9880 4 2 20 2 2048 2085 2122 3505
9881 4 2 20 2 2503 2498 2501 4066
9882 4 2 20 2 2946 3204 3759 4075
9883 4 2 20 2 2946 3729 3205 3779
9884 4 2 20 2 3293 3860 3292 3935
9885 4 2 20 2 2904 2970 2858 3103
9886 4 2 20 2 3489 3591 2177 3970
9887 4 2 20 2 568 605 607 2959
9888 4 2 20 2 3138 3160 2977 3795
9889 4 2 20 2 2854 3588 3291 3908
9890 4 2 20 2 3242 3278 2868 3894
9891 4 2 20 2 666 620 665 3310
9892 4 2 20 2 2860 3357 2896 3398
9893 4 2 20 2 2965 3611 3456 3775
9894 4 2 20 2 3335 3108 3638 3924
9895 4 2 20 2 1361 3193 3828 3838
9896 4 2 20 2 3140 3451 3028 4063
9897 4 2 20 2 3095 3177 3570 4023
9898 4 2 20 2 1360 1301 1251 3072
9899 4 2 20 2 3049 3509 2844 3902
9900 4 2 20 2 3058 3737 3347 3910
9901 4 2 20 2 2423 3293 3116 3716
9902 4 2 20 2 3684 3823 3532 3961
9903 4 2 20 2 2902 3239 3576 3962
9904 4 2 20 2 1913 3415 3098 3963
9905 4 2 20 2 2141 3414 2871 3591
9906 4 2 20 2 3485 2995 3706 3813
9907 4 2 20 2 2857 2956 2896 3609
9908 4 2 20 2 2500 3477 3129 4066
9909 4 2 20 2 3002 3230 3679 3925
9910 4 2 20 2 1689 1745 1765 3766
9911 4 2 20 2 1337 3152 1333 3859
9912 4 2 20 2 2879 3345 3258 3779
9913 4 2 20 2 3067 3585 3408 3669
9914 4 2 20 2 1032 1045 1033 3135
9915 4 2 20 2 2845 3934 3355 3961
9916 4 2 20 2 1780 3365 3185 3607
9917 4 2 20 2 1560 1561 1558 3475
9918 4 2 20 2 2837 3367 3262 4085
9919 4 2 20 2 1277 3193 1302 3828
9920 4 2 20 2 2380 2945 2891 3156
9921 4 2 20 2 545 4015 546 4068
9922 4 2 20 2 3217 3049 3672 3879
9923 4 2 20 2 3378 3602 2895 3767
9924 4 2 20 2 3066 3275 2915 3711
9925 4 2 20 2 3033 3092 3675 3966
9926 4 2 20 2 560 595 508 3234
9927 4 2 20 2 169 170 168 3271
9928 4 2 20 2 286 3017 285 3559
9929 4 2 20 2 3047 3875 3406 3996
9930 4 2 20 2 3096 3992 3293 4073
9931 4 2 20 2 2915 2894 3711 3984
9932 4 2 20 2 1501 1478 1499 3342
9933 4 2 20 2 403 401 3922 4006
9934 4 2 20 2 2852 3325 3156 4024
9935 4 2 20 2 2942 3294 2908 3573
9936 4 2 20 2 3226 3536 2988 3915
9937 4 2 20 2 2956 3147 3609 3651
9938 4 2 20 2 3370 3755 3146 3944
9939 4 2 20 2 1236 1276 1327 3072
9940 4 2 20 2 2834 3628 3629 3904
9941 4 2 20 2 3010 3065 2850 3366
9942 4 2 20 2 3237 3440 2954 3933
9943 4 2 20 2 2865 3173 3421 3834
9944 4 2 20 2 139 176 137 3491
9945 4 2 20 2 3245 3640 2991 3938
9946 4 2 20 2 3074 3560 2931 3869
9947 4 2 20 2 2106 2047 2108 3140
9948 4 2 20 2 3108 3335 3638 4070
9949 4 2 20 2 2071 3659 2007 3812
9950 4 2 20 2 3116 3293 2438 3520
9951 4 2 20 2 2878 3412 2985 3759
9952 4 2 20 2 2900 3038 2367 3588
9953 4 2 20 2 3066 3447 3023 3602
9954 4 2 20 2 537 624 583 3675
9955 4 2 20 2 2848 3258 3381 3383
9956 4 2 20 2 2903 3268 3010 3627
9957 4 2 20 2 2989 3269 3207 3723
9958 4 2 20 2 3175 3357 3002 3575
9959 4 2 20 2 2954 3440 3237 3576
9960 4 2 20 2 789 819 791 3257
9961 4 2 20 2 3207 3173 3533 3971
9962 4 2 20 2 2925 3365 3245 3913
9963 4 2 20 2 75 69 70 4119
9964 4 2 20 2 2855 3186 3514 3984
9965 4 2 20 2 1875 1907 1857 3290
9966 4 2 20 2 1269 1372 1371 3324
9967 4 2 20 2 3021 3264 2852 3855
9968 4 2 20 2 2386 2334 2340 3256
9969 4 2 20 2 3391 3454 1187 4050
9970 4 2 20 2 3081 3589 3304 3876
9971 4 2 20 2 2944 3814 3374 3917
9972 4 2 20 2 1695 1735 1737 4104
9973 4 2 20 2 2459 3846 3332 4066
9974 4 2 20 2 3595 3864 3161 3998
9975 4 2 20 2 3069 3431 3075 3572
9976 4 2 20 2 1803 1710 1711 3415
9977 4 2 20 2 343 300 338 3920
9978 4 2 20 2 9 8 3572 3754
9979 4 2 20 2 2886 3208 3446 3582
9980 4 2 20 2 704 663 701 3526
9981 4 2 20 2 3432 3516 3353 3999
9982 4 2 20 2 1970 1949 2045 3616
9983 4 2 20 2 598 564 648 3989
9984 4 2 20 2 3029 4070 3335 4083
9985 4 2 20 2 1783 1762 3584 4077
9986 4 2 20 2 441 3232 3073 3343
9987 4 2 20 2 3120 3589 3487 3787
9988 4 2 20 2 2893 3574 3142 4036
9989 4 2 20 2 136 3734 3713 3853
9990 4 2 20 2 2834 3904 3220 3946
9991 4 2 20 2 3074 73 3631 4119
9992 4 2 20 2 2866 3264 3021 3855
9993 4 2 20 2 3362 3465 3017 3741
9994 4 2 20 2 601 3008 599 3389
9995 4 2 20 2 2860 3534 2872 4007
9996 4 2 20 2 314 228 3231 3498
9997 4 2 20 2 2922 3212 3493 3971
9998 4 2 20 2 14 3524 10 3832
9999 4 2 20 2 2844 3260 3873 3968
10000 4 2 20 2 3222 3518 3111 3702
10001 4 2 20 2 3051 2957 3699 4094
10002 4 2 20 2 3131 3519 3165 3816
10003 4 2 20 2 1394 1321 3226 3915
10004 4 2 20 2 3036 2907 3416 3620
10005 4 2 20 2 3003 3437 3400 3960
10006 4 2 20 2 3050 3701 3267 3878
10007 4 2 20 2 2117 3063 2142 3865
10008 4 2 20 2 2999 3280 2875 3501
10009 4 2 20 2 3455 3629 3201 3904
10010 4 2 20 2 454 455 410 3228
10011 4 2 20 2 3003 3500 3400 3595
10012 4 2 20 2 3111 3878 3701 4101
10013 4 2 20 2 2283 2305 3198 3681
10014 4 2 20 2 1637 1756 3555 3772
10015 4 2 20 2 3215 3766 3197 3775
10016 4 2 20 2 2933 3579 3444 4083
10017 4 2 20 2 3303 3831 2949 3897
10018 4 2 20 2 2853 3465 3741 4056
10019 4 2 20 2 2879 3345 3180 3680
10020 4 2 20 2 2006 1991 2086 3614
10021 4 2 20 2 2261 2208 3676 4106
10022 4 2 20 2 2853 3422 2905 3430
10023 4 2 20 2 284 324 242 3764
10024 4 2 20 2 3287 3335 2886 3997
10025 4 2 20 2 2949 3344 3135 3469
10026 4 2 20 2 2023 1982 3057 3418
10027 4 2 20 2 3084 3350 3011 3947
10028 4 2 20 2 2868 3883 3189 3965
10029 4 2 20 2 1440 1325 3324 3410
10030 4 2 20 2 3104 3690 3475 3902
10031 4 2 20 2 3150 3678 3262 4085
10032 4 2 20 2 3137 3157 3613 3774
10033 4 2 20 2 1302 3193 3765 3828
10034 4 2 20 2 1702 1778 3772 3884
10035 4 2 20 2 1393 3502 1348 3536
10036 4 2 20 2 2862 3413 3210 4051
10037 4 2 20 2 3016 3691 3192 3948
10038 4 2 20 2 1368 3909 1428 4026
10039 4 2 20 2 152 194 193 4028
10040 4 2 20 2 1681 1651 1632 3290
10041 4 2 20 2 3077 3106 2888 3970
10042 4 2 20 2 3101 3525 3317 3659
10043 4 2 20 2 1740 1833 3405 3933
10044 4 2 20 2 389 306 305 3862
10045 4 2 20 2 343 303 300 3371
10046 4 2 20 2 2903 3010 3626 3627
10047 4 2 20 2 2875 3248 3793 3880
10048 4 2 20 2 2894 3894 3711 3984
10049 4 2 20 2 819 3167 3544 3694
10050 4 2 20 2 1765 1711 3766 3877
10051 4 2 20 2 3151 3651 4001 4092
10052 4 2 20 2 3324 3410 2938 3772
10053 4 2 20 2 2868 3278 3275 3711
10054 4 2 20 2 3036 3174 2879 3577
10055 4 2 20 2 2871 3627 3106 3970
10056 4 2 20 2 2864 3359 3799 4034
10057 4 2 20 2 2858 2970 2904 3529
10058 4 2 20 2 3181 3662 1433 3831
10059 4 2 20 2 2846 3601 3474 3756
10060 4 2 20 2 149 3388 188 3587
10061 4 2 20 2 2895 3312 3138 3666
10062 4 2 20 2 331 329 371 3795
10063 4 2 20 2 2842 3122 3413 4004
10064 4 2 20 2 272 227 313 4011
10065 4 2 20 2 3408 3585 3084 3947
10066 4 2 20 2 2229 3317 2174 3762
10067 4 2 20 2 2857 2896 3586 4092
10068 4 2 20 2 1583 1502 1582 3442
10069 4 2 20 2 3138 3312 2940 3490
10070 4 2 20 2 2980 3497 3638 3924
10071 4 2 20 2 3265 3634 3091 3849
10072 4 2 20 2 896 829 3311 4107
10073 4 2 20 2 2888 3268 3489 3627
10074 4 2 20 2 3181 3344 3083 4008
10075 4 2 20 2 1175 1141 1144 3578
10076 4 2 20 2 344 346 385 3206
10077 4 2 20 2 2912 3196 3419 4048
10078 4 2 20 2 2981 3600 3122 3811
10079 4 2 20 2 1391 3181 1433 3831
10080 4 2 20 2 1391 3181 1392 3442
10081 4 2 20 2 1018 1012 1019 4116
10082 4 2 20 2 2887 3589 3487 3632
10083 4 2 20 2 1576 1533 1575 3470
10084 4 2 20 2 3288 2923 3610 4114
10085 4 2 20 2 2874 3051 3287 3699
10086 4 2 20 2 3227 3331 3145 3801
10087 4 2 20 2 2941 3298 3337 3685
10088 4 2 20 2 3036 3416 2907 3567
10089 4 2 20 2 2977 3241 2935 4035
10090 4 2 20 2 1 36 6 4020
10091 4 2 20 2 3250 3610 3149 4059
10092 4 2 20 2 2269 2281 2323 3668
10093 4 2 20 2 3296 3056 3684 4001
10094 4 2 20 2 2971 3030 3307 3367
10095 4 2 20 2 3228 3768 500 3824
10096 4 2 20 2 2094 2043 2021 3379
10097 4 2 20 2 3179 3327 3908 3934
10098 4 2 20 2 1499 1450 3364 3453
10099 4 2 20 2 2910 3240 3093 3740
10100 4 2 20 2 3046 3873 3295 4085
10101 4 2 20 2 2905 3255 3045 3422
10102 4 2 20 2 2856 3207 3464 3817
10103 4 2 20 2 640 676 731 3511
10104 4 2 20 2 240 3017 322 3362
10105 4 2 20 2 1177 3240 1197 3890
10106 4 2 20 2 3239 3782 3576 3962
10107 4 2 20 2 640 641 676 3511
10108 4 2 20 2 751 656 750 3748
10109 4 2 20 2 2988 3636 3536 4103
10110 4 2 20 2 3048 3342 3898 4047
10111 4 2 20 2 816 2343 784 3952
10112 4 2 20 2 1785 3223 1929 3776
10113 4 2 20 2 516 475 567 3618
10114 4 2 20 2 2876 3465 3220 3563
10115 4 2 20 2 2882 3015 3195 3396
10116 4 2 20 2 3076 3456 3358 3757
10117 4 2 20 2 2865 3188 3708 3758
10118 4 2 20 2 2123 3728 2034 3891
10119 4 2 20 2 2915 2950 3320 3513
10120 4 2 20 2 3236 3546 3492 3959
10121 4 2 20 2 455 3666 3228 3824
10122 4 2 20 2 3011 3448 3408 3951
10123 4 2 20 2 955 954 919 3164
10124 4 2 20 2 2928 3402 3241 3750
10125 4 2 20 2 3068 3326 3810 3900
10126 4 2 20 2 3122 3600 3252 3811
10127 4 2 20 2 1986 2029 2061 3697
10128 4 2 20 2 687 600 3530 3763
10129 4 2 20 2 2888 3106 3206 3642
10130 4 2 20 2 2873 3412 3252 3449
10131 4 2 20 2 2978 3157 3774 3808
10132 4 2 20 2 678 3513 3320 4086
10133 4 2 20 2 3356 3783 3423 4017
10134 4 2 20 2 2855 3332 2448 3760
10135 4 2 20 2 142 3089 101 4009
10136 4 2 20 2 3007 3548 3159 3710
10137 4 2 20 2 2929 3094 3647 3727
10138 4 2 20 2 3226 3240 2910 4025
10139 4 2 20 2 1380 1334 1406 3816
10140 4 2 20 2 1935 1979 3677 4099
10141 4 2 20 2 3011 3629 3201 3949
10142 4 2 20 2 2469 2468 2463 3087
10143 4 2 20 2 3313 3809 3115 3964
10144 4 2 20 2 1397 1351 1487 3429
10145 4 2 20 2 694 2972 692 3318
10146 4 2 20 2 1094 1164 1096 3469
10147 4 2 20 2 3208 3497 3924 4115
10148 4 2 20 2 2946 2873 3955 4075
10149 4 2 20 2 1992 3478 1838 3776
10150 4 2 20 2 3344 3469 2949 3831
10151 4 2 20 2 3012 3889 3156 4024
10152 4 2 20 2 223 3409 269 3491
10153 4 2 20 2 3242 3284 2936 4052
10154 4 2 20 2 3052 3474 3756 3939
10155 4 2 20 2 2886 3208 3582 3924
10156 4 2 20 2 2889 3583 3515 4012
10157 4 2 20 2 3111 3702 3878 4101
10158 4 2 20 2 1301 1306 3467 3909
10159 4 2 20 2 501 3171 457 4038
10160 4 2 20 2 2968 3305 3388 3858
10161 4 2 20 2 3235 3524 3294 3955
10162 4 2 20 2 3690 3204 3879 4075
10163 4 2 20 2 3147 3312 2940 3651
10164 4 2 20 2 2865 3421 3173 3723
10165 4 2 20 2 3325 3605 2894 3984
10166 4 2 20 2 3482 3326 3836 3900
10167 4 2 20 2 2125 2152 3614 3790
10168 4 2 20 2 2865 3758 2939 3834
10169 4 2 20 2 3591 3983 3414 4004
10170 4 2 20 2 121 3573 3479 3736
10171 4 2 20 2 1032 1113 1045 3135
10172 4 2 20 2 3202 2883 3307 3498
10173 4 2 20 2 3170 3567 2946 4075
10174 4 2 20 2 970 974 991 3733
10175 4 2 20 2 227 313 3086 3384
10176 4 2 20 2 3241 3402 3284 3750
10177 4 2 20 2 2899 2869 3343 3895
10178 4 2 20 2 44 3225 3075 4078
10179 4 2 20 2 2988 3502 3674 3915
10180 4 2 20 2 563 3530 3488 3989
10181 4 2 20 2 3122 3811 3413 3983
10182 4 2 20 2 3307 3713 2971 3734
10183 4 2 20 2 2871 2927 3005 3085
10184 4 2 20 2 3446 3582 3076 3997
10185 4 2 20 2 2898 3500 3595 4031
10186 4 2 20 2 3340 3851 3176 4030
10187 4 2 20 2 750 814 751 2976
10188 4 2 20 2 2269 3064 2218 3668
10189 4 2 20 2 1421 1512 3476 3624
10190 4 2 20 2 3042 3609 3147 4018
10191 4 2 20 2 176 177 175 3491
10192 4 2 20 2 1426 1420 3222 3701
10193 4 2 20 2 2859 3411 3258 3779
10194 4 2 20 2 1886 1851 1824 3300
10195 4 2 20 2 3020 3564 3508 3663
10196 4 2 20 2 3201 3385 3629 3671
10197 4 2 20 2 1541 1542 3439 3440
10198 4 2 20 2 2834 3264 3455 3507
10199 4 2 20 2 2911 2850 3088 4055
10200 4 2 20 2 1422 1514 1492 3838
10201 4 2 20 2 2846 3566 3402 3731
10202 4 2 20 2 3304 3120 3597 4065
10203 4 2 20 2 2887 3632 3487 3878
10204 4 2 20 2 3481 3840 2839 3901
10205 4 2 20 2 3365 3679 3506 3856
10206 4 2 20 2 1908 3546 3236 3959
10207 4 2 20 2 3239 3018 3962 3963
10208 4 2 20 2 1458 1396 1352 3644
10209 4 2 20 2 2879 3560 3074 3869
10210 4 2 20 2 1073 3007 3673 3770
10211 4 2 20 2 327 3490 3138 3795
10212 4 2 20 2 434 470 387 3618
10213 4 2 20 2 188 186 147 3553
10214 4 2 20 2 3026 3707 3538 4084
10215 4 2 20 2 189 233 187 3553
10216 4 2 20 2 3184 3351 2295 4113
10217 4 2 20 2 1929 1900 1954 3223
10218 4 2 20 2 285 241 286 3559
10219 4 2 20 2 3069 3243 2985 3524
10220 4 2 20 2 180 3491 3396 4045
10221 4 2 20 2 44 43 42 3431
10222 4 2 20 2 1106 1128 1121 3226
10223 4 2 20 2 2942 2873 3252 4095
10224 4 2 20 2 2865 3421 3188 3834
10225 4 2 20 2 1923 1877 1832 3236
10226 4 2 20 2 2275 2226 3183 3499
10227 4 2 20 2 2979 3576 3440 3967
10228 4 2 20 2 2861 3094 3727 3782
10229 4 2 20 2 2986 3554 3298 3704
10230 4 2 20 2 2987 3672 3049 3879
10231 4 2 20 2 1966 1965 3379 3927
10232 4 2 20 2 1634 3217 1656 3672
10233 4 2 20 2 3182 3007 3548 4034
10234 4 2 20 2 546 3228 454 4068
10235 4 2 20 2 2978 3774 3196 3808
10236 4 2 20 2 1710 1615 1671 3316
10237 4 2 20 2 1616 1709 3191 3639
10238 4 2 20 2 194 152 237 4028
10239 4 2 20 2 3116 3860 2881 4057
10240 4 2 20 2 3567 3879 2946 4075
10241 4 2 20 2 2840 3738 3382 3833
10242 4 2 20 2 2903 3730 3366 3953
10243 4 2 20 2 2848 3383 3161 3977
10244 4 2 20 2 3229 3611 2965 3644
10245 4 2 20 2 2888 3627 3489 3970
10246 4 2 20 2 78 3468 157 4074
10247 4 2 20 2 1103 3216 3209 3825
10248 4 2 20 2 3487 3589 3120 3632
10249 4 2 20 2 1517 1542 1518 3439
10250 4 2 20 2 1291 1413 3209 3897
10251 4 2 20 2 2458 3739 3332 3846
10252 4 2 20 2 2500 3129 2494 4066
10253 4 2 20 2 3193 3603 1328 3765
10254 4 2 20 2 2961 3455 3221 3843
10255 4 2 20 2 1460 1417 1510 3603
10256 4 2 20 2 3645 3785 3101 3893
10257 4 2 20 2 764 792 719 3257
10258 4 2 20 2 1335 1334 1380 3391
10259 4 2 20 2 701 700 702 3167
10260 4 2 20 2 40 85 89 3573
10261 4 2 20 2 3504 3623 2948 3624
10262 4 2 20 2 2912 3903 3561 4048
10263 4 2 20 2 464 3214 3213 3995
10264 4 2 20 2 3149 3610 2923 4059
10265 4 2 20 2 412 456 452 3334
10266 4 2 20 2 1012 1006 1008 4116
10267 4 2 20 2 3349 4002 3113 4003
10268 4 2 20 2 941 899 942 3987
10269 4 2 20 2 2432 2455 2446 3508
10270 4 2 20 2 1489 3656 1568 3715
10271 4 2 20 2 3151 3549 3296 4001
10272 4 2 20 2 3106 3626 302 3642
10273 4 2 20 2 452 409 368 3334
10274 4 2 20 2 2957 3903 3579 3912
10275 4 2 20 2 2460 3520 3293 4073
10276 4 2 20 2 2488 2503 2489 3105
10277 4 2 20 2 1836 3415 1864 4077
10278 4 2 20 2 2964 3085 3061 4100
10279 4 2 20 2 2873 2946 3759 4075
10280 4 2 20 2 2852 2905 3171 3802
10281 4 2 20 2 3421 3723 3068 3836
10282 4 2 20 2 424 464 3213 3995
10283 4 2 20 2 1490 3476 1530 3543
10284 4 2 20 2 3482 3810 3326 3900
10285 4 2 20 2 3121 3260 3873 4099
10286 4 2 20 2 2975 3404 3304 3876
10287 4 2 20 2 74 34 71 3341
10288 4 2 20 2 3143 3965 3883 4105
10289 4 2 20 2 2850 2911 3375 4055
10290 4 2 20 2 3191 2966 3639 3815
10291 4 2 20 2 2970 3194 3066 3511
10292 4 2 20 2 363 320 405 3922
10293 4 2 20 2 2868 3883 3965 4105
10294 4 2 20 2 281 282 280 4111
10295 4 2 20 2 3074 3560 2879 3680
10296 4 2 20 2 1317 3344 1242 3695
10297 4 2 20 2 3353 3283 3641 3999
10298 4 2 20 2 3010 3106 3626 3627
10299 4 2 20 2 85 89 3573 3736
10300 4 2 20 2 1019 1022 1025 3527
10301 4 2 20 2 1845 3697 1985 4063
10302 4 2 20 2 3279 3773 3163 3815
10303 4 2 20 2 3142 3055 3872 4074
10304 4 2 20 2 1654 1738 3492 3959
10305 4 2 20 2 369 3334 3255 3994
10306 4 2 20 2 1486 3639 3340 3851
10307 4 2 20 2 3045 3427 2905 3802
10308 4 2 20 2 2333 2334 2332 3256
10309 4 2 20 2 328 291 330 3870
10310 4 2 20 2 1537 1469 3466 3518
10311 4 2 20 2 2930 3218 3629 3951
10312 4 2 20 2 532 578 615 3443
10313 4 2 20 2 1787 3478 3340 3639
10314 4 2 20 2 3100 3099 3714 4104
10315 4 2 20 2 3022 3825 3661 3991
10316 4 2 20 2 3040 3842 3926 4109
10317 4 2 20 2 2835 3278 3612 3830
10318 4 2 20 2 1051 1103 1076 3216
10319 4 2 20 2 2284 3351 2293 4113
10320 4 2 20 2 764 719 3033 3257
10321 4 2 20 2 1559 3543 3299 3646
10322 4 2 20 2 2937 3773 3313 3809
10323 4 2 20 2 1103 1108 3209 3660
10324 4 2 20 2 1198 1151 1199 3568
10325 4 2 20 2 2841 3299 3646 4096
10326 4 2 20 2 849 846 813 3132
10327 4 2 20 2 716 759 761 3257
10328 4 2 20 2 799 3103 828 3692
10329 4 2 20 2 1232 1231 1230 3072
10330 4 2 20 2 127 129 88 3736
10331 4 2 20 2 1990 2049 2085 3841
10332 4 2 20 2 3024 3521 3328 3833
10333 4 2 20 2 1416 3603 1460 3957
10334 4 2 20 2 3378 3652 3400 3761
10335 4 2 20 2 3304 3404 2877 3876
10336 4 2 20 2 1547 1483 1671 3321
10337 4 2 20 2 2202 2897 2252 3523
10338 4 2 20 2 464 507 3214 3995
10339 4 2 20 2 1175 1141 3578 4102
10340 4 2 20 2 1625 3104 1592 3475
10341 4 2 20 2 114 3574 118 3784
10342 4 2 20 2 3019 3796 3251 4094
10343 4 2 20 2 727 636 726 3907
10344 4 2 20 2 698 661 697 3503
10345 4 2 20 2 3031 3762 3317 4097
10346 4 2 20 2 3031 3292 3579 3903
10347 4 2 20 2 1616 1524 1709 3639
10348 4 2 20 2 1158 1188 1216 3277
10349 4 2 20 2 2840 3278 3894 3984
10350 4 2 20 2 284 242 3147 3764
10351 4 2 20 2 3605 3803 3032 3822
10352 4 2 20 2 2847 3400 3595 3761
10353 4 2 20 2 3303 3662 3191 3815
10354 4 2 20 2 2840 3605 3186 3984
10355 4 2 20 2 170 133 168 3271
10356 4 2 20 2 3413 3591 3414 4004
10357 4 2 20 2 915 950 2368 916
10358 4 2 20 2 3018 3727 3505 3782
10359 4 2 20 2 223 3491 178 4045
10360 4 2 20 2 2245 3512 2272 3647
10361 4 2 20 2 2249 2175 2875 3061
10362 4 2 20 2 3321 3766 3197 3915
10363 4 2 20 2 3049 3879 3217 3968
10364 4 2 20 2 1968 1946 3121 3368
10365 4 2 20 2 896 900 829 4107
10366 4 2 20 2 3482 3836 2839 3900
10367 4 2 20 2 2862 3755 3370 3944
10368 4 2 20 2 3302 3420 3095 3636
10369 4 2 20 2 2977 3635 3372 3795
10370 4 2 20 2 1591 3646 1557 4096
10371 4 2 20 2 2910 3229 3568 3611
10372 4 2 20 2 3288 3610 3250 3964
10373 4 2 20 2 411 458 413 3666
10374 4 2 20 2 3479 3793 3125 4095
10375 4 2 20 2 2948 3708 3188 3756
10376 4 2 20 2 529 485 528 3352
10377 4 2 20 2 2836 3161 3595 3685
10378 4 2 20 2 358 3231 400 3498
10379 4 2 20 2 3153 3468 156 3631
10380 4 2 20 2 3143 3400 3378 3652
10381 4 2 20 2 447 3789 449 4111
10382 4 2 20 2 2838 3286 3755 4087
10383 4 2 20 2 3191 2937 3776 3819
10384 4 2 20 2 3028 3314 3451 3881
10385 4 2 20 2 3296 3849 3056 3985
10386 4 2 20 2 2955 3570 3888 4023
10387 4 2 20 2 1856 1906 1888 3100
10388 4 2 20 2 3171 3334 456 3994
10389 4 2 20 2 2145 2055 2132 3928
10390 4 2 20 2 2848 3347 3205 3737
10391 4 2 20 2 3075 3225 2932 3730
10392 4 2 20 2 3249 3320 678 3513
10393 4 2 20 2 3134 3551 3552 3960
10394 4 2 20 2 2327 3485 2350 3739
10395 4 2 20 2 1316 1317 1242 3695
10396 4 2 20 2 584 544 630 3871
10397 4 2 20 2 1755 1659 3360 3996
10398 4 2 20 2 1462 3390 1489 3715
10399 4 2 20 2 2981 3122 3600 3752
10400 4 2 20 2 1430 3203 1429 4032
10401 4 2 20 2 2929 3688 3687 3727
10402 4 2 20 2 2845 3908 3327 3934
10403 4 2 20 2 75 3577 70 3631
10404 4 2 20 2 1654 3492 1738 3771
10405 4 2 20 2 1740 1833 1895 3405
10406 4 2 20 2 1173 1257 1215 3391
10407 4 2 20 2 3089 3425 3533 4090
10408 4 2 20 2 3099 3354 3146 4087
10409 4 2 20 2 574 2917 575 3352
10410 4 2 20 2 1759 1833 1726 3933
10411 4 2 20 2 2922 3714 3354 3820
10412 4 2 20 2 2282 2270 3668 3886
10413 4 2 20 2 3149 3382 3863 4076
10414 4 2 20 2 2850 3065 3015 3366
10415 4 2 20 2 2422 2419 3604 3681
10416 4 2 20 2 153 115 152 4028
10417 4 2 20 2 149 191 188 3388
10418 4 2 20 2 3416 3620 2907 3735
10419 4 2 20 2 1692 3300 1715 3596
10420 4 2 20 2 3611 3644 1548 4071
10421 4 2 20 2 180 223 178 4045
10422 4 2 20 2 3063 2958 3677 3861
10423 4 2 20 2 3094 3505 3727 3782
10424 4 2 20 2 3215 2994 3645 3893
10425 4 2 20 2 3054 3337 3298 3704
10426 4 2 20 2 3583 4012 3183 4016
10427 4 2 20 2 3049 3672 3475 3902
10428 4 2 20 2 133 129 168 3271
10429 4 2 20 2 314 355 356 3231
10430 4 2 20 2 1200 3454 1288 4053
10431 4 2 20 2 1855 3377 1828 4099
10432 4 2 20 2 596 595 560 3234
10433 4 2 20 2 2096 2079 3046 3928
10434 4 2 20 2 2978 3332 3739 3846
10435 4 2 20 2 2944 3355 3663 3849
10436 4 2 20 2 993 971 992 2387
10437 4 2 20 2 773 678 642 3320
10438 4 2 20 2 2907 3202 3035 4062
10439 4 2 20 2 3006 3184 3288 4114
10440 4 2 20 2 1739 1859 1816 3452
10441 4 2 20 2 3212 3726 3366 3953
10442 4 2 20 2 3567 3779 2946 3879
10443 4 2 20 2 240 3017 3362 3559
10444 4 2 20 2 401 444 398 4006
10445 4 2 20 2 2863 3570 3177 3888
10446 4 2 20 2 1172 1151 1132 3599
10447 4 2 20 2 529 531 485 3352
10448 4 2 20 2 2975 3436 3487 3787
10449 4 2 20 2 3390 3656 3047 3957
10450 4 2 20 2 3265 2991 3346 3696
10451 4 2 20 2 1298 1367 1365 3828
10452 4 2 20 2 3043 3398 2896 4049
10453 4 2 20 2 559 593 507 3214
10454 4 2 20 2 2207 2171 2258 3253
10455 4 2 20 2 1476 1450 1368 3364
10456 4 2 20 2 676 3510 731 3511
10457 4 2 20 2 430 512 467 3753
10458 4 2 20 2 2882 3533 3173 3971
10459 4 2 20 2 2929 3647 3199 3727
10460 4 2 20 2 1267 1211 1198 3226
10461 4 2 20 2 529 575 530 3352
10462 4 2 20 2 2908 2971 3271 4072
10463 4 2 20 2 2884 3113 3450 3875
10464 4 2 20 2 3447 3666 3138 3795
10465 4 2 20 2 3267 3436 2993 3487
10466 4 2 20 2 3391 3454 2960 4053
10467 4 2 20 2 3012 3455 3201 3923
10468 4 2 20 2 2906 3086 2982 3384
10469 4 2 20 2 2886 3582 3446 3997
10470 4 2 20 2 3211 3663 3091 3886
10471 4 2 20 2 3068 3836 3723 3950
10472 4 2 20 2 3100 3492 1696 4104
10473 4 2 20 2 3355 3934 3078 3961
10474 4 2 20 2 1344 3095 3420 3636
10475 4 2 20 2 333 298 297 3691
10476 4 2 20 2 346 429 385 3206
10477 4 2 20 2 3462 3877 3098 3972
10478 4 2 20 2 3313 3580 3223 3809
10479 4 2 20 2 3380 3929 3002 4041
10480 4 2 20 2 2459 3332 2458 4066
10481 4 2 20 2 203 210 166 3749
10482 4 2 20 2 3076 3456 3757 3777
10483 4 2 20 2 1689 1711 1645 3766
10484 4 2 20 2 1545 1544 1481 3237
10485 4 2 20 2 157 78 120 3468
10486 4 2 20 2 2993 3487 3436 3787
10487 4 2 20 2 972 948 950 3650
10488 4 2 20 2 2925 3331 3665 3938
10489 4 2 20 2 3156 3325 2891 3760
10490 4 2 20 2 1538 3079 3718 3778
10491 4 2 20 2 1093 3007 1065 3673
10492 4 2 20 2 2966 3279 3815 3819
10493 4 2 20 2 2867 3580 3313 3964
10494 4 2 20 2 1913 1930 1974 3098
10495 4 2 20 2 1302 1275 1328 3193
10496 4 2 20 2 2912 3096 3613 3992
10497 4 2 20 2 2873 3690 3509 4075
10498 4 2 20 2 769 798 799 3510
10499 4 2 20 2 1785 1900 1929 3223
10500 4 2 20 2 114 154 118 3574
10501 4 2 20 2 3246 3353 3453 3857
10502 4 2 20 2 3041 3547 1998 3983
10503 4 2 20 2 2879 3174 3036 3729
10504 4 2 20 2 1568 1569 1462 3715
10505 4 2 20 2 1548 3611 1485 3644
10506 4 2 20 2 3549 3788 3357 4092
10507 4 2 20 2 640 642 589 3511
10508 4 2 20 2 2240 2250 3005 3970
10509 4 2 20 2 1915 1975 3893 3980
10510 4 2 20 2 222 177 178 3491
10511 4 2 20 2 3140 3679 2992 3925
10512 4 2 20 2 3194 3768 3259 3823
10513 4 2 20 2 3283 3353 2997 3999
10514 4 2 20 2 1385 1410 1315 3845
10515 4 2 20 2 737 802 736 3460
10516 4 2 20 2 1968 2044 3368 3928
10517 4 2 20 2 3055 3142 2928 3336
10518 4 2 20 2 3410 3555 2938 3772
10519 4 2 20 2 633 3621 3259 3768
10520 4 2 20 2 2066 3199 2112 4054
10521 4 2 20 2 2430 2394 2392 3156
10522 4 2 20 2 2913 3291 2854 3588
10523 4 2 20 2 9 3572 3431 3754
10524 4 2 20 2 2877 3404 3304 3868
10525 4 2 20 2 1755 3360 3185 3996
10526 4 2 20 2 2191 2154 3480 3659
10527 4 2 20 2 3561 3903 3256 4048
10528 4 2 20 2 3101 3645 3358 3785
10529 4 2 20 2 2465 2482 3105 3837
10530 4 2 20 2 3082 3810 3482 3900
10531 4 2 20 2 3181 3442 1433 3662
10532 4 2 20 2 154 118 3574 3784
10533 4 2 20 2 2843 3722 3248 3835
10534 4 2 20 2 2997 3751 3283 3807
10535 4 2 20 2 3205 3347 3269 3737
10536 4 2 20 2 2415 2446 2414 3508
10537 4 2 20 2 2207 3253 2258 3717
10538 4 2 20 2 2847 3595 3266 3761
10539 4 2 20 2 1702 1778 1683 3772
10540 4 2 20 2 1538 3607 3079 3778
10541 4 2 20 2 667 713 763 3725
10542 4 2 20 2 3003 3474 3402 3601
10543 4 2 20 2 3492 3546 3100 3959
10544 4 2 20 2 2893 3323 3758 4036
10545 4 2 20 2 2948 3756 3188 3805
10546 4 2 20 2 1073 3710 3007 3770
10547 4 2 20 2 2113 2069 3253 3841
10548 4 2 20 2 3130 3301 3555 4029
10549 4 2 20 2 3018 3841 3806 3962
10550 4 2 20 2 2430 2431 2394 3156
10551 4 2 20 2 2935 3550 3284 3894
10552 4 2 20 2 1459 1415 1372 3324
10553 4 2 20 2 3161 3864 3977 3998
10554 4 2 20 2 1658 3360 1659 3996
10555 4 2 20 2 3007 3799 3548 4034
10556 4 2 20 2 2903 3626 3009 3627
10557 4 2 20 2 2895 3023 3312 3666
10558 4 2 20 2 2925 3079 3607 3778
10559 4 2 20 2 3241 2935 3750 4105
10560 4 2 20 2 3217 3260 1680 3672
10561 4 2 20 2 3155 3443 3148 4006
10562 4 2 20 2 78 73 77 3914
10563 4 2 20 2 1502 3342 1582 3442
10564 4 2 20 2 2836 3685 3337 3704
10565 4 2 20 2 3142 3574 3141 4074
10566 4 2 20 2 1670 1669 1614 3316
10567 4 2 20 2 3166 3385 2961 4000
10568 4 2 20 2 1662 1758 1611 3667
10569 4 2 20 2 2910 3495 3373 3740
10570 4 2 20 2 2061 2108 2047 3140
10571 4 2 20 2 342 345 425 3921
10572 4 2 20 2 3267 3701 3050 3911
10573 4 2 20 2 1836 1864 1881 4077
10574 4 2 20 2 2910 3568 3229 3958
10575 4 2 20 2 2990 3696 3337 4117
10576 4 2 20 2 3226 3240 1118 3599
10577 4 2 20 2 2993 3742 3420 3845
10578 4 2 20 2 3622 3640 2991 3856
10579 4 2 20 2 3274 3280 2999 3989
10580 4 2 20 2 128 86 3225 3974
10581 4 2 20 2 3158 3501 2264 3689
10582 4 2 20 2 3239 3584 1834 4077
10583 4 2 20 2 447 360 3789 4111
10584 4 2 20 2 2997 3751 3144 3926
10585 4 2 20 2 1679 1654 3492 3959
10586 4 2 20 2 3331 3801 2925 3967
10587 4 2 20 2 1860 3166 3884 4000
10588 4 2 20 2 3093 3527 3240 3818
10589 4 2 20 2 1380 1470 3624 3816
10590 4 2 20 2 1587 1713 3340 3639
10591 4 2 20 2 639 3670 3463 4038
10592 4 2 20 2 1476 1499 3364 3669
10593 4 2 20 2 1833 1740 1726 3933
10594 4 2 20 2 2957 3659 3480 4094
10595 4 2 20 2 1109 1170 3226 3599
10596 4 2 20 2 52 3235 49 4072
10597 4 2 20 2 2981 3370 3600 3811
10598 4 2 20 2 1422 1447 1514 3079
10599 4 2 20 2 3342 3442 3246 4047
10600 4 2 20 2 3040 3816 3131 3842
10601 4 2 20 2 3557 3712 3151 4005
10602 4 2 20 2 3356 3283 3807 3999
10603 4 2 20 2 726 635 725 3907
10604 4 2 20 2 2849 3557 3151 4018
10605 4 2 20 2 2459 3129 3562 3846
10606 4 2 20 2 2982 3169 2906 3384
10607 4 2 20 2 871 838 841 3254
10608 4 2 20 2 1927 1953 3223 3728
10609 4 2 20 2 2018 2006 3614 3776
10610 4 2 20 2 2122 2150 2186 3199
10611 4 2 20 2 3111 3267 3487 4082
10612 4 2 20 2 2910 3240 4023 4025
10613 4 2 20 2 3166 3840 3481 3901
10614 4 2 20 2 612 2973 573 3443
10615 4 2 20 2 162 121 163 3479
10616 4 2 20 2 190 232 237 4028
10617 4 2 20 2 3142 3914 3074 4036
10618 4 2 20 2 3098 3806 3253 3841
10619 4 2 20 2 1561 1560 1597 3475
10620 4 2 20 2 3026 3707 3356 3868
10621 4 2 20 2 2381 3156 2431 3619
10622 4 2 20 2 463 555 557 3249
10623 4 2 20 2 2963 3356 3283 3783
10624 4 2 20 2 1016 3434 1064 3695
10625 4 2 20 2 777 775 738 3744
10626 4 2 20 2 1455 3181 1389 3442
10627 4 2 20 2 448 494 536 3397
10628 4 2 20 2 2891 2983 3325 3826
10629 4 2 20 2 1701 3452 1655 3979
10630 4 2 20 2 2033 3505 2066 4054
10631 4 2 20 2 3101 3785 3462 3893
10632 4 2 20 2 546 4015 3228 4068
10633 4 2 20 2 1973 3505 3239 3963
10634 4 2 20 2 3357 3575 3398 4041
10635 4 2 20 2 317 277 319 3594
10636 4 2 20 2 946 967 973 3653
10637 4 2 20 2 2907 3567 3367 3896
10638 4 2 20 2 3041 3413 3210 3811
10639 4 2 20 2 1493 1536 1513 3470
10640 4 2 20 2 3308 3370 2841 3874
10641 4 2 20 2 3129 3477 3105 4066
10642 4 2 20 2 264 215 216 3545
10643 4 2 20 2 1689 1765 1711 3766
10644 4 2 20 2 1955 1838 1992 3478
10645 4 2 20 2 3030 3073 2883 3895
10646 4 2 20 2 3337 3685 3298 3704
10647 4 2 20 2 1234 1230 1268 3072
10648 4 2 20 2 65 72 111 3309
10649 4 2 20 2 3262 3895 3848 3978
10650 4 2 20 2 3032 3803 3430 3822
10651 4 2 20 2 206 163 123 3281
10652 4 2 20 2 2868 3894 3711 4105
10653 4 2 20 2 2925 3607 3079 3844
10654 4 2 20 2 2975 3304 3404 3658
10655 4 2 20 2 2837 3929 3295 4085
10656 4 2 20 2 13 3537 51 4078
10657 4 2 20 2 1721 1736 1750 1770
10658 4 2 20 2 2997 3283 3751 3926
10659 4 2 20 2 2983 3427 3045 3802
10660 4 2 20 2 2891 2945 3013 3854
10661 4 2 20 2 2863 3581 3798 4065
10662 4 2 20 2 454 546 500 3228
10663 4 2 20 2 1450 1382 1368 4032
10664 4 2 20 2 1824 3300 1808 3943
10665 4 2 20 2 684 681 682 3686
10666 4 2 20 2 3021 3397 3348 3871
10667 4 2 20 2 3019 3494 3796 4094
10668 4 2 20 2 2894 2915 3244 3984
10669 4 2 20 2 2968 3306 3305 3858
10670 4 2 20 2 3567 3779 2859 3896
10671 4 2 20 2 1536 3162 1575 3470
10672 4 2 20 2 825 3541 863 4019
10673 4 2 20 2 3028 3451 3450 3881
10674 4 2 20 2 3011 3350 3200 4118
10675 4 2 20 2 2857 3023 3684 3823
10676 4 2 20 2 3181 3344 2949 3831
10677 4 2 20 2 3199 3647 3094 3727
10678 4 2 20 2 2856 3207 3533 3971
10679 4 2 20 2 3010 3329 3225 3626
10680 4 2 20 2 1759 1833 2954 3942
10681 4 2 20 2 3023 2901 3194 3602
10682 4 2 20 2 1973 3239 1912 3963
10683 4 2 20 2 3060 3538 3373 3888
10684 4 2 20 2 1512 1470 3470 3624
10685 4 2 20 2 3070 3703 3331 3938
10686 4 2 20 2 1396 1292 3229 3611
10687 4 2 20 2 244 290 3559 4091
10688 4 2 20 2 2862 3370 3449 3944
10689 4 2 20 2 2942 3252 3412 4095
10690 4 2 20 2 696 614 753 3952
10691 4 2 20 2 1533 1576 1606 3058
10692 4 2 20 2 2481 3837 2914 4061
10693 4 2 20 2 2887 3589 3632 4093
10694 4 2 20 2 3130 3364 3301 4029
10695 4 2 20 2 1655 1697 1681 3290
10696 4 2 20 2 2883 3073 3030 3853
10697 4 2 20 2 2894 3244 2983 3514
10698 4 2 20 2 1350 3197 1394 3226
10699 4 2 20 2 3022 3770 3495 3958
10700 4 2 20 2 377 464 381 3633
10701 4 2 20 2 2947 3217 3656 3715
10702 4 2 20 2 2906 3195 2882 4055
10703 4 2 20 2 2942 3125 2873 4095
10704 4 2 20 2 516 567 604 3318
10705 4 2 20 2 2991 3640 3289 3938
10706 4 2 20 2 254 3606 3633 3990
10707 4 2 20 2 3305 3784 3388 3858
10708 4 2 20 2 94 3734 3416 3937
10709 4 2 20 2 547 502 3768 3824
10710 4 2 20 2 2375 3604 2433 3941
10711 4 2 20 2 3467 3859 3152 4032
10712 4 2 20 2 3217 3879 3411 3968
10713 4 2 20 2 2983 3325 2852 3802
10714 4 2 20 2 3520 3935 3293 4073
10715 4 2 20 2 3228 4015 3392 4068
10716 4 2 20 2 52 91 3734 4072
10717 4 2 20 2 1092 1065 3007 3673
10718 4 2 20 2 1785 1709 1644 3662
10719 4 2 20 2 472 517 566 3488
10720 4 2 20 2 1273 1272 1271 3193
10721 4 2 20 2 1510 1565 3957 3979
10722 4 2 20 2 3708 3910 3052 3939
10723 4 2 20 2 3580 3964 3610 4114
10724 4 2 20 2 2892 3857 3203 3926
10725 4 2 20 2 1355 1416 1354 3603
10726 4 2 20 2 1753 1772 1719 3290
10727 4 2 20 2 1874 3100 1947 3546
10728 4 2 20 2 3419 3110 3903 3912
10729 4 2 20 2 3266 3557 3035 4005
10730 4 2 20 2 3628 3822 3149 3863
10731 4 2 20 2 325 369 3255 3994
10732 4 2 20 2 1172 3568 1151 3599
10733 4 2 20 2 3169 3465 3362 3594
10734 4 2 20 2 1125 1123 3661 3770
10735 4 2 20 2 3103 3311 2914 3459
10736 4 2 20 2 3278 3711 2868 3894
10737 4 2 20 2 196 160 3705 3872
10738 4 2 20 2 1073 3673 3216 3770
10739 4 2 20 2 633 723 586 3259
10740 4 2 20 2 521 608 569 3318
10741 4 2 20 2 2052 3983 3122 4004
10742 4 2 20 2 2865 3188 3421 3708
10743 4 2 20 2 3321 2994 3766 3877
10744 4 2 20 2 2978 3808 3196 3906
10745 4 2 20 2 3296 4001 3684 4092
10746 4 2 20 2 2249 2927 2175 3061
10747 4 2 20 2 2925 3405 3245 3665
10748 4 2 20 2 3174 3341 3074 4119
10749 4 2 20 2 3209 3216 3022 3825
10750 4 2 20 2 1253 3467 1303 3859
10751 4 2 20 2 132 3329 130 4078
10752 4 2 20 2 2218 3668 3064 3850
10753 4 2 20 2 344 214 304 3642
10754 4 2 20 2 3112 3784 3305 3858
10755 4 2 20 2 762 764 3033 3257
10756 4 2 20 2 3140 3697 2061 3850
10757 4 2 20 2 1419 1441 3390 3603
10758 4 2 20 2 385 345 3206 3486
10759 4 2 20 2 3074 3142 2898 3468
10760 4 2 20 2 1090 1061 1062 4046
10761 4 2 20 2 3056 3634 3265 3849
10762 4 2 20 2 3327 3020 3814 3934
10763 4 2 20 2 3325 3803 3156 4024
10764 4 2 20 2 153 3153 3631 4028
10765 4 2 20 2 1508 1565 1567 3957
10766 4 2 20 2 3218 3592 3261 3628
10767 4 2 20 2 3540 3581 3108 4084
10768 4 2 20 2 2903 2932 3225 3730
10769 4 2 20 2 1211 1170 1198 3599
10770 4 2 20 2 3256 3762 3031 4097
10771 4 2 20 2 1908 1889 1858 3236
10772 4 2 20 2 3194 3768 3023 3824
10773 4 2 20 2 1847 3667 3385 3671
10774 4 2 20 2 1441 1462 1569 3390
10775 4 2 20 2 2855 2996 2950 3514
10776 4 2 20 2 883 880 924 3544
10777 4 2 20 2 1880 3239 1834 4077
10778 4 2 20 2 1457 3197 1436 3611
10779 4 2 20 2 3035 3557 3345 4062
10780 4 2 20 2 145 3735 104 4089
10781 4 2 20 2 3083 3786 3453 3918
10782 4 2 20 2 3015 3409 3088 4055
10783 4 2 20 2 3034 2909 3243 3438
10784 4 2 20 2 3045 3422 3255 3870
10785 4 2 20 2 3462 3893 1975 3980
10786 4 2 20 2 3328 3024 3833 4027
10787 4 2 20 2 1251 1254 1233 3072
10788 4 2 20 2 886 887 859 4019
10789 4 2 20 2 3480 3494 3051 3812
10790 4 2 20 2 3179 3908 2403 4007
10791 4 2 20 2 171 3329 172 3545
10792 4 2 20 2 3632 3742 3145 3967
10793 4 2 20 2 2995 3156 3507 3813
10794 4 2 20 2 3292 3444 2881 3860
10795 4 2 20 2 3391 3816 3144 4109
10796 4 2 20 2 2945 3090 3339 3725
10797 4 2 20 2 2924 3873 3260 3968
10798 4 2 20 2 2838 3726 3212 3953
10799 4 2 20 2 2385 2363 2411 3031
10800 4 2 20 2 198 154 3141 4091
10801 4 2 20 2 1451 1411 1343 3453
10802 4 2 20 2 2834 3507 3455 3949
10803 4 2 20 2 1913 3098 1974 3963
10804 4 2 20 2 325 372 369 3994
10805 4 2 20 2 1688 3316 1743 4077
10806 4 2 20 2 2920 3289 3797 4037
10807 4 2 20 2 1664 3130 1611 3667
10808 4 2 20 2 2963 3432 3363 4027
10809 4 2 20 2 3121 3368 1946 4099
10810 4 2 20 2 1461 3390 1489 3603
10811 4 2 20 2 2893 3141 3112 3858
10812 4 2 20 2 284 367 324 3764
10813 4 2 20 2 2873 2985 2942 3412
10814 4 2 20 2 1818 3185 3451 3996
10815 4 2 20 2 582 3392 3092 3675
10816 4 2 20 2 2896 3357 3609 4049
10817 4 2 20 2 2905 2852 3430 3802
10818 4 2 20 2 586 723 634 3259
10819 4 2 20 2 3055 3160 3153 3705
10820 4 2 20 2 2975 3330 3436 3787
10821 4 2 20 2 1453 1541 1475 3145
10822 4 2 20 2 3003 3402 3474 3960
10823 4 2 20 2 3525 3720 3253 3972
10824 4 2 20 2 3201 3629 3455 3949
10825 4 2 20 2 2861 3178 3497 4112
10826 4 2 20 2 483 525 481 3443
10827 4 2 20 2 1259 3277 1240 3608
10828 4 2 20 2 3018 3688 3199 3727
10829 4 2 20 2 18 10 50 3832
10830 4 2 20 2 769 799 770 3510
10831 4 2 20 2 2994 3766 3215 3775
10832 4 2 20 2 2191 3659 3480 3762
10833 4 2 20 2 2986 3518 3222 3702
10834 4 2 20 2 3314 3451 3875 3996
10835 4 2 20 2 3161 3864 3381 3977
10836 4 2 20 2 2942 3369 3281 4095
10837 4 2 20 2 2986 3222 3554 3702
10838 4 2 20 2 260 167 211 3769
10839 4 2 20 2 194 195 193 3705
10840 4 2 20 2 2287 2332 2309 4097
10841 4 2 20 2 3231 3307 182 3853
10842 4 2 20 2 2856 3533 3425 4090
10843 4 2 20 2 340 3633 255 3769
10844 4 2 20 2 2866 3220 3407 3465
10845 4 2 20 2 1269 1371 1353 3324
10846 4 2 20 2 2884 3451 3450 3679
10847 4 2 20 2 3291 3327 2845 3908
10848 4 2 20 2 1238 1279 1252 3072
10849 4 2 20 2 302 3626 3106 3769
10850 4 2 20 2 2935 3136 3598 3899
10851 4 2 20 2 2877 3876 3404 4109
10852 4 2 20 2 2997 3083 3453 3918
10853 4 2 20 2 3327 3020 3508 3814
10854 4 2 20 2 1320 3831 1434 3897
10855 4 2 20 2 245 194 3490 3705
10856 4 2 20 2 1821 1903 1902 3282
10857 4 2 20 2 648 3461 3460 3530
10858 4 2 20 2 728 769 676 3510
10859 4 2 20 2 3739 3846 2359 3906
10860 4 2 20 2 2944 3189 3781 3917
10861 4 2 20 2 2855 3830 3186 3984
10862 4 2 20 2 126 125 86 3974
10863 4 2 20 2 2296 3906 3184 4113
10864 4 2 20 2 2116 3272 3865 4004
10865 4 2 20 2 2845 3532 3355 3814
10866 4 2 20 2 56 59 27 3937
10867 4 2 20 2 2327 2350 2382 3739
10868 4 2 20 2 3152 1369 3625 4032
10869 4 2 20 2 3439 2925 3801 3967
10870 4 2 20 2 2975 3436 3277 3608
10871 4 2 20 2 3198 3512 2929 3687
10872 4 2 20 2 3183 3614 3583 4016
10873 4 2 20 2 861 858 860 3854
10874 4 2 20 2 3408 3667 1878 3671
10875 4 2 20 2 3413 3983 3591 4004
10876 4 2 20 2 3038 3044 2917 3534
10877 4 2 20 2 3199 3505 3094 4054
10878 4 2 20 2 3110 4070 3664 4083
10879 4 2 20 2 1954 1900 1953 3223
10880 4 2 20 2 3064 3850 2992 3925
10881 4 2 20 2 2464 2469 3087 4013
10882 4 2 20 2 3237 2954 3932 3933
10883 4 2 20 2 3185 3839 3406 3844
10884 4 2 20 2 2919 3228 2857 3823
10885 4 2 20 2 2322 2945 2313 3523
10886 4 2 20 2 1688 3316 3584 3932
10887 4 2 20 2 78 3631 3468 3914
10888 4 2 20 2 1325 1268 1353 3324
10889 4 2 20 2 3326 3492 2922 3820
10890 4 2 20 2 2889 3419 3515 3956
10891 4 2 20 2 2849 4018 3202 4062
10892 4 2 20 2 2994 3462 3785 3893
10893 4 2 20 2 2470 3477 2490 4013
10894 4 2 20 2 1387 1411 1452 3453
10895 4 2 20 2 2293 2284 2274 3351
10896 4 2 20 2 1569 1568 1571 3715
10897 4 2 20 2 2957 3287 3699 3912
10898 4 2 20 2 3116 2881 3860 3935
10899 4 2 20 2 2893 3141 3858 3948
10900 4 2 20 2 2844 3509 3377 3902
10901 4 2 20 2 2987 3205 3269 3737
10902 4 2 20 2 1137 1064 3434 3695
10903 4 2 20 2 2212 3263 3534 3835
10904 4 2 20 2 2473 2914 2880 3459
10905 4 2 20 2 2875 2842 3865 3880
10906 4 2 20 2 1964 3379 1965 3927
10907 4 2 20 2 15 11 21 3832
10908 4 2 20 2 3146 2856 3730 3953
10909 4 2 20 2 3359 3458 2951 3786
10910 4 2 20 2 2375 3062 2407 3564
10911 4 2 20 2 2407 3062 2375 3941
10912 4 2 20 2 1113 3135 1032 3695
10913 4 2 20 2 1572 3273 3162 3466
10914 4 2 20 2 2857 3228 2956 3651
10915 4 2 20 2 2862 3210 3413 3811
10916 4 2 20 2 472 566 518 3488
10917 4 2 20 2 2876 2998 3483 3867
10918 4 2 20 2 912 839 906 3653
10919 4 2 20 2 2195 3489 2194 3970
10920 4 2 20 2 861 858 2916 3987
10921 4 2 20 2 888 890 3541 3804
10922 4 2 20 2 492 449 446 4110
10923 4 2 20 2 227 272 225 4045
10924 4 2 20 2 2478 2459 2458 4066
10925 4 2 20 2 1996 3547 3122 3983
10926 4 2 20 2 201 3141 161 4074
10927 4 2 20 2 1592 3596 3308 4096
10928 4 2 20 2 2378 2916 2891 3013
10929 4 2 20 2 2895 2940 3312 3651
10930 4 2 20 2 1109 1082 1083 1080
10931 4 2 20 2 2394 2431 2381 3156
10932 4 2 20 2 3208 4112 3497 4115
10933 4 2 20 2 1860 1893 3166 4000
10934 4 2 20 2 2142 3063 2178 3865
10935 4 2 20 2 582 3092 3392 3791
10936 4 2 20 2 3089 3794 3425 4090
10937 4 2 20 2 3056 3532 3296 3684
10938 4 2 20 2 2399 3846 3196 3906
10939 4 2 20 2 3276 3617 3096 3917
10940 4 2 20 2 1694 3377 3300 3902
10941 4 2 20 2 768 727 726 3907
10942 4 2 20 2 1380 3624 3625 3816
10943 4 2 20 2 1542 1517 1541 3439
10944 4 2 20 2 2992 3850 3140 3925
10945 4 2 20 2 3300 3377 1694 3943
10946 4 2 20 2 280 321 284 3764
10947 4 2 20 2 1411 1343 3453 3918
10948 4 2 20 2 1872 1855 1828 4099
10949 4 2 20 2 2911 3418 3375 3792
10950 4 2 20 2 1214 1216 3608 4050
10951 4 2 20 2 3408 3448 3067 4029
10952 4 2 20 2 1344 1431 3095 3636
10953 4 2 20 2 3035 3680 3266 4005
10954 4 2 20 2 2868 3275 3066 3711
10955 4 2 20 2 455 3312 3228 3666
10956 4 2 20 2 877 916 2377 918
10957 4 2 20 2 159 78 157 4074
10958 4 2 20 2 3186 3619 2995 4076
10959 4 2 20 2 2833 3664 3435 4070
10960 4 2 20 2 84 167 165 3270
10961 4 2 20 2 424 507 464 3995
10962 4 2 20 2 1540 3778 3439 3933
10963 4 2 20 2 3208 3446 2902 3962
10964 4 2 20 2 3266 3712 3557 4005
10965 4 2 20 2 2180 2178 3063 3248
10966 4 2 20 2 682 685 684 3686
10967 4 2 20 2 2955 3240 3740 3940
10968 4 2 20 2 2378 2891 2371 3013
10969 4 2 20 2 456 3334 412 3994
10970 4 2 20 2 527 574 528 3993
10971 4 2 20 2 2903 3225 3075 3730
10972 4 2 20 2 3713 3734 3307 3853
10973 4 2 20 2 3198 3604 3062 4057
10974 4 2 20 2 1215 3454 3391 4053
10975 4 2 20 2 1928 1990 1973 3963
10976 4 2 20 2 3051 3480 3659 4094
10977 4 2 20 2 861 884 858 3987
10978 4 2 20 2 3140 2992 3679 3697
10979 4 2 20 2 2865 3188 3758 3834
10980 4 2 20 2 3399 3634 3189 3781
10981 4 2 20 2 2957 3515 3419 3912
10982 4 2 20 2 2925 3245 3405 3913
10983 4 2 20 2 533 488 487 3655
10984 4 2 20 2 2393 2415 2414 4060
10985 4 2 20 2 3353 3641 3432 3999
10986 4 2 20 2 1533 3476 1606 3543
10987 4 2 20 2 2978 3846 3739 3906
10988 4 2 20 2 840 906 839 3424
10989 4 2 20 2 587 3463 675 3854
10990 4 2 20 2 154 3574 3141 3784
10991 4 2 20 2 3364 3866 3203 4032
10992 4 2 20 2 3345 2859 3896 4002
10993 4 2 20 2 1015 1021 1020 3135
10994 4 2 20 2 2969 3306 3305 3563
10995 4 2 20 2 3210 2871 3489 3627
10996 4 2 20 2 3124 3256 2339 4106
10997 4 2 20 2 1510 3957 1531 3979
10998 4 2 20 2 3111 3487 3267 3878
10999 4 2 20 2 3865 4004 2842 4100
11000 4 2 20 2 2464 3087 2463 3327
11001 4 2 20 2 1880 1912 3239 4077
11002 4 2 20 2 3004 3713 3445 3749
11003 4 2 20 2 461 420 418 3372
11004 4 2 20 2 3145 1453 3742 3845
11005 4 2 20 2 2442 2880 3291 3459
11006 4 2 20 2 3034 3425 3118 4010
11007 4 2 20 2 2965 3645 3282 4071
11008 4 2 20 2 1914 1930 3877 3972
11009 4 2 20 2 1331 1302 3701 3828
11010 4 2 20 2 2854 3291 3080 3976
11011 4 2 20 2 2960 3454 3391 4050
11012 4 2 20 2 1835 1881 1744 1836
11013 4 2 20 2 149 151 191 3388
11014 4 2 20 2 2886 3446 3208 3806
11015 4 2 20 2 255 209 165 3270
11016 4 2 20 2 1541 3718 3800 3801
11017 4 2 20 2 2944 3532 3374 3814
11018 4 2 20 2 1419 3390 1491 3765
11019 4 2 20 2 2503 2501 2499 4066
11020 4 2 20 2 2962 3280 2875 3371
11021 4 2 20 2 2910 3093 3495 3740
11022 4 2 20 2 1108 1103 3209 3825
11023 4 2 20 2 2851 3556 3221 4014
11024 4 2 20 2 2878 3412 3759 3944
11025 4 2 20 2 3245 2991 3640 3856
11026 4 2 20 2 3027 3757 3456 3777
11027 4 2 20 2 2918 3554 3227 3839
11028 4 2 20 2 161 3141 154 4074
11029 4 2 20 2 2855 3332 3830 4080
11030 4 2 20 2 3177 3674 3522 4025
11031 4 2 20 2 1762 1834 3584 4077
11032 4 2 20 2 2987 3411 3672 3879
11033 4 2 20 2 3580 3809 3313 3964
11034 4 2 20 2 2882 3173 3493 3971
11035 4 2 20 2 3359 3719 2997 3918
11036 4 2 20 2 2969 3563 3483 3648
11037 4 2 20 2 1328 3193 1296 3603
11038 4 2 20 2 493 492 537 3392
11039 4 2 20 2 2912 3561 3293 3992
11040 4 2 20 2 1429 3625 1369 4032
11041 4 2 20 2 3054 3298 3554 3704
11042 4 2 20 2 2836 3285 3704 3829
11043 4 2 20 2 3094 3647 3199 4054
11044 4 2 20 2 1675 1692 1647 3596
11045 4 2 20 2 353 394 393 4011
11046 4 2 20 2 1657 3082 1702 3772
11047 4 2 20 2 3028 3295 3881 3929
11048 4 2 20 2 1590 3308 1550 3596
11049 4 2 20 2 251 295 3635 3795
11050 4 2 20 2 315 313 276 3590
11051 4 2 20 2 2322 2313 2268 3523
11052 4 2 20 2 2963 3363 3552 4027
11053 4 2 20 2 2879 3729 3779 3869
11054 4 2 20 2 2410 2386 2425 3561
11055 4 2 20 2 1253 3072 1254 3467
11056 4 2 20 2 132 130 93 4078
11057 4 2 20 2 2877 3783 3457 3842
11058 4 2 20 2 602 2972 601 3389
11059 4 2 20 2 2887 3632 3331 4093
11060 4 2 20 2 3093 3240 3599 3818
11061 4 2 20 2 3002 3929 3450 4041
11062 4 2 20 2 873 913 917 3721
11063 4 2 20 2 3062 3617 3508 3663
11064 4 2 20 2 756 784 753 3952
11065 4 2 20 2 980 978 995 3426
11066 4 2 20 2 2894 3605 3325 3802
11067 4 2 20 2 3358 3757 3287 3997
11068 4 2 20 2 3018 3178 3727 4112
11069 4 2 20 2 1667 3558 1785 3662
11070 4 2 20 2 2858 3320 3275 4081
11071 4 2 20 2 3449 3759 3412 3944
11072 4 2 20 2 3276 3617 3520 3935
11073 4 2 20 2 3043 3044 2896 3398
11074 4 2 20 2 2834 3628 3822 3949
11075 4 2 20 2 1746 1839 3766 3893
11076 4 2 20 2 2385 3293 2423 3716
11077 4 2 20 2 1331 3828 3701 3911
11078 4 2 20 2 3368 3063 3677 3861
11079 4 2 20 2 1125 1099 3770 3818
11080 4 2 20 2 3077 3005 3486 3970
11081 4 2 20 2 3107 3270 3009 3974
11082 4 2 20 2 590 3244 677 3670
11083 4 2 20 2 1173 3391 1215 3454
11084 4 2 20 2 817 785 850 3167
11085 4 2 20 2 2897 2866 3001 3523
11086 4 2 20 2 3017 3559 3255 4056
11087 4 2 20 2 3208 3703 3497 4112
11088 4 2 20 2 2971 3416 3235 3567
11089 4 2 20 2 550 3194 552 3824
11090 4 2 20 2 2136 3525 3253 3972
11091 4 2 20 2 3506 3679 2884 3856
11092 4 2 20 2 3451 3875 3450 3881
11093 4 2 20 2 2069 2126 3253 3972
11094 4 2 20 2 2851 3407 3233 3867
11095 4 2 20 2 1267 1350 3226 3568
11096 4 2 20 2 3226 3536 1226 3887
11097 4 2 20 2 3108 3777 3757 4084
11098 4 2 20 2 454 500 455 3228
11099 4 2 20 2 20 21 14 3832
11100 4 2 20 2 2894 3325 2983 3802
11101 4 2 20 2 3628 3149 3949 4059
11102 4 2 20 2 3241 3750 2935 4035
11103 4 2 20 2 983 981 999 3892
11104 4 2 20 2 2949 3469 3135 3660
11105 4 2 20 2 49 52 50 3235
11106 4 2 20 2 3480 3051 3659 3812
11107 4 2 20 2 2859 3345 3258 4002
11108 4 2 20 2 731 771 772 3320
11109 4 2 20 2 2965 3176 3644 4030
11110 4 2 20 2 3141 3336 3691 3948
11111 4 2 20 2 2895 3651 3684 4001
11112 4 2 20 2 1877 3117 1923 3556
11113 4 2 20 2 1411 3786 1343 3918
11114 4 2 20 2 1193 3240 1177 3890
11115 4 2 20 2 334 423 417 3994
11116 4 2 20 2 2863 3658 3538 4065
11117 4 2 20 2 2919 3259 3621 3768
11118 4 2 20 2 2838 3212 3714 3953
11119 4 2 20 2 136 3713 174 3853
11120 4 2 20 2 150 148 190 4028
11121 4 2 20 2 3264 3803 3507 3822
11122 4 2 20 2 194 193 3153 3705
11123 4 2 20 2 2430 2380 2891 3156
11124 4 2 20 2 2014 2080 2045 3930
11125 4 2 20 2 3356 3423 3026 4017
11126 4 2 20 2 3016 3422 3255 4056
11127 4 2 20 2 3203 3857 2892 3866
11128 4 2 20 2 2990 3696 3549 3985
11129 4 2 20 2 65 4009 66 4010
11130 4 2 20 2 3365 3506 3245 3856
11131 4 2 20 2 1421 3476 1511 3623
11132 4 2 20 2 3806 3841 3098 3962
11133 4 2 20 2 2845 2854 3586 3976
11134 4 2 20 2 1740 3405 3778 3933
11135 4 2 20 2 2944 3508 3276 3617
11136 4 2 20 2 3215 3766 2994 3893
11137 4 2 20 2 217 263 267 3713
11138 4 2 20 2 3049 2844 3260 3902
11139 4 2 20 2 1215 3391 1260 4053
11140 4 2 20 2 46 44 48 4078
11141 4 2 20 2 1910 3185 1780 3365
11142 4 2 20 2 2944 3617 3276 3917
11143 4 2 20 2 3035 3345 2907 4062
11144 4 2 20 2 578 3443 532 4006
11145 4 2 20 2 3841 3962 3018 3963
11146 4 2 20 2 593 3214 648 3989
11147 4 2 20 2 3125 3252 2873 4095
11148 4 2 20 2 2990 3985 3549 4001
11149 4 2 20 2 2909 3034 3243 3817
11150 4 2 20 2 3040 3625 3624 3816
11151 4 2 20 2 3400 3652 2836 3761
11152 4 2 20 2 2840 3128 3833 3863
11153 4 2 20 2 1413 3303 1435 3639
11154 4 2 20 2 1688 1783 1762 3584
11155 4 2 20 2 1114 1113 1163 3344
11156 4 2 20 2 1175 3302 1194 4102
11157 4 2 20 2 3205 3779 3411 3879
11158 4 2 20 2 3406 3875 3185 3996
11159 4 2 20 2 1573 3273 1572 3466
11160 4 2 20 2 2041 2054 3591 3983
11161 4 2 20 2 2876 3407 2906 3867
11162 4 2 20 2 3766 3877 2994 3893
11163 4 2 20 2 2992 3856 3365 4040
11164 4 2 20 2 621 619 580 3725
11165 4 2 20 2 379 378 341 3921
11166 4 2 20 2 3115 3313 3773 3809
11167 4 2 20 2 3136 3630 3244 4069
11168 4 2 20 2 2880 3080 2904 3541
11169 4 2 20 2 2941 3337 3298 4003
11170 4 2 20 2 754 695 752 2976
11171 4 2 20 2 1787 3340 1713 3639
11172 4 2 20 2 1773 1811 1794 3377
11173 4 2 20 2 2850 3366 3212 3726
11174 4 2 20 2 1175 1193 1194 3890
11175 4 2 20 2 1818 3314 3451 4063
11176 4 2 20 2 1991 3223 1953 3728
11177 4 2 20 2 2922 3212 3354 3714
11178 4 2 20 2 3373 3495 3060 3740
11179 4 2 20 2 2832 3078 3709 3788
11180 4 2 20 2 653 604 606 3318
11181 4 2 20 2 1510 1565 1508 3957
11182 4 2 20 2 2843 2917 2899 3895
11183 4 2 20 2 136 98 3734 4089
11184 4 2 20 2 3197 3915 3226 4025
11185 4 2 20 2 3186 3325 2995 3619
11186 4 2 20 2 3058 3269 3543 3723
11187 4 2 20 2 1943 2052 3122 3272
11188 4 2 20 2 388 433 3219 3472
11189 4 2 20 2 2850 3268 3366 3726
11190 4 2 20 2 2302 2897 3090 3523
11191 4 2 20 2 3404 3751 2877 4109
11192 4 2 20 2 1779 3314 1859 3979
11193 4 2 20 2 2994 3197 3766 3775
11194 4 2 20 2 352 435 390 3618
11195 4 2 20 2 56 27 18 3937
11196 4 2 20 2 3217 3411 2859 3968
11197 4 2 20 2 2132 2182 2145 3263
11198 4 2 20 2 3003 3474 3601 3864
11199 4 2 20 2 1675 3300 1692 3596
11200 4 2 20 2 3215 3197 3611 3775
11201 4 2 20 2 2862 3369 3413 4051
11202 4 2 20 2 2933 3335 4083 4115
11203 4 2 20 2 1759 3932 2954 3933
11204 4 2 20 2 662 613 660 3542
11205 4 2 20 2 2990 3652 3378 3761
11206 4 2 20 2 167 3626 211 3769
11207 4 2 20 2 1358 1442 3433 3859
11208 4 2 20 2 904 907 903 3424
11209 4 2 20 2 1275 1296 1328 3193
11210 4 2 20 2 3018 3782 3239 3962
11211 4 2 20 2 2919 3392 3228 4015
11212 4 2 20 2 2955 3420 3578 4022
11213 4 2 20 2 423 3630 3427 3870
11214 4 2 20 2 1765 1803 3415 3877
11215 4 2 20 2 2983 3171 3826 4038
11216 4 2 20 2 1694 3300 3104 3902
11217 4 2 20 2 2898 3631 3468 3680
11218 4 2 20 2 2884 3450 3451 3875
11219 4 2 20 2 386 346 347 3206
11220 4 2 20 2 2428 3327 3291 3908
11221 4 2 20 2 3283 2997 3807 3999
11222 4 2 20 2 2099 3401 2064 4040
11223 4 2 20 2 2981 3370 3308 3874
11224 4 2 20 2 638 677 3463 3670
11225 4 2 20 2 3066 2915 3249 3711
11226 4 2 20 2 3057 3683 3172 3726
11227 4 2 20 2 2954 3439 3440 3967
11228 4 2 20 2 3156 3325 2995 3803
11229 4 2 20 2 3235 3416 3036 3567
11230 4 2 20 2 3245 3401 3094 3982
11231 4 2 20 2 2964 2871 3085 4100
11232 4 2 20 2 3248 3722 3004 3793
11233 4 2 20 2 2891 3463 2983 3826
11234 4 2 20 2 3178 3688 3018 3727
11235 4 2 20 2 1302 1277 1275 3193
11236 4 2 20 2 2849 3151 3609 4018
11237 4 2 20 2 3474 3864 3003 3998
11238 4 2 20 2 2883 3498 3042 3789
11239 4 2 20 2 3628 3949 3629 4059
11240 4 2 20 2 3690 3874 3104 4096
11241 4 2 20 2 1759 1801 2954 3932
11242 4 2 20 2 1834 1801 3584 3942
11243 4 2 20 2 3296 3532 3355 3961
11244 4 2 20 2 3022 3209 3429 3931
11245 4 2 20 2 2868 3965 3242 4105
11246 4 2 20 2 2972 2973 2952 3318
11247 4 2 20 2 3096 3276 3917 4073
11248 4 2 20 2 3002 3788 3230 3925
11249 4 2 20 2 2085 2049 2150 3700
11250 4 2 20 2 3226 3890 3240 4025
11251 4 2 20 2 3068 3421 3836 3900
11252 4 2 20 2 1568 3656 1634 3715
11253 4 2 20 2 2281 2357 2323 3564
11254 4 2 20 2 3215 3611 1548 4071
11255 4 2 20 2 1252 1276 3072 3859
11256 4 2 20 2 1206 3536 1264 4103
11257 4 2 20 2 3446 3076 3785 3997
11258 4 2 20 2 2964 3369 3281 3606
11259 4 2 20 2 2918 3193 3838 4079
11260 4 2 20 2 396 440 442 3231
11261 4 2 20 2 2967 3592 3218 3628
11262 4 2 20 2 3071 3206 3077 3618
11263 4 2 20 2 2885 3550 3284 3750
11264 4 2 20 2 3108 3441 3540 4084
11265 4 2 20 2 890 891 3541 3804
11266 4 2 20 2 1051 3135 1036 3660
11267 4 2 20 2 167 125 211 3626
11268 4 2 20 2 1487 3176 1549 3644
11269 4 2 20 2 2321 2277 2999 3000
11270 4 2 20 2 314 273 355 3231
11271 4 2 20 2 1907 1968 3121 3928
11272 4 2 20 2 2 9 39 3431
11273 4 2 20 2 3096 3520 3276 4073
11274 4 2 20 2 2469 2463 2464 3087
11275 4 2 20 2 3229 3661 3022 3958
11276 4 2 20 2 1310 3911 1338 4067
11277 4 2 20 2 887 888 3541 4019
11278 4 2 20 2 3117 3840 3556 4000
11279 4 2 20 2 3245 3856 3401 4040
11280 4 2 20 2 1616 3191 1764 3478
11281 4 2 20 2 2929 3401 3211 3886
11282 4 2 20 2 1083 1109 1080 3599
11283 4 2 20 2 985 1000 1001 3892
11284 4 2 20 2 2897 2911 3086 3792
11285 4 2 20 2 3390 3466 2947 3715
11286 4 2 20 2 1783 3584 1688 4077
11287 4 2 20 2 3034 3118 3438 4010
11288 4 2 20 2 2954 3584 3237 3932
11289 4 2 20 2 3116 3860 3293 3935
11290 4 2 20 2 2331 3124 2339 4106
11291 4 2 20 2 2050 3614 3395 3776
11292 4 2 20 2 2869 2917 3044 3534
11293 4 2 20 2 2854 3092 2872 3586
11294 4 2 20 2 3165 3876 3842 4109
11295 4 2 20 2 2834 3455 3220 3904
11296 4 2 20 2 1486 3340 1713 3851
11297 4 2 20 2 1408 1339 3111 4082
11298 4 2 20 2 3328 3552 2936 3885
11299 4 2 20 2 2152 3614 3183 4016
11300 4 2 20 2 3185 3875 3451 3996
11301 4 2 20 2 1197 1177 1118 3240
11302 4 2 20 2 2950 3514 2915 4081
11303 4 2 20 2 196 160 156 3705
11304 4 2 20 2 2946 3879 3204 4075
11305 4 2 20 2 3278 3830 3275 4081
11306 4 2 20 2 3487 3632 3120 3787
11307 4 2 20 2 809 836 840 3424
11308 4 2 20 2 3161 3595 3381 3864
11309 4 2 20 2 2845 3586 3908 3934
11310 4 2 20 2 2947 3656 3217 3827
11311 4 2 20 2 1759 2954 1801 3942
11312 4 2 20 2 3011 3949 3201 4118
11313 4 2 20 2 3508 3564 3062 3663
11314 4 2 20 2 3298 3054 3554 3839
11315 4 2 20 2 3105 4061 3916 4080
11316 4 2 20 2 2404 2403 3179 3908
11317 4 2 20 2 2955 3657 3578 3940
11318 4 2 20 2 2882 3493 3212 3971
11319 4 2 20 2 1469 3222 1420 3765
11320 4 2 20 2 785 814 850 2976
11321 4 2 20 2 392 3322 310 4011
11322 4 2 20 2 3568 3599 1172 3661
11323 4 2 20 2 2442 2880 2913 3291
11324 4 2 20 2 3204 3205 2987 3879
11325 4 2 20 2 2857 3586 2919 3823
11326 4 2 20 2 763 713 629 3725
11327 4 2 20 2 3617 3941 3116 4057
11328 4 2 20 2 1311 1308 1333 3625
11329 4 2 20 2 833 801 868 4086
11330 4 2 20 2 2999 3274 2875 3280
11331 4 2 20 2 2953 3496 3285 3829
11332 4 2 20 2 2151 3700 2049 3841
11333 4 2 20 2 3005 3085 2927 3213
11334 4 2 20 2 3012 3455 3264 3507
11335 4 2 20 2 3454 3458 2960 4053
11336 4 2 20 2 118 192 151 3784
11337 4 2 20 2 3284 3894 3242 4105
11338 4 2 20 2 2838 3714 3212 3726
11339 4 2 20 2 688 683 736 3460
11340 4 2 20 2 1956 3645 1902 3812
11341 4 2 20 2 2936 3551 3402 3960
11342 4 2 20 2 2220 2255 2256 3200
11343 4 2 20 2 2993 3436 3330 3787
11344 4 2 20 2 2930 3667 3555 4029
11345 4 2 20 2 3226 3915 2988 4025
11346 4 2 20 2 2990 3378 3985 4001
11347 4 2 20 2 2343 816 851 3339
11348 4 2 20 2 670 717 626 3847
11349 4 2 20 2 2990 3151 3712 4001
11350 4 2 20 2 2862 3449 3370 3811
11351 4 2 20 2 3042 3247 2956 3609
11352 4 2 20 2 3302 3420 1344 4102
11353 4 2 20 2 2879 3180 3074 3680
11354 4 2 20 2 1549 3176 1487 3851
11355 4 2 20 2 464 3213 3214 3990
11356 4 2 20 2 3230 3788 2832 3882
11357 4 2 20 2 1811 1828 1855 3377
11358 4 2 20 2 1145 1193 1175 3578
11359 4 2 20 2 3056 3985 3378 4001
11360 4 2 20 2 3800 3828 1367 3911
11361 4 2 20 2 3357 3788 3078 4092
11362 4 2 20 2 1458 1485 1396 3644
11363 4 2 20 2 778 782 744 3763
11364 4 2 20 2 1163 1242 1220 3344
11365 4 2 20 2 1016 1064 1063 3695
11366 4 2 20 2 376 378 424 3921
11367 4 2 20 2 3404 3658 3304 3868
11368 4 2 20 2 2918 3406 3554 3839
11369 4 2 20 2 3269 2989 3543 3723
11370 4 2 20 2 3243 3438 2909 3729
11371 4 2 20 2 534 488 533 3043
11372 4 2 20 2 2866 3407 2982 3465
11373 4 2 20 2 2858 3103 2914 3459
11374 4 2 20 2 3156 3619 3325 3760
11375 4 2 20 2 2905 3255 3017 3334
11376 4 2 20 2 3025 3515 3251 3699
11377 4 2 20 2 3298 3554 3406 3839
11378 4 2 20 2 2948 3756 3615 3939
11379 4 2 20 2 1537 1536 1495 3162
11380 4 2 20 2 2432 2415 2407 3508
11381 4 2 20 2 2902 3576 3208 3962
11382 4 2 20 2 2921 3191 3558 3662
11383 4 2 20 2 2833 3423 3552 3885
11384 4 2 20 2 629 672 765 3725
11385 4 2 20 2 1314 1315 3845 4067
11386 4 2 20 2 2847 2940 3712 4031
11387 4 2 20 2 369 370 3334 3994
11388 4 2 20 2 3581 3777 3108 4084
11389 4 2 20 2 1254 1253 1239 3072
11390 4 2 20 2 2240 2209 2250 3970
11391 4 2 20 2 311 270 268 3853
11392 4 2 20 2 1844 1889 1922 3236
11393 4 2 20 2 29 27 62 3620
11394 4 2 20 2 3239 3963 3962 4077
11395 4 2 20 2 899 897 943 3133
11396 4 2 20 2 2915 3275 3320 4081
11397 4 2 20 2 2863 3570 3330 3787
11398 4 2 20 2 345 302 3106 3769
11399 4 2 20 2 2380 2346 2945 3156
11400 4 2 20 2 3509 3690 3049 4075
11401 4 2 20 2 2215 2251 3263 3534
11402 4 2 20 2 3401 3647 3094 3982
11403 4 2 20 2 1818 1892 3314 4063
11404 4 2 20 2 2108 3140 2061 3850
11405 4 2 20 2 556 591 643 4069
11406 4 2 20 2 2947 3406 3298 4108
11407 4 2 20 2 304 347 346 3642
11408 4 2 20 2 2995 3507 3200 3813
11409 4 2 20 2 2862 3252 3412 3449
11410 4 2 20 2 2924 3827 3314 3881
11411 4 2 20 2 2850 2888 3268 4021
11412 4 2 20 2 1540 1640 3778 3933
11413 4 2 20 2 2380 2371 2891 2945
11414 4 2 20 2 3122 2958 3600 3752
11415 4 2 20 2 2845 3814 3355 3934
11416 4 2 20 2 1740 3778 1685 3933
11417 4 2 20 2 2374 2337 2375 3564
11418 4 2 20 2 3228 3764 410 4068
11419 4 2 20 2 3208 3806 4112 4115
11420 4 2 20 2 3165 3842 3816 4109
11421 4 2 20 2 2197 3350 2148 4118
11422 4 2 20 2 203 3371 261 3749
11423 4 2 20 2 52 3937 3235 4072
11424 4 2 20 2 3416 3734 3235 3937
11425 4 2 20 2 2100 3647 3982 4054
11426 4 2 20 2 508 560 3234 3753
11427 4 2 20 2 309 310 352 3088
11428 4 2 20 2 993 971 2387 975
11429 4 2 20 2 2863 3373 3538 3888
11430 4 2 20 2 3454 3473 3182 4046
11431 4 2 20 2 346 3206 344 3642
11432 4 2 20 2 2947 3273 3411 3715
11433 4 2 20 2 1457 1526 1394 3197
11434 4 2 20 2 2886 3446 3785 3997
11435 4 2 20 2 3027 3456 3373 3777
11436 4 2 20 2 1541 3439 3718 3801
11437 4 2 20 2 2942 3281 2943 4095
11438 4 2 20 2 3256 3419 3124 4048
11439 4 2 20 2 2858 3529 3459 3916
11440 4 2 20 2 180 178 3491 4045
11441 4 2 20 2 2890 3004 3722 3793
11442 4 2 20 2 3314 3875 3451 3881
11443 4 2 20 2 9 3431 2 3754
11444 4 2 20 2 3129 3562 3774 3992
11445 4 2 20 2 3313 3516 2921 4047
11446 4 2 20 2 2886 3785 3287 3997
11447 4 2 20 2 3094 3982 3647 4054
11448 4 2 20 2 501 549 548 4038
11449 4 2 20 2 1901 3877 1839 3893
11450 4 2 20 2 2937 3614 3583 3809
11451 4 2 20 2 2885 3192 3550 3750
11452 4 2 20 2 3172 3418 3057 3726
11453 4 2 20 2 2233 2198 2223 3351
11454 4 2 20 2 2464 2446 2455 3276
11455 4 2 20 2 2963 3283 3356 3999
11456 4 2 20 2 3475 3690 3104 4096
11457 4 2 20 2 2839 3361 3481 3901
11458 4 2 20 2 2910 4025 3177 4088
11459 4 2 20 2 3082 3771 1657 3884
11460 4 2 20 2 39 3 2 3431
11461 4 2 20 2 983 999 984 3892
11462 4 2 20 2 1489 1566 1568 3656
11463 4 2 20 2 2897 3001 3148 3523
11464 4 2 20 2 2460 2452 3293 3520
11465 4 2 20 2 1576 1609 1606 3821
11466 4 2 20 2 1649 1626 3646 4104
11467 4 2 20 2 565 3389 599 3753
11468 4 2 20 2 3328 2936 3552 4052
11469 4 2 20 2 3137 2978 3738 3774
11470 4 2 20 2 1823 1748 3851 4030
11471 4 2 20 2 1636 3410 1467 3772
11472 4 2 20 2 1902 3282 1903 3812
11473 4 2 20 2 3059 3700 3253 3852
11474 4 2 20 2 3112 3309 2939 3388
11475 4 2 20 2 1821 4030 3282 4071
11476 4 2 20 2 2892 3301 3504 3866
11477 4 2 20 2 3238 2860 4041 4042
11478 4 2 20 2 1405 3111 1407 3701
11479 4 2 20 2 3179 3539 2345 4060
11480 4 2 20 2 3120 3632 3589 4093
11481 4 2 20 2 2217 2166 3238 3380
11482 4 2 20 2 1499 1452 1450 3453
11483 4 2 20 2 1350 1394 1247 3226
11484 4 2 20 2 486 489 578 4006
11485 4 2 20 2 2209 2871 2141 3414
11486 4 2 20 2 3029 4083 3924 4115
11487 4 2 20 2 2278 3005 2263 3970
11488 4 2 20 2 275 356 359 3498
11489 4 2 20 2 3438 3729 3243 4098
11490 4 2 20 2 3201 3949 3200 4118
11491 4 2 20 2 1254 3072 1306 3467
11492 4 2 20 2 826 3510 3535 3541
11493 4 2 20 2 1587 3340 1486 3639
11494 4 2 20 2 1882 1838 1955 3478
11495 4 2 20 2 151 191 3388 3784
11496 4 2 20 2 2322 2346 2313 2945
11497 4 2 20 2 2859 3411 3217 3724
11498 4 2 20 2 3287 3785 3358 3997
11499 4 2 20 2 2223 3350 2244 3706
11500 4 2 20 2 2862 3755 3210 3811
11501 4 2 20 2 554 637 641 3511
11502 4 2 20 2 401 398 3590 4006
11503 4 2 20 2 134 132 93 4078
11504 4 2 20 2 3018 3505 3239 3782
11505 4 2 20 2 3116 2881 3935 4057
11506 4 2 20 2 2935 3550 3192 3750
11507 4 2 20 2 161 154 3574 4074
11508 4 2 20 2 3240 3890 4023 4025
11509 4 2 20 2 2999 3037 3000 3530
11510 4 2 20 2 2954 3782 3239 3942
11511 4 2 20 2 1417 1466 1510 3360
11512 4 2 20 2 2861 3289 3640 3938
11513 4 2 20 2 3004 3271 3713 3749
11514 4 2 20 2 1909 3166 1894 4000
11515 4 2 20 2 621 580 623 3725
11516 4 2 20 2 2979 3742 3632 3967
11517 4 2 20 2 1369 3152 1337 4032
11518 4 2 20 2 3156 2995 3325 3619
11519 4 2 20 2 2196 2183 3418 3792
11520 4 2 20 2 2248 2288 3256 3762
11521 4 2 20 2 711 668 666 3127
11522 4 2 20 2 3302 2988 3890 4103
11523 4 2 20 2 6 41 3524 4020
11524 4 2 20 2 2488 3105 2489 4061
11525 4 2 20 2 1143 1175 1141 1139
11526 4 2 20 2 84 3270 165 3606
11527 4 2 20 2 2957 3762 3256 4106
11528 4 2 20 2 1405 1426 3111 3701
11529 4 2 20 2 1398 1461 1400 3603
11530 4 2 20 2 2888 2850 3071 4021
11531 4 2 20 2 3707 3807 3356 3868
11532 4 2 20 2 821 856 3013 3854
11533 4 2 20 2 2175 2927 3414 4100
11534 4 2 20 2 1510 1466 1531 3360
11535 4 2 20 2 2832 3211 3622 3882
11536 4 2 20 2 3910 3939 3162 3977
11537 4 2 20 2 94 3416 97 3937
11538 4 2 20 2 2981 3600 3300 3752
11539 4 2 20 2 1574 3162 1572 3273
11540 4 2 20 2 684 3461 681 3686
11541 4 2 20 2 465 508 3213 3921
11542 4 2 20 2 2386 3256 2365 3561
11543 4 2 20 2 2861 3727 3178 4112
11544 4 2 20 2 174 3713 136 3734
11545 4 2 20 2 3495 3770 3093 3958
11546 4 2 20 2 1412 1526 1525 3915
11547 4 2 20 2 3520 3116 3617 3941
11548 4 2 20 2 3046 3295 3121 3928
11549 4 2 20 2 716 709 759 3257
11550 4 2 20 2 1943 1919 3272 3752
11551 4 2 20 2 2229 3317 3762 4097
11552 4 2 20 2 2847 3712 3266 4031
11553 4 2 20 2 1113 1163 3344 3695
11554 4 2 20 2 1787 1712 3478 3639
11555 4 2 20 2 3292 3860 2881 3935
11556 4 2 20 2 3399 3664 3315 4037
11557 4 2 20 2 3026 3304 3597 4065
11558 4 2 20 2 3359 3458 2960 4034
11559 4 2 20 2 2913 3080 2854 3291
11560 4 2 20 2 2837 3263 3929 4085
11561 4 2 20 2 134 135 132 3329
11562 4 2 20 2 2154 3659 2089 3812
11563 4 2 20 2 3010 3071 3545 3642
11564 4 2 20 2 2500 2492 3129 3477
11565 4 2 20 2 3074 3174 2931 3341
11566 4 2 20 2 3556 3840 2961 4000
11567 4 2 20 2 1175 3578 3302 4102
11568 4 2 20 2 571 3471 609 3503
11569 4 2 20 2 3036 3937 3832 4098
11570 4 2 20 2 3235 2946 3524 3955
11571 4 2 20 2 3520 3617 3116 3935
11572 4 2 20 2 2933 3924 3335 4115
11573 4 2 20 2 3093 3770 3661 3958
11574 4 2 20 2 2879 3174 3729 3869
11575 4 2 20 2 3036 3729 3174 4098
11576 4 2 20 2 2365 3196 2424 4048
11577 4 2 20 2 263 3713 3445 3862
11578 4 2 20 2 150 3180 106 4028
11579 4 2 20 2 1509 1563 3810 3950
11580 4 2 20 2 369 3017 3255 3334
11581 4 2 20 2 3151 3296 3549 4092
11582 4 2 20 2 2857 3586 3961 4092
11583 4 2 20 2 389 3219 350 3862
11584 4 2 20 2 1709 1785 1764 3191
11585 4 2 20 2 2951 3458 3359 4034
11586 4 2 20 2 2833 3747 3423 3885
11587 4 2 20 2 1447 1538 1514 3079
11588 4 2 20 2 2993 3436 3267 4067
11589 4 2 20 2 951 953 980 3426
11590 4 2 20 2 3331 2925 3665 3967
11591 4 2 20 2 3661 3770 3093 3818
11592 4 2 20 2 1182 3209 3660 3897
11593 4 2 20 2 2996 3837 3114 3986
11594 4 2 20 2 1255 3391 1187 4050
11595 4 2 20 2 2840 3186 3605 3738
11596 4 2 20 2 1474 1475 3718 3800
11597 4 2 20 2 3349 3896 3345 4062
11598 4 2 20 2 1476 1477 3669 4026
11599 4 2 20 2 514 517 471 3488
11600 4 2 20 2 731 3510 770 3692
11601 4 2 20 2 3559 3858 3784 4091
11602 4 2 20 2 2893 3858 3731 3948
11603 4 2 20 2 1413 1587 1486 3639
11604 4 2 20 2 910 948 947 3733
11605 4 2 20 2 2244 3350 2221 3706
11606 4 2 20 2 3579 3903 3292 4083
11607 4 2 20 2 2926 3356 3707 3807
11608 4 2 20 2 1814 1753 1796 3290
11609 4 2 20 2 3018 3782 3962 4112
11610 4 2 20 2 3351 2923 3706 4113
11611 4 2 20 2 2859 3411 3779 3879
11612 4 2 20 2 3165 3404 3876 4109
11613 4 2 20 2 741 736 802 3763
11614 4 2 20 2 1254 1239 1233 3072
11615 4 2 20 2 3078 3934 3586 3961
11616 4 2 20 2 2500 2492 2494 3129
11617 4 2 20 2 276 317 315 3590
11618 4 2 20 2 1185 1213 1229 3825
11619 4 2 20 2 3269 3543 3299 3821
11620 4 2 20 2 2931 3074 3341 4036
11621 4 2 20 2 2854 3908 3291 3976
11622 4 2 20 2 1549 1646 1673 3851
11623 4 2 20 2 2943 3154 2964 3281
11624 4 2 20 2 2857 2896 3092 3586
11625 4 2 20 2 352 392 435 3618
11626 4 2 20 2 3124 3676 3499 4012
11627 4 2 20 2 2893 3112 3305 3858
11628 4 2 20 2 3609 3651 3147 4018
11629 4 2 20 2 2911 3088 3071 3322
11630 4 2 20 2 2342 3038 2917 3534
11631 4 2 20 2 2951 3695 3344 3786
11632 4 2 20 2 490 3043 491 3247
11633 4 2 20 2 2935 3241 2977 4105
11634 4 2 20 2 1973 1990 3505 3963
11635 4 2 20 2 2882 3971 3212 4090
11636 4 2 20 2 2116 3865 3414 4004
11637 4 2 20 2 884 861 889 3987
11638 4 2 20 2 160 120 156 3468
11639 4 2 20 2 2869 3044 2917 3352
11640 4 2 20 2 1390 1263 1264 4103
11641 4 2 20 2 3266 3680 2898 4031
11642 4 2 20 2 105 3587 142 4009
11643 4 2 20 2 2869 2917 2843 3895
11644 4 2 20 2 1541 3145 1453 3742
11645 4 2 20 2 2869 2883 3232 3895
11646 4 2 20 2 650 3008 601 3417
11647 4 2 20 2 1118 1121 1197 3226
11648 4 2 20 2 3022 3661 3229 3991
11649 4 2 20 2 3066 3194 2901 3602
11650 4 2 20 2 1413 1322 1291 3209
11651 4 2 20 2 349 266 307 3643
11652 4 2 20 2 1389 1502 1455 3442
11653 4 2 20 2 2992 3697 3140 3850
11654 4 2 20 2 2866 3187 3021 3741
11655 4 2 20 2 481 393 3155 3322
11656 4 2 20 2 2486 2479 2466 3129
11657 4 2 20 2 53 57 92 4078
11658 4 2 20 2 2358 2305 2376 3604
11659 4 2 20 2 2998 3553 3388 3587
11660 4 2 20 2 1765 3766 1745 3877
11661 4 2 20 2 430 3486 3206 3753
11662 4 2 20 2 217 3713 3271 3749
11663 4 2 20 2 3381 3595 3161 3685
11664 4 2 20 2 3194 3447 552 3824
11665 4 2 20 2 3029 3335 3924 4083
11666 4 2 20 2 796 724 830 3649
11667 4 2 20 2 2925 3331 3227 3801
11668 4 2 20 2 3481 3648 2839 3840
11669 4 2 20 2 3046 3262 3678 4085
11670 4 2 20 2 3292 3110 3969 4083
11671 4 2 20 2 3580 3006 3964 4114
11672 4 2 20 2 2971 3307 3030 3713
11673 4 2 20 2 492 446 490 3247
11674 4 2 20 2 1883 3282 1821 4030
11675 4 2 20 2 765 3339 763 3725
11676 4 2 20 2 2839 3900 3361 3901
11677 4 2 20 2 2947 3217 3724 3827
11678 4 2 20 2 2906 2998 3195 3553
11679 4 2 20 2 1422 1492 1443 3838
11680 4 2 20 2 1440 3324 1570 3772
11681 4 2 20 2 2076 3494 3480 3812
11682 4 2 20 2 3112 3574 2893 4036
11683 4 2 20 2 1236 1252 1276 3072
11684 4 2 20 2 1386 1500 1453 3742
11685 4 2 20 2 2955 3570 3330 3888
11686 4 2 20 2 2837 3575 3450 3929
11687 4 2 20 2 2050 3395 1992 3776
11688 4 2 20 2 2151 3253 2189 3700
11689 4 2 20 2 1417 3360 1510 3957
11690 4 2 20 2 3216 3571 3007 3673
11691 4 2 20 2 40 81 85 3573
11692 4 2 20 2 2997 3516 3719 3807
11693 4 2 20 2 3052 3601 3474 3864
11694 4 2 20 2 2339 2364 2365 4048
11695 4 2 20 2 562 3280 509 3989
11696 4 2 20 2 575 2917 574 3542
11697 4 2 20 2 1533 1513 3470 3476
11698 4 2 20 2 1616 3478 1712 3639
11699 4 2 20 2 341 340 255 3769
11700 4 2 20 2 2861 3703 3208 4112
11701 4 2 20 2 2883 3232 3789 4049
11702 4 2 20 2 2196 3792 3418 4039
11703 4 2 20 2 3114 3837 3133 3986
11704 4 2 20 2 2438 3293 2452 3520
11705 4 2 20 2 288 246 245 3705
11706 4 2 20 2 2985 3412 2873 3759
11707 4 2 20 2 3210 3489 3268 3627
11708 4 2 20 2 273 314 228 3231
11709 4 2 20 2 3365 2925 3607 3913
11710 4 2 20 2 2046 2015 3930 4063
11711 4 2 20 2 3217 3411 2947 3724
11712 4 2 20 2 828 3103 827 3541
11713 4 2 20 2 1740 1895 1863 3405
11714 4 2 20 2 818 3339 816 3952
11715 4 2 20 2 1124 3469 1208 3897
11716 4 2 20 2 3655 3789 3232 4049
11717 4 2 20 2 2209 2239 2927 3414
11718 4 2 20 2 3448 3569 3067 4029
11719 4 2 20 2 2906 2998 2876 3867
11720 4 2 20 2 2883 3789 3042 4049
11721 4 2 20 2 1201 1159 1200 3458
11722 4 2 20 2 2947 3466 3390 4108
11723 4 2 20 2 545 454 498 4068
11724 4 2 20 2 1384 1475 1409 3911
11725 4 2 20 2 2959 3471 2899 3993
11726 4 2 20 2 2228 2247 2173 4097
11727 4 2 20 2 3055 4031 3160 4035
11728 4 2 20 2 1898 3239 1973 3505
11729 4 2 20 2 3061 2999 3214 3989
11730 4 2 20 2 1764 3191 1785 3776
11731 4 2 20 2 3098 3253 3720 3972
11732 4 2 20 2 1055 1083 1080 3599
11733 4 2 20 2 1493 1471 1536 3131
11734 4 2 20 2 99 96 57 3425
11735 4 2 20 2 2866 3001 3523 3855
11736 4 2 20 2 2172 3676 2162 4016
11737 4 2 20 2 3330 2975 3658 3787
11738 4 2 20 2 3613 3774 2912 3992
11739 4 2 20 2 3557 3712 3266 4117
11740 4 2 20 2 1067 1117 1018 4116
11741 4 2 20 2 48 44 13 4078
11742 4 2 20 2 1125 1123 1130 3661
11743 4 2 20 2 3030 3722 3445 3895
11744 4 2 20 2 884 3338 858 3987
11745 4 2 20 2 2415 2432 2446 3508
11746 4 2 20 2 1290 1190 1219 3578
11747 4 2 20 2 3011 3610 3448 4059
11748 4 2 20 2 3137 3612 3278 3830
11749 4 2 20 2 3142 3336 3055 4074
11750 4 2 20 2 2918 3838 3360 3844
11751 4 2 20 2 3189 2974 3612 3965
11752 4 2 20 2 2971 3170 3567 3955
11753 4 2 20 2 1226 1183 1211 3226
11754 4 2 20 2 2852 3171 2983 3802
11755 4 2 20 2 3142 3872 3468 4074
11756 4 2 20 2 2859 3779 3567 3879
11757 4 2 20 2 2855 2891 2996 3514
11758 4 2 20 2 1834 1880 1898 3239
11759 4 2 20 2 2918 3554 3222 4101
11760 4 2 20 2 1490 3543 1530 3950
11761 4 2 20 2 2419 2421 2420 3681
11762 4 2 20 2 2219 3012 2146 3889
11763 4 2 20 2 1541 1500 3440 3742
11764 4 2 20 2 2133 2111 3350 3947
11765 4 2 20 2 3213 3486 3085 3921
11766 4 2 20 2 2464 2470 2469 4013
11767 4 2 20 2 2136 2258 2171 3253
11768 4 2 20 2 2493 3129 2478 4066
11769 4 2 20 2 2248 3762 3256 4097
11770 4 2 20 2 129 3736 3749 4072
11771 4 2 20 2 3004 2908 3479 3793
11772 4 2 20 2 677 3244 3513 3670
11773 4 2 20 2 1546 1688 1584 3316
11774 4 2 20 2 1220 1317 1262 3344
11775 4 2 20 2 3270 3626 167 3769
11776 4 2 20 2 3484 3556 2851 4014
11777 4 2 20 2 1708 1642 1665 3342
11778 4 2 20 2 1998 3041 1997 3547
11779 4 2 20 2 3477 3917 3276 4073
11780 4 2 20 2 3170 3049 3968 4075
11781 4 2 20 2 1784 1836 1744 3316
11782 4 2 20 2 3398 3575 2849 3848
11783 4 2 20 2 1903 3282 1916 3812
11784 4 2 20 2 3380 3929 3263 3930
11785 4 2 20 2 2961 3221 3556 3843
11786 4 2 20 2 3245 3913 3365 4040
11787 4 2 20 2 3412 3449 2873 3759
11788 4 2 20 2 2342 2917 2870 3689
11789 4 2 20 2 3018 3962 3806 4112
11790 4 2 20 2 483 3654 397 4006
11791 4 2 20 2 3047 3314 3827 3875
11792 4 2 20 2 1526 1412 1394 3915
11793 4 2 20 2 3370 3600 3449 3874
11794 4 2 20 2 1289 3578 3420 4022
11795 4 2 20 2 1818 3451 3314 3996
11796 4 2 20 2 3250 3432 3641 4027
11797 4 2 20 2 286 243 3017 3559
11798 4 2 20 2 910 947 908 3733
11799 4 2 20 2 2034 3728 3084 3891
11800 4 2 20 2 3468 3631 3074 3914
11801 4 2 20 2 1702 3082 1657 3884
11802 4 2 20 2 3169 3388 2998 3553
11803 4 2 20 2 2880 3053 2913 3333
11804 4 2 20 2 3549 3985 3296 4001
11805 4 2 20 2 2411 2363 2410 3561
11806 4 2 20 2 3489 3627 2871 3970
11807 4 2 20 2 2922 3820 3492 4104
11808 4 2 20 2 2946 3567 3036 3779
11809 4 2 20 2 1907 3121 1948 3928
11810 4 2 20 2 3468 3705 160 3872
11811 4 2 20 2 3924 4083 3335 4115
11812 4 2 20 2 3074 3631 2898 3680
11813 4 2 20 2 3077 3389 513 3753
11814 4 2 20 2 2258 3253 2136 3717
11815 4 2 20 2 318 3498 360 4111
11816 4 2 20 2 1947 3546 3100 3683
11817 4 2 20 2 2845 3908 2854 3976
11818 4 2 20 2 2337 2325 2375 3604
11819 4 2 20 2 1261 1217 3695 3786
11820 4 2 20 2 2502 2491 2499 4066
11821 4 2 20 2 1568 1462 1489 3715
11822 4 2 20 2 723 795 3535 4019
11823 4 2 20 2 2218 2119 3668 3850
11824 4 2 20 2 3223 3614 2006 3776
11825 4 2 20 2 958 924 956 3376
11826 4 2 20 2 75 3577 3631 4119
11827 4 2 20 2 1324 1251 1234 3072
11828 4 2 20 2 2911 4021 3418 4039
11829 4 2 20 2 1292 3568 3229 3611
11830 4 2 20 2 2417 2359 3739 3846
11831 4 2 20 2 2021 2060 2094 3379
11832 4 2 20 2 3083 2997 3719 3918
11833 4 2 20 2 3012 3523 3221 3923
11834 4 2 20 2 3353 3516 2997 3999
11835 4 2 20 2 3262 3367 2837 3848
11836 4 2 20 2 19 24 55 3537
11837 4 2 20 2 3325 3802 3605 3803
11838 4 2 20 2 3405 3439 2954 3665
11839 4 2 20 2 399 360 3498 3789
11840 4 2 20 2 424 465 558 3213
11841 4 2 20 2 229 278 276 3384
11842 4 2 20 2 1418 1358 1442 3433
11843 4 2 20 2 3228 3312 3023 3666
11844 4 2 20 2 1916 1822 1823 3282
11845 4 2 20 2 3226 2988 3536 3890
11846 4 2 20 2 114 155 154 3574
11847 4 2 20 2 3136 3372 3249 3711
11848 4 2 20 2 1338 4067 3267 4082
11849 4 2 20 2 139 137 138 3794
11850 4 2 20 2 3048 3442 3342 4047
11851 4 2 20 2 3235 3294 49 4072
11852 4 2 20 2 2897 3086 2911 3155
11853 4 2 20 2 799 3510 3103 3692
11854 4 2 20 2 3277 3436 3330 3657
11855 4 2 20 2 1559 3646 1596 3950
11856 4 2 20 2 1201 1200 1261 3458
11857 4 2 20 2 2404 3327 3179 4060
11858 4 2 20 2 2863 3330 3658 3787
11859 4 2 20 2 1541 3718 1475 3800
11860 4 2 20 2 1093 1092 1068 3673
11861 4 2 20 2 3457 3876 3304 4017
11862 4 2 20 2 1321 1247 1394 3226
11863 4 2 20 2 2158 2094 2130 3489
11864 4 2 20 2 1416 1461 3603 3957
11865 4 2 20 2 854 821 3013 3339
11866 4 2 20 2 634 3768 3259 3907
11867 4 2 20 2 3142 3055 3468 3872
11868 4 2 20 2 855 856 858 3338
11869 4 2 20 2 2008 1916 1976 3494
11870 4 2 20 2 2921 3191 3662 3815
11871 4 2 20 2 2894 3244 3514 3984
11872 4 2 20 2 2999 3061 2875 3274
11873 4 2 20 2 3171 3994 457 4038
11874 4 2 20 2 2863 3798 3787 4065
11875 4 2 20 2 1991 1954 1953 3223
11876 4 2 20 2 494 538 536 3397
11877 4 2 20 2 3439 3665 2925 3967
11878 4 2 20 2 2870 2917 2342 3038
11879 4 2 20 2 1240 3277 3436 3608
11880 4 2 20 2 1935 3377 3677 3943
11881 4 2 20 2 3419 3912 3515 3956
11882 4 2 20 2 2278 2240 3005 3970
11883 4 2 20 2 731 771 3320 3692
11884 4 2 20 2 641 3511 637 3907
11885 4 2 20 2 1662 1611 1577 4026
11886 4 2 20 2 1215 1260 1288 4053
11887 4 2 20 2 608 657 606 3318
11888 4 2 20 2 2946 3524 3243 3832
11889 4 2 20 2 3235 3416 2971 3734
11890 4 2 20 2 2502 2499 2501 4066
11891 4 2 20 2 399 360 316 3498
11892 4 2 20 2 542 584 539 3871
11893 4 2 20 2 3249 3372 3066 3711
11894 4 2 20 2 13 9 8 3572
11895 4 2 20 2 1712 1616 1804 3478
11896 4 2 20 2 802 804 741 3763
11897 4 2 20 2 588 590 677 3670
11898 4 2 20 2 3169 2982 3465 3594
11899 4 2 20 2 1817 1860 1893 3166
11900 4 2 20 2 174 3713 219 3853
11901 4 2 20 2 3202 3307 2907 3735
11902 4 2 20 2 2862 3252 3369 3412
11903 4 2 20 2 557 644 592 3249
11904 4 2 20 2 2199 2187 3351 3790
11905 4 2 20 2 129 168 3271 3749
11906 4 2 20 2 3106 345 3769 3921
11907 4 2 20 2 2365 3561 3256 4048
11908 4 2 20 2 520 477 433 3471
11909 4 2 20 2 2965 3282 4030 4071
11910 4 2 20 2 2983 3325 2894 3514
11911 4 2 20 2 1316 1387 1317 3786
11912 4 2 20 2 849 874 846 3745
11913 4 2 20 2 3029 3399 3797 4037
11914 4 2 20 2 155 117 119 3574
11915 4 2 20 2 698 660 661 3503
11916 4 2 20 2 473 519 474 3471
11917 4 2 20 2 2937 3223 3614 3809
11918 4 2 20 2 3203 3866 3152 4032
11919 4 2 20 2 2273 3512 2222 3647
11920 4 2 20 2 1215 1288 3454 4053
11921 4 2 20 2 2840 3833 3382 3863
11922 4 2 20 2 3245 3982 3913 4040
11923 4 2 20 2 501 548 3171 4038
11924 4 2 20 2 3187 3362 3017 3741
11925 4 2 20 2 2957 3659 3317 3762
11926 4 2 20 2 737 683 734 3460
11927 4 2 20 2 1092 3434 1066 3673
11928 4 2 20 2 664 3443 618 3952
11929 4 2 20 2 2879 3074 3180 3577
11930 4 2 20 2 3222 3701 1420 3765
11931 4 2 20 2 67 106 3577 3620
11932 4 2 20 2 1846 3697 3365 4040
11933 4 2 20 2 1764 3478 3191 3776
11934 4 2 20 2 677 3513 3463 3670
11935 4 2 20 2 22 3438 3243 4098
11936 4 2 20 2 276 3384 278 3590
11937 4 2 20 2 796 721 724 3854
11938 4 2 20 2 2841 3874 3690 4096
11939 4 2 20 2 254 299 339 3633
11940 4 2 20 2 1613 1642 1582 3342
11941 4 2 20 2 3356 3026 3868 4017
11942 4 2 20 2 206 205 163 3637
11943 4 2 20 2 1510 3360 1531 3957
11944 4 2 20 2 1897 1802 1761 3048
11945 4 2 20 2 3406 3554 3298 4108
11946 4 2 20 2 2984 2854 3544 4064
11947 4 2 20 2 3302 3636 2988 4103
11948 4 2 20 2 9 42 39 3431
11949 4 2 20 2 656 748 750 3748
11950 4 2 20 2 1380 3624 1404 3625
11951 4 2 20 2 2315 2218 2269 3539
11952 4 2 20 2 1296 3193 1295 3603
11953 4 2 20 2 1378 3193 1443 3838
11954 4 2 20 2 2490 2496 2483 4013
11955 4 2 20 2 280 284 3147 3764
11956 4 2 20 2 3143 3883 3767 4105
11957 4 2 20 2 3060 3495 3373 3973
11958 4 2 20 2 2942 2985 3294 4020
11959 4 2 20 2 1220 1242 1317 3344
11960 4 2 20 2 2993 3632 3487 3787
11961 4 2 20 2 2932 3225 3075 3431
11962 4 2 20 2 3055 3153 2898 3468
11963 4 2 20 2 2931 3758 3323 4036
11964 4 2 20 2 3295 3616 3121 3928
11965 4 2 20 2 3006 3223 3580 3809
11966 4 2 20 2 1860 3884 1877 4000
11967 4 2 20 2 3147 3202 3035 4028
11968 4 2 20 2 1382 3467 1368 4032
11969 4 2 20 2 2113 3253 2151 3841
11970 4 2 20 2 1647 1621 1675 3596
11971 4 2 20 2 2864 3403 3571 3931
11972 4 2 20 2 1193 3578 1145 3940
11973 4 2 20 2 514 563 600 3488
11974 4 2 20 2 2841 3690 3475 4096
11975 4 2 20 2 3787 3798 3120 4065
11976 4 2 20 2 3268 3726 2850 4021
11977 4 2 20 2 3255 3559 3016 4056
11978 4 2 20 2 3256 3903 3419 4048
11979 4 2 20 2 2464 2455 2470 3276
11980 4 2 20 2 3036 3235 2946 3832
11981 4 2 20 2 3012 3507 3264 4024
11982 4 2 20 2 926 930 925 3333
11983 4 2 20 2 3916 4013 3459 4061
11984 4 2 20 2 1778 1817 1703 3772
11985 4 2 20 2 3478 3776 3395 3819
11986 4 2 20 2 3129 3477 2492 4073
11987 4 2 20 2 2136 2127 3525 3972
11988 4 2 20 2 2912 3562 3561 3992
11989 4 2 20 2 2963 3641 3432 4027
11990 4 2 20 2 3690 3879 3049 4075
11991 4 2 20 2 122 82 84 3780
11992 4 2 20 2 2995 3619 3485 4076
11993 4 2 20 2 3092 3127 2872 3310
11994 4 2 20 2 63 68 76 3341
11995 4 2 20 2 540 3392 583 4015
11996 4 2 20 2 1916 1867 1822 3282
11997 4 2 20 2 136 174 179 3853
11998 4 2 20 2 2918 3839 3227 3844
11999 4 2 20 2 2855 3760 2465 3837
12000 4 2 20 2 425 466 465 3921
12001 4 2 20 2 3049 3690 3509 3902
12002 4 2 20 2 2283 3198 2306 3681
12003 4 2 20 2 1199 1151 1172 3568
12004 4 2 20 2 2863 3538 3373 3777
12005 4 2 20 2 920 919 954 3164
12006 4 2 20 2 571 609 659 3503
12007 4 2 20 2 2845 3586 3934 3961
12008 4 2 20 2 2333 2289 2334 3256
12009 4 2 20 2 2918 3222 3554 4108
12010 4 2 20 2 3069 3168 2932 3431
12011 4 2 20 2 101 3089 142 3396
12012 4 2 20 2 952 923 2377 918
12013 4 2 20 2 2859 3724 3217 3968
12014 4 2 20 2 1895 3094 3405 3942
12015 4 2 20 2 1754 1697 1655 3290
12016 4 2 20 2 477 3219 433 3471
12017 4 2 20 2 3098 3962 3841 3963
12018 4 2 20 2 409 3187 3334 3945
12019 4 2 20 2 2882 2998 2906 3867
12020 4 2 20 2 2270 2337 3564 3886
12021 4 2 20 2 2883 2869 3232 3398
12022 4 2 20 2 2850 3375 2911 3418
12023 4 2 20 2 2430 2891 2444 3760
12024 4 2 20 2 2472 3129 2466 3562
12025 4 2 20 2 3061 3274 2999 3989
12026 4 2 20 2 1454 1452 1478 3453
12027 4 2 20 2 914 846 874 3745
12028 4 2 20 2 3057 3212 3714 3726
12029 4 2 20 2 198 247 248 4091
12030 4 2 20 2 851 818 852 3339
12031 4 2 20 2 3369 3412 3252 4095
12032 4 2 20 2 3016 3858 3559 4091
12033 4 2 20 2 3201 3629 3011 3671
12034 4 2 20 2 2965 3644 3611 4071
12035 4 2 20 2 1447 1538 3079 3718
12036 4 2 20 2 994 992 991 3905
12037 4 2 20 2 3033 3675 2919 4015
12038 4 2 20 2 2932 3412 2878 3944
12039 4 2 20 2 1530 3476 1533 3543
12040 4 2 20 2 2201 2195 2194 3970
12041 4 2 20 2 1334 1257 1256 3391
12042 4 2 20 2 568 2959 607 3471
12043 4 2 20 2 3028 3616 3314 3881
12044 4 2 20 2 1839 1866 1745 3877
12045 4 2 20 2 1585 1483 1547 3316
12046 4 2 20 2 411 367 410 3312
12047 4 2 20 2 663 616 662 3698
12048 4 2 20 2 101 100 103 4009
12049 4 2 20 2 1314 3845 3267 4067
12050 4 2 20 2 3356 3807 3751 3868
12051 4 2 20 2 1823 3282 1822 4030
12052 4 2 20 2 2861 3497 3703 4112
12053 4 2 20 2 2872 3238 2860 4007
12054 4 2 20 2 1920 1907 1968 3121
12055 4 2 20 2 3179 3327 3020 4060
12056 4 2 20 2 3041 3591 3413 3983
12057 4 2 20 2 3078 3961 3586 4092
12058 4 2 20 2 3288 3382 2923 3936
12059 4 2 20 2 457 3994 3427 4038
12060 4 2 20 2 2839 3648 3481 3805
12061 4 2 20 2 352 3088 392 3643
12062 4 2 20 2 1935 3677 3377 4099
12063 4 2 20 2 436 3322 482 3618
12064 4 2 20 2 3107 3168 38 3431
12065 4 2 20 2 819 789 786 3694
12066 4 2 20 2 2486 2466 2472 3129
12067 4 2 20 2 2218 3064 2243 3850
12068 4 2 20 2 3210 3413 3041 3591
12069 4 2 20 2 1337 3152 1369 3625
12070 4 2 20 2 2498 2496 3477 4013
12071 4 2 20 2 71 74 3341 4119
12072 4 2 20 2 1111 1088 1060 3473
12073 4 2 20 2 1354 1398 1357 3603
12074 4 2 20 2 403 401 402 3922
12075 4 2 20 2 500 3228 546 3768
12076 4 2 20 2 3227 3844 3801 4079
12077 4 2 20 2 3079 3801 3844 4079
12078 4 2 20 2 996 978 975 3892
12079 4 2 20 2 1631 1650 1630 3492
12080 4 2 20 2 2833 3552 3328 3885
12081 4 2 20 2 2432 2449 2455 3941
12082 4 2 20 2 3300 3600 2958 3752
12083 4 2 20 2 3030 3445 3862 3895
12084 4 2 20 2 1483 3316 1523 3502
12085 4 2 20 2 2844 3377 3260 3902
12086 4 2 20 2 13 3572 3537 4078
12087 4 2 20 2 3101 3720 3462 3785
12088 4 2 20 2 3651 4005 3147 4018
12089 4 2 20 2 2846 3402 3474 3601
12090 4 2 20 2 2920 3797 3399 4037
12091 4 2 20 2 1006 1011 1008 4116
12092 4 2 20 2 3365 3679 2992 3697
12093 4 2 20 2 1598 1607 1571 3715
12094 4 2 20 2 288 245 287 3490
12095 4 2 20 2 3168 3412 3107 3780
12096 4 2 20 2 3330 3570 2993 3787
12097 4 2 20 2 3021 3826 3348 3855
12098 4 2 20 2 3269 3737 3058 3821
12099 4 2 20 2 248 290 244 4091
12100 4 2 20 2 333 3192 297 3598
12101 4 2 20 2 1798 1738 1797 3236
12102 4 2 20 2 3361 2948 3504 3623
12103 4 2 20 2 314 3231 356 3498
12104 4 2 20 2 3022 3429 3209 3825
12105 4 2 20 2 3151 3651 3609 4018
12106 4 2 20 2 947 948 969 3733
12107 4 2 20 2 3575 3848 3398 3978
12108 4 2 20 2 1650 3492 1696 3959
12109 4 2 20 2 1585 1614 1669 3316
12110 4 2 20 2 2925 3439 3405 3665
12111 4 2 20 2 3151 3549 3357 4092
12112 4 2 20 2 2925 3801 3227 3844
12113 4 2 20 2 2865 3708 3421 3723
12114 4 2 20 2 953 913 949 3653
12115 4 2 20 2 3051 3796 3494 4094
12116 4 2 20 2 82 3107 84 3780
12117 4 2 20 2 3599 3661 3093 3818
12118 4 2 20 2 2927 3061 2999 3214
12119 4 2 20 2 2199 2124 2187 3790
12120 4 2 20 2 3084 3580 3610 4114
12121 4 2 20 2 449 362 360 4111
12122 4 2 20 2 3216 3673 3007 3770
12123 4 2 20 2 2874 3699 3251 3796
12124 4 2 20 2 1698 3260 1773 3377
12125 4 2 20 2 3365 3856 3245 4040
12126 4 2 20 2 2926 3516 3432 3999
12127 4 2 20 2 1467 3410 1440 3772
12128 4 2 20 2 2458 2417 3739 3846
12129 4 2 20 2 3373 3740 3060 3888
12130 4 2 20 2 3436 3487 3267 4082
12131 4 2 20 2 138 3089 101 3396
12132 4 2 20 2 2293 2244 2317 3706
12133 4 2 20 2 1162 1175 1143 1139
12134 4 2 20 2 3442 3558 1667 3662
12135 4 2 20 2 78 3914 3468 4074
12136 4 2 20 2 3023 3768 3228 3824
12137 4 2 20 2 10 3524 50 3832
12138 4 2 20 2 2947 3466 3273 3715
12139 4 2 20 2 3196 3499 2383 3906
12140 4 2 20 2 1590 1552 1550 3308
12141 4 2 20 2 2879 3174 3074 3577
12142 4 2 20 2 1631 1653 1696 3492
12143 4 2 20 2 581 622 582 3791
12144 4 2 20 2 3159 1161 3657 3940
12145 4 2 20 2 3557 4005 3151 4018
12146 4 2 20 2 639 588 638 3670
12147 4 2 20 2 2888 3206 3071 3642
12148 4 2 20 2 3071 3065 3545 3643
12149 4 2 20 2 2905 3334 3017 3741
12150 4 2 20 2 233 3169 3384 3553
12151 4 2 20 2 2884 3875 3406 4003
12152 4 2 20 2 408 3764 406 4068
12153 4 2 20 2 2954 3665 3439 3967
12154 4 2 20 2 2906 3195 3384 3553
12155 4 2 20 2 1109 1151 1170 3599
12156 4 2 20 2 214 302 211 3626
12157 4 2 20 2 3228 3768 3023 3823
12158 4 2 20 2 1542 3439 3440 3933
12159 4 2 20 2 246 3160 249 3705
12160 4 2 20 2 3325 3514 2891 3760
12161 4 2 20 2 1485 1548 1437 3611
12162 4 2 20 2 1125 1099 1123 3770
12163 4 2 20 2 2849 3575 3349 3848
12164 4 2 20 2 1680 3475 3672 3902
12165 4 2 20 2 1714 1789 3215 4071
12166 4 2 20 2 3149 3628 2967 4059
12167 4 2 20 2 2963 3432 3641 3999
12168 4 2 20 2 1595 3475 1598 3672
12169 4 2 20 2 2951 3786 3344 4008
12170 4 2 20 2 2839 3481 3361 3805
12171 4 2 20 2 2919 3768 3228 3823
12172 4 2 20 2 1542 3440 1522 3933
12173 4 2 20 2 2981 3600 3370 3874
12174 4 2 20 2 2895 2940 3651 3712
12175 4 2 20 2 3165 3816 3391 4109
12176 4 2 20 2 2867 3610 3580 3964
12177 4 2 20 2 3035 3202 3180 4028
12178 4 2 20 2 2869 2917 2899 3343
12179 4 2 20 2 2843 3248 2962 3501
12180 4 2 20 2 718 671 717 3847
12181 4 2 20 2 3146 3354 3953 4087
12182 4 2 20 2 3331 3632 3145 3967
12183 4 2 20 2 3480 3494 3019 4094
12184 4 2 20 2 3110 3912 3419 3956
12185 4 2 20 2 3273 3737 2987 3821
12186 4 2 20 2 2099 3647 3401 3982
12187 4 2 20 2 1996 3547 1934 3752
12188 4 2 20 2 521 3318 476 3618
12189 4 2 20 2 1594 3475 1595 3672
12190 4 2 20 2 2877 3842 3457 3876
12191 4 2 20 2 1349 1225 3536 3915
12192 4 2 20 2 1063 1113 1032 3695
12193 4 2 20 2 2882 3195 3015 4055
12194 4 2 20 2 3177 3674 2988 4023
12195 4 2 20 2 3105 3916 3477 4080
12196 4 2 20 2 14 18 20 3832
12197 4 2 20 2 864 827 892 3541
12198 4 2 20 2 3536 3890 2988 4103
12199 4 2 20 2 2196 3418 4021 4039
12200 4 2 20 2 630 628 584 3348
12201 4 2 20 2 2964 3270 3085 4051
12202 4 2 20 2 2201 2194 2210 3970
12203 4 2 20 2 2167 2146 2253 2232
12204 4 2 20 2 211 302 260 3769
12205 4 2 20 2 2283 2306 2305 3681
12206 4 2 20 2 3036 3832 3729 4098
12207 4 2 20 2 2941 3685 3337 4117
12208 4 2 20 2 1417 1356 1294 3193
12209 4 2 20 2 2899 3862 3445 3895
12210 4 2 20 2 3151 4005 3651 4018
12211 4 2 20 2 1182 1209 3209 3897
12212 4 2 20 2 2437 2435 3604 3941
12213 4 2 20 2 162 3479 163 3637
12214 4 2 20 2 378 376 340 3633
12215 4 2 20 2 1260 1311 1341 3391
12216 4 2 20 2 3405 3439 2925 3778
12217 4 2 20 2 951 3102 953 3426
12218 4 2 20 2 3218 3629 3628 3904
12219 4 2 20 2 747 781 745 3417
12220 4 2 20 2 3509 3690 3104 3902
12221 4 2 20 2 3913 3982 1938 4040
12222 4 2 20 2 1489 1461 1566 3390
12223 4 2 20 2 2883 3231 3498 3789
12224 4 2 20 2 1940 3084 2034 3728
12225 4 2 20 2 222 3088 220 3491
12226 4 2 20 2 2113 2069 2126 3253
12227 4 2 20 2 589 555 3249 3511
12228 4 2 20 2 2941 3175 3557 4117
12229 4 2 20 2 2348 3156 2303 3889
12230 4 2 20 2 528 485 484 3343
12231 4 2 20 2 288 3160 246 3705
12232 4 2 20 2 3800 3801 3079 4079
12233 4 2 20 2 121 203 166 3479
12234 4 2 20 2 1320 1370 1434 3831
12235 4 2 20 2 2842 3369 2964 4051
12236 4 2 20 2 3788 3882 3230 3925
12237 4 2 20 2 1471 1495 3131 3519
12238 4 2 20 2 233 3169 235 3594
12239 4 2 20 2 745 651 691 3417
12240 4 2 20 2 1255 1256 1187 3391
12241 4 2 20 2 3414 3865 2175 4100
12242 4 2 20 2 23 28 26 3438
12243 4 2 20 2 227 4011 272 4045
12244 4 2 20 2 3330 3657 3436 4022
12245 4 2 20 2 3035 3680 3153 4028
12246 4 2 20 2 1392 3181 1455 3442
12247 4 2 20 2 2440 2410 2425 3561
12248 4 2 20 2 2921 3558 3313 4047
12249 4 2 20 2 660 611 661 3503
12250 4 2 20 2 3148 2945 3523 3855
12251 4 2 20 2 2296 2361 3184 3906
12252 4 2 20 2 3189 3634 2944 3781
12253 4 2 20 2 390 434 387 3618
12254 4 2 20 2 3395 3614 2050 4016
12255 4 2 20 2 2885 3016 3192 3948
12256 4 2 20 2 2845 3586 2854 3908
12257 4 2 20 2 1894 1909 1861 3166
12258 4 2 20 2 3278 3984 3830 4081
12259 4 2 20 2 361 401 398 3590
12260 4 2 20 2 3089 3794 101 4009
12261 4 2 20 2 2487 2482 3837 4061
12262 4 2 20 2 1521 1477 1520 3669
12263 4 2 20 2 3304 3868 3026 4017
12264 4 2 20 2 614 612 573 3443
12265 4 2 20 2 211 3626 302 3769
12266 4 2 20 2 3239 3505 1898 3942
12267 4 2 20 2 432 3077 3206 3389
12268 4 2 20 2 2942 3294 3573 4020
12269 4 2 20 2 3442 3558 2921 4047
12270 4 2 20 2 2918 3227 3554 4101
12271 4 2 20 2 2999 3488 3530 3989
12272 4 2 20 2 3575 3929 2837 4041
12273 4 2 20 2 1855 1871 1812 3943
12274 4 2 20 2 1982 2097 2025 3418
12275 4 2 20 2 3144 3926 3751 4109
12276 4 2 20 2 449 3789 4110 4111
12277 4 2 20 2 491 490 488 3043
12278 4 2 20 2 3245 3405 3913 3982
12279 4 2 20 2 154 3784 3141 4091
12280 4 2 20 2 3073 3232 2869 3343
12281 4 2 20 2 2263 3005 3008 3077
12282 4 2 20 2 2154 2192 2191 3480
12283 4 2 20 2 3156 3619 2381 3813
12284 4 2 20 2 2937 3614 3223 3776
12285 4 2 20 2 3416 3734 98 4089
12286 4 2 20 2 3086 3384 3195 4045
12287 4 2 20 2 2971 3734 3416 4089
12288 4 2 20 2 1213 1249 1323 3825
12289 4 2 20 2 2946 3036 3729 3779
12290 4 2 20 2 1394 1412 1321 3915
12291 4 2 20 2 3068 3810 3326 3950
12292 4 2 20 2 3634 3781 3399 3797
12293 4 2 20 2 2933 3335 3579 4083
12294 4 2 20 2 1974 2068 3841 3972
12295 4 2 20 2 1653 1631 3326 3492
12296 4 2 20 2 278 3590 3384 3594
12297 4 2 20 2 1371 1372 1415 3324
12298 4 2 20 2 227 276 3384 4043
12299 4 2 20 2 123 122 3281 3780
12300 4 2 20 2 3602 3767 3378 3883
12301 4 2 20 2 3398 3848 2869 3978
12302 4 2 20 2 1532 3273 1573 3715
12303 4 2 20 2 1975 2036 1914 3462
12304 4 2 20 2 40 89 3294 3573
12305 4 2 20 2 2978 3808 3184 3936
12306 4 2 20 2 944 967 946 3653
12307 4 2 20 2 890 935 891 3804
12308 4 2 20 2 2424 3562 3196 3846
12309 4 2 20 2 1446 1447 3079 3718
12310 4 2 20 2 2937 3395 3776 3819
12311 4 2 20 2 2832 3265 3849 3985
12312 4 2 20 2 2040 2012 2022 3677
12313 4 2 20 2 1435 3303 1413 3897
12314 4 2 20 2 3373 3456 2910 4088
12315 4 2 20 2 53 92 51 4078
12316 4 2 20 2 2342 3534 2917 3689
12317 4 2 20 2 1069 1093 1071 3673
12318 4 2 20 2 1998 2041 1997 3041
12319 4 2 20 2 220 221 3545 3643
12320 4 2 20 2 515 432 470 3389
12321 4 2 20 2 2918 3554 3406 4108
12322 4 2 20 2 3231 3232 442 3789
12323 4 2 20 2 1627 1568 1634 3672
12324 4 2 20 2 282 321 280 3764
12325 4 2 20 2 802 3744 776 3975
12326 4 2 20 2 157 3468 3872 4074
12327 4 2 20 2 3006 3580 3223 3728
12328 4 2 20 2 2879 3729 3036 3779
12329 4 2 20 2 2880 2914 3311 3459
12330 4 2 20 2 1175 1143 1141 4102
12331 4 2 20 2 189 3169 233 3553
12332 4 2 20 2 2915 3514 3244 3984
12333 4 2 20 2 2946 3779 3205 3879
12334 4 2 20 2 2899 3722 2843 3895
12335 4 2 20 2 3116 3935 3617 4057
12336 4 2 20 2 3023 3194 2901 3823
12337 4 2 20 2 1874 3546 1843 3959
12338 4 2 20 2 680 3460 645 3461
12339 4 2 20 2 2978 3184 3808 3906
12340 4 2 20 2 3241 3143 3767 4105
12341 4 2 20 2 2329 2385 3716 3717
12342 4 2 20 2 3448 3585 3067 3898
12343 4 2 20 2 1061 3473 1039 4046
12344 4 2 20 2 1334 1256 1255 3391
12345 4 2 20 2 548 544 543 3871
12346 4 2 20 2 748 603 744 3748
12347 4 2 20 2 344 3206 3106 3642
12348 4 2 20 2 1909 1861 3166 3385
12349 4 2 20 2 1389 1501 1502 3442
12350 4 2 20 2 2978 3184 3906 3936
12351 4 2 20 2 3184 3351 4113 4114
12352 4 2 20 2 1526 3197 1457 3766
12353 4 2 20 2 3029 3335 3638 3924
12354 4 2 20 2 1587 1713 1486 3340
12355 4 2 20 2 1370 1433 3662 3831
12356 4 2 20 2 155 161 3574 4074
12357 4 2 20 2 2924 3314 3616 3881
12358 4 2 20 2 333 297 3192 3691
12359 4 2 20 2 3146 3755 3370 4087
12360 4 2 20 2 2383 3196 2364 3499
12361 4 2 20 2 2044 2096 3368 3928
12362 4 2 20 2 1160 1219 3578 4102
12363 4 2 20 2 3272 3865 2842 3880
12364 4 2 20 2 2175 2176 2077 3414
12365 4 2 20 2 309 220 222 3088
12366 4 2 20 2 3018 3852 3178 4112
12367 4 2 20 2 2939 2998 3388 3587
12368 4 2 20 2 856 854 3013 3338
12369 4 2 20 2 3152 3623 3504 3624
12370 4 2 20 2 1673 3851 1748 4030
12371 4 2 20 2 1973 1880 1912 3239
12372 4 2 20 2 3177 3888 3570 4023
12373 4 2 20 2 3022 3661 3770 3958
12374 4 2 20 2 2847 3767 2977 4035
12375 4 2 20 2 2863 3787 3658 4065
12376 4 2 20 2 2968 3784 3559 3858
12377 4 2 20 2 3418 3792 2911 4039
12378 4 2 20 2 1805 3340 1787 3478
12379 4 2 20 2 1996 3122 2052 3983
12380 4 2 20 2 1214 1187 3454 4050
12381 4 2 20 2 2847 3160 4031 4035
12382 4 2 20 2 500 546 547 3768
12383 4 2 20 2 415 412 370 3994
12384 4 2 20 2 2891 2983 3463 3514
12385 4 2 20 2 3341 3914 3074 4119
12386 4 2 20 2 2273 2316 2282 3512
12387 4 2 20 2 2948 3615 3470 3939
12388 4 2 20 2 2023 3057 1981 3683
12389 4 2 20 2 2270 2222 2203 2204
12390 4 2 20 2 673 671 3033 3675
12391 4 2 20 2 3228 3312 2956 3651
12392 4 2 20 2 3263 3978 3262 4085
12393 4 2 20 2 249 3160 3635 3872
12394 4 2 20 2 1783 1688 1743 4077
12395 4 2 20 2 356 3231 358 3498
12396 4 2 20 2 1401 1399 1441 3603
12397 4 2 20 2 47 3294 89 3736
12398 4 2 20 2 3241 3767 2977 4105
12399 4 2 20 2 804 835 869 3975
12400 4 2 20 2 2016 2123 2124 3728
12401 4 2 20 2 3238 4041 3380 4042
12402 4 2 20 2 2898 3468 3153 3680
12403 4 2 20 2 3251 3796 3699 4094
12404 4 2 20 2 1229 1184 3825 3991
12405 4 2 20 2 1630 3492 1654 3771
12406 4 2 20 2 1778 1860 1817 3884
12407 4 2 20 2 563 3488 3280 3989
12408 4 2 20 2 2877 3751 3404 3868
12409 4 2 20 2 2850 3088 3071 4021
12410 4 2 20 2 3211 3709 3064 3882
12411 4 2 20 2 2914 3459 2473 4061
12412 4 2 20 2 2868 3602 3767 4105
12413 4 2 20 2 3116 3293 3520 3935
12414 4 2 20 2 2993 4022 3436 4067
12415 4 2 20 2 518 2959 568 3471
12416 4 2 20 2 653 692 2972 3318
12417 4 2 20 2 728 3510 3511 3907
12418 4 2 20 2 3701 3828 3050 3911
12419 4 2 20 2 2293 3706 2317 4113
12420 4 2 20 2 2997 3144 3751 3918
12421 4 2 20 2 31 34 68 3341
12422 4 2 20 2 2896 3398 3357 4049
12423 4 2 20 2 2459 2458 3332 3846
12424 4 2 20 2 3213 3633 424 3921
12425 4 2 20 2 1609 3273 1607 3821
12426 4 2 20 2 2877 3868 3304 4017
12427 4 2 20 2 3147 3202 3042 4018
12428 4 2 20 2 2490 3477 2496 4013
12429 4 2 20 2 1415 1459 1507 3324
12430 4 2 20 2 1252 3072 1279 3859
12431 4 2 20 2 3782 3208 3962 4112
12432 4 2 20 2 925 931 885 3981
12433 4 2 20 2 3101 3317 3525 3720
12434 4 2 20 2 3196 3562 2912 3774
12435 4 2 20 2 233 3384 3169 3594
12436 4 2 20 2 1636 1610 1467 3410
12437 4 2 20 2 1303 3467 1307 4032
12438 4 2 20 2 3141 3574 3112 3784
12439 4 2 20 2 1964 2041 2060 3379
12440 4 2 20 2 65 61 64 4010
12441 4 2 20 2 2854 3621 3259 3976
12442 4 2 20 2 2875 3280 3154 3371
12443 4 2 20 2 1649 1591 3308 3646
12444 4 2 20 2 2847 3241 3767 4035
12445 4 2 20 2 1910 1845 1780 3185
12446 4 2 20 2 927 879 882 3338
12447 4 2 20 2 3060 3373 3538 3973
12448 4 2 20 2 2459 3129 2472 3562
12449 4 2 20 2 2908 3573 3294 3736
12450 4 2 20 2 1644 1667 1785 3662
12451 4 2 20 2 3177 2988 3674 4025
12452 4 2 20 2 936 938 935 3804
12453 4 2 20 2 2977 3767 3241 4035
12454 4 2 20 2 250 197 200 3336
12455 4 2 20 2 409 407 3187 3945
12456 4 2 20 2 1945 1919 1904 3943
12457 4 2 20 2 392 3088 310 3322
12458 4 2 20 2 2974 3664 3399 3969
12459 4 2 20 2 2944 3355 3532 3814
12460 4 2 20 2 1744 1669 1784 3316
12461 4 2 20 2 3050 3828 3800 3911
12462 4 2 20 2 2432 2433 2449 3941
12463 4 2 20 2 1787 1713 1712 3639
12464 4 2 20 2 3018 3688 3178 3852
12465 4 2 20 2 2896 2857 3609 4092
12466 4 2 20 2 2983 3171 2852 3826
12467 4 2 20 2 2377 878 921 3338
12468 4 2 20 2 1290 3420 3578 4102
12469 4 2 20 2 3041 3210 3755 3811
12470 4 2 20 2 2956 3651 3312 3764
12471 4 2 20 2 2835 3477 3916 4080
12472 4 2 20 2 3480 3659 2957 3762
12473 4 2 20 2 547 634 550 3768
12474 4 2 20 2 3141 3574 154 4074
12475 4 2 20 2 1538 1638 1514 3607
12476 4 2 20 2 229 3553 3384 4043
12477 4 2 20 2 1768 3547 1868 3565
12478 4 2 20 2 2953 3423 3597 3747
12479 4 2 20 2 3063 3861 3125 3880
12480 4 2 20 2 3373 3777 3456 4088
12481 4 2 20 2 922 879 927 3338
12482 4 2 20 2 1630 1629 1654 3492
12483 4 2 20 2 3168 3431 3069 3754
12484 4 2 20 2 157 197 159 3872
12485 4 2 20 2 2942 3412 3168 3780
12486 4 2 20 2 3020 3663 3355 3709
12487 4 2 20 2 1895 3405 3094 3982
12488 4 2 20 2 478 523 479 3993
12489 4 2 20 2 1723 3979 1658 3996
12490 4 2 20 2 2439 2425 2365 3561
12491 4 2 20 2 8 7 3572 3754
12492 4 2 20 2 3028 3881 3450 3929
12493 4 2 20 2 1489 1400 1461 3603
12494 4 2 20 2 2970 3103 2904 3535
12495 4 2 20 2 1680 1656 3217 3672
12496 4 2 20 2 174 133 170 3734
12497 4 2 20 2 86 125 87 3974
12498 4 2 20 2 2148 3350 2111 3947
12499 4 2 20 2 2950 3320 2858 4081
12500 4 2 20 2 127 3736 166 3749
12501 4 2 20 2 3267 3911 1314 4067
12502 4 2 20 2 1708 1727 1583 3442
12503 4 2 20 2 2172 2200 2162 3676
12504 4 2 20 2 2956 3312 3228 3764
12505 4 2 20 2 2877 3783 3356 4017
12506 4 2 20 2 3030 3713 3307 3853
12507 4 2 20 2 387 3618 470 3643
12508 4 2 20 2 2955 3578 3657 4022
12509 4 2 20 2 2947 3656 3390 3715
12510 4 2 20 2 995 978 996 3892
12511 4 2 20 2 3031 3716 3717 3860
12512 4 2 20 2 3360 3979 3047 3996
12513 4 2 20 2 861 862 893 3986
12514 4 2 20 2 2871 3627 3210 4051
12515 4 2 20 2 3086 3155 3001 3654
12516 4 2 20 2 1502 1501 3342 3442
12517 4 2 20 2 722 3348 587 3854
12518 4 2 20 2 2867 3250 3610 3964
12519 4 2 20 2 227 3086 313 4011
12520 4 2 20 2 1949 1891 1958 3616
12521 4 2 20 2 2062 2061 3697 3850
12522 4 2 20 2 274 3498 3202 3735
12523 4 2 20 2 3016 2968 3559 3858
12524 4 2 20 2 2881 3399 3781 3797
12525 4 2 20 2 372 325 328 3255
12526 4 2 20 2 3134 3783 3457 4017
12527 4 2 20 2 3326 2989 3820 3836
12528 4 2 20 2 3047 3827 3406 3875
12529 4 2 20 2 1610 1637 3410 3772
12530 4 2 20 2 2942 3168 2985 4020
12531 4 2 20 2 3180 3345 3035 3680
12532 4 2 20 2 2832 3296 3549 3985
12533 4 2 20 2 2249 2927 2239 3414
12534 4 2 20 2 3295 3616 3028 3881
12535 4 2 20 2 3382 3808 3738 3936
12536 4 2 20 2 2908 3271 3004 3749
12537 4 2 20 2 3362 3465 3187 3594
12538 4 2 20 2 3827 3875 3314 3881
12539 4 2 20 2 266 347 264 3642
12540 4 2 20 2 1895 3405 1833 3942
12541 4 2 20 2 2230 2209 2240 3970
12542 4 2 20 2 1463 1459 3433 3810
12543 4 2 20 2 3011 3200 3949 4118
12544 4 2 20 2 2968 3306 3858 4056
12545 4 2 20 2 3459 3529 3087 3916
12546 4 2 20 2 1541 1500 1542 3440
12547 4 2 20 2 1193 1195 1194 3890
12548 4 2 20 2 2148 3350 3947 4118
12549 4 2 20 2 918 923 2377 921
12550 4 2 20 2 783 815 813 3132
12551 4 2 20 2 2849 3398 2883 4049
12552 4 2 20 2 1711 1671 1645 3321
12553 4 2 20 2 3345 3896 3349 4002
12554 4 2 20 2 1848 1900 1763 3558
12555 4 2 20 2 2456 2476 2478 4066
12556 4 2 20 2 29 62 3577 3620
12557 4 2 20 2 3357 3398 2860 4041
12558 4 2 20 2 2498 2497 2495 4061
12559 4 2 20 2 3551 3552 2936 4052
12560 4 2 20 2 891 938 3311 3804
12561 4 2 20 2 126 128 212 3626
12562 4 2 20 2 3113 3875 2884 4003
12563 4 2 20 2 3047 3314 3875 3996
12564 4 2 20 2 75 70 3577 4119
12565 4 2 20 2 1877 3556 1923 4000
12566 4 2 20 2 1498 1520 1449 4026
12567 4 2 20 2 142 143 3396 3587
12568 4 2 20 2 403 450 494 3397
12569 4 2 20 2 2899 2962 3472 3689
12570 4 2 20 2 930 932 931 3804
12571 4 2 20 2 2850 3375 3418 3726
12572 4 2 20 2 1080 1106 1082 1081
12573 4 2 20 2 3359 2960 3799 4034
12574 4 2 20 2 3002 3575 3357 4041
12575 4 2 20 2 2376 3604 2305 3681
12576 4 2 20 2 295 335 332 3635
12577 4 2 20 2 3371 3479 2943 3793
12578 4 2 20 2 2933 2886 3335 3924
12579 4 2 20 2 3051 3494 3480 4094
12580 4 2 20 2 2195 2201 2213 4021
12581 4 2 20 2 3712 3761 3266 4117
12582 4 2 20 2 1056 3469 1127 3660
12583 4 2 20 2 2971 3307 3734 4089
12584 4 2 20 2 1544 1581 1580 3932
12585 4 2 20 2 204 162 163 3637
12586 4 2 20 2 2113 2068 2069 3841
12587 4 2 20 2 2369 3908 3588 4007
12588 4 2 20 2 2488 2503 3105 4061
12589 4 2 20 2 3233 3648 2961 3840
12590 4 2 20 2 2891 3325 2983 3514
12591 4 2 20 2 170 3271 217 3713
12592 4 2 20 2 3099 3714 3354 4087
12593 4 2 20 2 860 796 862 3649
12594 4 2 20 2 580 3148 578 4006
12595 4 2 20 2 470 516 515 3618
12596 4 2 20 2 3403 3571 2949 4008
12597 4 2 20 2 3084 3351 3350 3891
12598 4 2 20 2 565 513 3389 3753
12599 4 2 20 2 1217 1137 1201 3695
12600 4 2 20 2 897 3133 896 3311
12601 4 2 20 2 578 3148 580 3725
12602 4 2 20 2 3012 3221 3455 3923
12603 4 2 20 2 2365 2424 3562 4048
12604 4 2 20 2 584 3348 539 3871
12605 4 2 20 2 1738 3236 1798 3884
12606 4 2 20 2 2850 3065 3071 3088
12607 4 2 20 2 3307 3853 3734 4089
12608 4 2 20 2 2940 3651 3712 4005
12609 4 2 20 2 2467 3459 4013 4061
12610 4 2 20 2 2331 2261 2259 3676
12611 4 2 20 2 2988 3502 3636 3674
12612 4 2 20 2 702 2976 754 3167
12613 4 2 20 2 633 3259 586 3768
12614 4 2 20 2 1324 1325 1360 3410
12615 4 2 20 2 463 3372 3136 3598
12616 4 2 20 2 234 235 189 3169
12617 4 2 20 2 3003 3960 3474 3998
12618 4 2 20 2 197 159 3872 4074
12619 4 2 20 2 2882 2998 3089 3396
12620 4 2 20 2 2876 3169 2982 3465
12621 4 2 20 2 1764 1616 1709 3191
12622 4 2 20 2 245 195 194 3705
12623 4 2 20 2 2992 3230 3856 3882
12624 4 2 20 2 3255 3016 3691 3870
12625 4 2 20 2 826 3510 798 3535
12626 4 2 20 2 2834 3629 3628 3949
12627 4 2 20 2 3349 3575 2837 3848
12628 4 2 20 2 2871 2964 3085 4051
12629 4 2 20 2 2990 3265 3696 3985
12630 4 2 20 2 1598 1568 1627 3672
12631 4 2 20 2 3527 3093 3770 3818
12632 4 2 20 2 1935 1979 1978 3677
12633 4 2 20 2 3396 3491 3015 4045
12634 4 2 20 2 121 124 85 3736
12635 4 2 20 2 2896 3609 3357 4092
12636 4 2 20 2 2850 2911 3088 4021
12637 4 2 20 2 576 575 616 3698
12638 4 2 20 2 3013 3725 765 3854
12639 4 2 20 2 728 768 3510 3907
12640 4 2 20 2 3076 3757 3358 3997
12641 4 2 20 2 2891 3013 2916 3854
12642 4 2 20 2 546 545 585 4015
12643 4 2 20 2 384 431 348 3919
12644 4 2 20 2 102 59 97 3416
12645 4 2 20 2 333 296 336 3598
12646 4 2 20 2 1154 3473 3454 4046
12647 4 2 20 2 766 720 3033 3621
12648 4 2 20 2 3050 3800 3828 4079
12649 4 2 20 2 777 3139 738 3224
12650 4 2 20 2 3714 3953 3354 4087
12651 4 2 20 2 1650 1718 1722 3959
12652 4 2 20 2 3150 3295 3873 4085
12653 4 2 20 2 3008 3077 3005 3753
12654 4 2 20 2 3215 3645 2965 4071
12655 4 2 20 2 2921 3442 3181 3662
12656 4 2 20 2 443 400 442 3789
12657 4 2 20 2 545 498 4015 4068
12658 4 2 20 2 3021 3171 2905 3334
12659 4 2 20 2 3226 2988 3890 4025
12660 4 2 20 2 1737 3100 1696 4104
12661 4 2 20 2 2962 2875 3280 3501
12662 4 2 20 2 1424 1493 1406 3131
12663 4 2 20 2 1478 1499 3246 3453
12664 4 2 20 2 2857 2956 3609 3651
12665 4 2 20 2 1028 1036 3469 3660
12666 4 2 20 2 2311 3158 2264 3689
12667 4 2 20 2 3058 3543 3269 3821
12668 4 2 20 2 565 513 515 3389
12669 4 2 20 2 3142 3468 3074 3914
12670 4 2 20 2 2226 3676 2153 4016
12671 4 2 20 2 108 149 147 3587
12672 4 2 20 2 3195 3396 3015 4045
12673 4 2 20 2 3373 3538 3027 3777
12674 4 2 20 2 1457 1690 1672 3766
12675 4 2 20 2 3555 3667 3130 4029
12676 4 2 20 2 2837 3978 3263 4085
12677 4 2 20 2 2845 3586 3823 3976
12678 4 2 20 2 2918 3838 3844 4079
12679 4 2 20 2 2852 3171 3021 3826
12680 4 2 20 2 243 286 241 3559
12681 4 2 20 2 2919 3228 3768 4015
12682 4 2 20 2 1400 1441 1399 3603
12683 4 2 20 2 2871 3210 3489 3591
12684 4 2 20 2 2898 3560 3074 3680
12685 4 2 20 2 2434 2433 2395 3604
12686 4 2 20 2 3380 4041 3002 4042
12687 4 2 20 2 2964 3369 3270 4051
12688 4 2 20 2 3439 3778 3718 3801
12689 4 2 20 2 2995 3325 3186 3605
12690 4 2 20 2 898 3114 896 3133
12691 4 2 20 2 777 738 3139 3744
12692 4 2 20 2 3036 3235 3832 3937
12693 4 2 20 2 82 38 3107 3780
12694 4 2 20 2 2217 3238 2215 3380
12695 4 2 20 2 2968 3858 3016 4056
12696 4 2 20 2 460 3372 418 3447
12697 4 2 20 2 3365 3607 1780 3913
12698 4 2 20 2 736 3460 802 3763
12699 4 2 20 2 1344 3302 4102 4103
12700 4 2 20 2 2971 3416 3307 4089
12701 4 2 20 2 1924 1936 1892 4063
12702 4 2 20 2 411 413 326 3312
12703 4 2 20 2 1289 1385 1315 3420
12704 4 2 20 2 1106 1080 1121 1081
12705 4 2 20 2 408 410 3764 4068
12706 4 2 20 2 359 399 316 3498
12707 4 2 20 2 414 413 458 3666
12708 4 2 20 2 3161 3383 3381 3685
12709 4 2 20 2 133 3271 170 3734
12710 4 2 20 2 3094 3405 3245 3982
12711 4 2 20 2 1637 1577 1494 3410
12712 4 2 20 2 2262 2999 2875 3501
12713 4 2 20 2 3384 3553 3195 4043
12714 4 2 20 2 765 3013 821 3339
12715 4 2 20 2 2840 3738 3605 4076
12716 4 2 20 2 65 66 61 4010
12717 4 2 20 2 2255 2304 2256 3813
12718 4 2 20 2 3288 3184 3936 4114
12719 4 2 20 2 1696 1737 1721 3100
12720 4 2 20 2 671 3675 626 3847
12721 4 2 20 2 801 3386 868 4086
12722 4 2 20 2 3045 3255 2905 3427
12723 4 2 20 2 2833 3540 3638 4070
12724 4 2 20 2 197 3872 3336 4074
12725 4 2 20 2 863 3541 3535 4019
12726 4 2 20 2 88 90 89 3736
12727 4 2 20 2 1127 3660 3469 3897
12728 4 2 20 2 3230 3622 3696 3856
12729 4 2 20 2 934 931 932 3804
12730 4 2 20 2 540 541 3392 4015
12731 4 2 20 2 2912 3562 3196 4048
12732 4 2 20 2 1542 1518 3439 3933
12733 4 2 20 2 3194 3259 2901 3823
12734 4 2 20 2 798 769 728 3510
12735 4 2 20 2 1572 3162 1537 3466
12736 4 2 20 2 2990 3761 3712 4117
12737 4 2 20 2 3240 3890 3302 4023
12738 4 2 20 2 2122 2186 2066 3199
12739 4 2 20 2 838 806 841 3254
12740 4 2 20 2 435 392 436 3618
12741 4 2 20 2 3174 3074 3577 4119
12742 4 2 20 2 2965 3215 3611 3775
12743 4 2 20 2 236 234 238 3362
12744 4 2 20 2 3463 3513 2996 3514
12745 4 2 20 2 3578 3657 1161 3940
12746 4 2 20 2 1873 3121 1946 4099
12747 4 2 20 2 1633 1656 1634 3656
12748 4 2 20 2 3309 3587 108 4009
12749 4 2 20 2 1839 1745 3766 3877
12750 4 2 20 2 2263 3008 2242 3077
12751 4 2 20 2 2918 4079 3227 4101
12752 4 2 20 2 1384 1314 3845 3911
12753 4 2 20 2 275 274 228 3498
12754 4 2 20 2 266 3545 221 3643
12755 4 2 20 2 59 3620 27 3937
12756 4 2 20 2 2875 3274 3154 3280
12757 4 2 20 2 2889 3515 3746 3956
12758 4 2 20 2 236 238 240 3362
12759 4 2 20 2 451 406 364 4068
12760 4 2 20 2 184 146 186 3553
12761 4 2 20 2 343 3371 300 3920
12762 4 2 20 2 3173 3723 3421 3836
12763 4 2 20 2 3203 3364 3857 3866
12764 4 2 20 2 1361 1443 3193 3838
12765 4 2 20 2 3261 3306 2969 3563
12766 4 2 20 2 1160 3578 1141 4102
12767 4 2 20 2 3025 3746 3515 3956
12768 4 2 20 2 494 539 538 3397
12769 4 2 20 2 2847 3160 2940 4031
12770 4 2 20 2 1846 3365 3913 4040
12771 4 2 20 2 2228 2173 3317 4097
12772 4 2 20 2 3186 3605 3325 3984
12773 4 2 20 2 1598 1595 1597 3475
12774 4 2 20 2 3009 3626 3225 3974
12775 4 2 20 2 2840 3382 3738 4076
12776 4 2 20 2 1594 1595 1627 3672
12777 4 2 20 2 2988 4023 3890 4025
12778 4 2 20 2 920 954 956 3376
12779 4 2 20 2 2048 2005 2035 3505
12780 4 2 20 2 2869 3232 3073 3895
12781 4 2 20 2 2844 3678 3150 3873
12782 4 2 20 2 766 3257 792 3621
12783 4 2 20 2 2275 3183 2206 3790
12784 4 2 20 2 2915 3320 2950 4081
12785 4 2 20 2 3879 3968 3049 4075
12786 4 2 20 2 24 19 17 3572
12787 4 2 20 2 3239 3584 2954 3942
12788 4 2 20 2 445 400 443 3789
12789 4 2 20 2 2983 3045 2894 3802
12790 4 2 20 2 258 3637 3606 3990
12791 4 2 20 2 407 405 3187 3945
12792 4 2 20 2 3392 3675 583 4015
12793 4 2 20 2 1194 3302 3890 4103
12794 4 2 20 2 2849 3848 3349 4062
12795 4 2 20 2 538 628 623 3348
12796 4 2 20 2 2977 2935 3372 3598
12797 4 2 20 2 1922 1950 1923 3484
12798 4 2 20 2 813 780 781 3132
12799 4 2 20 2 1089 1137 3434 4046
12800 4 2 20 2 2083 3671 2063 4118
12801 4 2 20 2 2905 3334 3171 3427
12802 4 2 20 2 876 3164 850 3721
12803 4 2 20 2 2899 3219 3472 3862
12804 4 2 20 2 1744 3316 1836 4077
12805 4 2 20 2 2927 3085 2871 4100
12806 4 2 20 2 1679 1700 1654 3959
12807 4 2 20 2 429 349 432 3206
12808 4 2 20 2 2413 3291 2913 3588
12809 4 2 20 2 1938 3913 3405 3982
12810 4 2 20 2 2424 2399 3196 3906
12811 4 2 20 2 306 3445 305 3862
12812 4 2 20 2 2250 2209 2239 2927
12813 4 2 20 2 3244 3513 3463 3514
12814 4 2 20 2 1028 1037 1036 3660
12815 4 2 20 2 164 123 122 3281
12816 4 2 20 2 2008 1976 2038 3494
12817 4 2 20 2 1864 3415 1928 4077
12818 4 2 20 2 2312 2973 2972 3394
12819 4 2 20 2 3067 3448 3408 3585
12820 4 2 20 2 308 268 267 3862
12821 4 2 20 2 2269 2323 2315 3539
12822 4 2 20 2 1533 1513 1575 3470
12823 4 2 20 2 866 830 833 3649
12824 4 2 20 2 2200 2261 2208 3676
12825 4 2 20 2 1067 1098 1165 3527
12826 4 2 20 2 1073 1095 3710 3770
12827 4 2 20 2 3004 3479 3371 3793
12828 4 2 20 2 132 172 171 3329
12829 4 2 20 2 308 350 351 3862
12830 4 2 20 2 1864 1928 1881 4077
12831 4 2 20 2 404 451 364 4110
12832 4 2 20 2 2195 2181 3172 4021
12833 4 2 20 2 318 316 360 3498
12834 4 2 20 2 3296 3961 3078 4092
12835 4 2 20 2 902 3114 3387 4107
12836 4 2 20 2 3014 2278 3234 3686
12837 4 2 20 2 1301 3410 1360 3909
12838 4 2 20 2 1920 1968 1946 3121
12839 4 2 20 2 615 664 614 3443
12840 4 2 20 2 1779 3314 3979 3996
12841 4 2 20 2 2101 2038 2073 3494
12842 4 2 20 2 3083 3719 3359 3918
12843 4 2 20 2 1254 1301 1306 3072
12844 4 2 20 2 1799 3778 3405 3913
12845 4 2 20 2 3040 3926 3144 4109
12846 4 2 20 2 2327 2350 3485 4113
12847 4 2 20 2 2869 3044 3352 3398
12848 4 2 20 2 2099 2100 3647 3982
12849 4 2 20 2 2838 3953 3714 4087
12850 4 2 20 2 3288 3610 3964 4114
12851 4 2 20 2 3197 3522 4025 4088
12852 4 2 20 2 1533 1512 1513 3476
12853 4 2 20 2 1542 1522 1580 3933
12854 4 2 20 2 2435 2419 2437 3604
12855 4 2 20 2 2899 3472 2959 3689
12856 4 2 20 2 2430 2380 2444 2891
12857 4 2 20 2 3242 3965 3143 4105
12858 4 2 20 2 546 3768 3228 4015
12859 4 2 20 2 2832 3622 3230 3882
12860 4 2 20 2 3027 3538 3707 4084
12861 4 2 20 2 1874 1888 1947 3100
12862 4 2 20 2 2877 3356 3868 4017
12863 4 2 20 2 351 3219 3073 3862
12864 4 2 20 2 1097 1074 1100 3216
12865 4 2 20 2 1033 1094 1096 3469
12866 4 2 20 2 1246 3181 1391 3831
12867 4 2 20 2 3057 3418 3375 3726
12868 4 2 20 2 3435 3746 3025 3956
12869 4 2 20 2 2946 3235 3036 3567
12870 4 2 20 2 3266 3712 2847 3761
12871 4 2 20 2 3326 3771 1602 3810
12872 4 2 20 2 2839 3483 3233 3648
12873 4 2 20 2 3259 3768 3194 3907
12874 4 2 20 2 3690 3759 3204 4075
12875 4 2 20 2 1820 1840 3645 4071
12876 4 2 20 2 712 3694 3257 3847
12877 4 2 20 2 3098 3446 3806 3962
12878 4 2 20 2 2927 3061 3085 4100
12879 4 2 20 2 364 4068 3764 4111
12880 4 2 20 2 3485 3619 2995 3813
12881 4 2 20 2 2427 3291 2413 3588
12882 4 2 20 2 2858 2950 3103 3320
12883 4 2 20 2 1914 3877 3462 3972
12884 4 2 20 2 463 3249 557 4069
12885 4 2 20 2 320 3187 405 3922
12886 4 2 20 2 3086 227 3384 4045
12887 4 2 20 2 57 3794 96 4078
12888 4 2 20 2 2295 2225 2284 3351
12889 4 2 20 2 3208 3806 3446 3962
12890 4 2 20 2 142 3587 3089 4009
12891 4 2 20 2 260 3270 167 3769
12892 4 2 20 2 899 943 942 3133
12893 4 2 20 2 3450 3875 3113 3881
12894 4 2 20 2 638 677 729 3463
12895 4 2 20 2 778 741 804 3763
12896 4 2 20 2 1540 1640 1515 3778
12897 4 2 20 2 427 3920 337 3990
12898 4 2 20 2 2869 3044 2860 3534
12899 4 2 20 2 1719 1697 1753 3290
12900 4 2 20 2 1073 3216 1097 3770
12901 4 2 20 2 2456 3332 2458 3739
12902 4 2 20 2 907 840 903 3424
12903 4 2 20 2 2440 2453 2411 3561
12904 4 2 20 2 1407 1338 1366 3701
12905 4 2 20 2 143 142 105 3587
12906 4 2 20 2 558 3213 508 3995
12907 4 2 20 2 50 3524 3235 3832
12908 4 2 20 2 3009 3270 3369 4051
12909 4 2 20 2 3227 4079 3050 4101
12910 4 2 20 2 3076 3358 3785 3997
12911 4 2 20 2 2455 3520 3276 3941
12912 4 2 20 2 649 689 3686 3954
12913 4 2 20 2 2025 1983 1982 3484
12914 4 2 20 2 319 363 361 3922
12915 4 2 20 2 2221 3200 2271 3706
12916 4 2 20 2 495 493 537 3392
12917 4 2 20 2 796 860 824 3649
12918 4 2 20 2 1863 3405 1862 3913
12919 4 2 20 2 3329 3794 3075 4078
12920 4 2 20 2 891 935 938 3804
12921 4 2 20 2 2359 2327 3739 3906
12922 4 2 20 2 2404 3327 2428 3908
12923 4 2 20 2 3197 3775 3522 4088
12924 4 2 20 2 2883 3030 3307 3853
12925 4 2 20 2 1211 1247 1226 3226
12926 4 2 20 2 255 3633 3270 3769
12927 4 2 20 2 3235 3937 3734 4072
12928 4 2 20 2 206 258 205 3637
12929 4 2 20 2 3622 3856 3230 3882
12930 4 2 20 2 296 3336 253 3635
12931 4 2 20 2 3009 3626 3270 3769
12932 4 2 20 2 477 480 437 3219
12933 4 2 20 2 2453 3293 2411 3561
12934 4 2 20 2 1931 3645 2007 3980
12935 4 2 20 2 220 309 307 3643
12936 4 2 20 2 3016 3858 3306 4056
12937 4 2 20 2 3355 3709 3078 3934
12938 4 2 20 2 1218 3436 3277 3657
12939 4 2 20 2 1876 1891 1859 3616
12940 4 2 20 2 2942 3573 3168 4020
12941 4 2 20 2 2844 3509 3125 3861
12942 4 2 20 2 571 659 611 3503
12943 4 2 20 2 828 864 3311 3541
12944 4 2 20 2 3106 3486 345 3921
12945 4 2 20 2 3150 3873 3678 4085
12946 4 2 20 2 611 3471 571 3503
12947 4 2 20 2 937 929 884 3987
12948 4 2 20 2 2842 2943 3369 4095
12949 4 2 20 2 229 187 3553 4043
12950 4 2 20 2 1644 1433 3442 3662
12951 4 2 20 2 3828 3838 3193 4079
12952 4 2 20 2 2348 2346 3156 3889
12953 4 2 20 2 1328 1362 1302 3765
12954 4 2 20 2 491 3247 3043 3791
12955 4 2 20 2 1310 1331 3701 3911
12956 4 2 20 2 2863 3570 3787 3798
12957 4 2 20 2 2921 3558 3442 3662
12958 4 2 20 2 2924 3616 3295 3881
12959 4 2 20 2 2199 2187 2225 3351
12960 4 2 20 2 559 594 646 3995
12961 4 2 20 2 3258 3411 2859 3724
12962 4 2 20 2 1780 1845 1818 3185
12963 4 2 20 2 494 539 3397 3945
12964 4 2 20 2 3265 3622 2991 3696
12965 4 2 20 2 3498 3789 360 4111
12966 4 2 20 2 1571 1574 1572 3273
12967 4 2 20 2 3205 3411 2987 3879
12968 4 2 20 2 673 3033 671 3847
12969 4 2 20 2 2046 1984 2015 4063
12970 4 2 20 2 3347 3737 2848 3910
12971 4 2 20 2 678 3249 642 3320
12972 4 2 20 2 2983 3630 3427 4038
12973 4 2 20 2 2844 3377 3509 3861
12974 4 2 20 2 2877 3842 3876 4109
12975 4 2 20 2 2967 3628 3218 3951
12976 4 2 20 2 3617 3781 3096 3917
12977 4 2 20 2 815 784 2343 3132
12978 4 2 20 2 2170 2186 2235 3199
12979 4 2 20 2 3259 3621 2904 3976
12980 4 2 20 2 463 461 555 3249
12981 4 2 20 2 320 3362 3187 3594
12982 4 2 20 2 42 3431 43 3974
12983 4 2 20 2 2473 2880 2441 3459
12984 4 2 20 2 2022 2078 2040 3677
12985 4 2 20 2 3187 3465 3362 3741
12986 4 2 20 2 2950 3386 3103 3692
12987 4 2 20 2 1884 1885 1807 3547
12988 4 2 20 2 3359 3786 3083 3918
12989 4 2 20 2 700 698 2976 3167
12990 4 2 20 2 443 442 3232 3789
12991 4 2 20 2 1973 1990 2035 3505
12992 4 2 20 2 1491 1419 1441 3390
12993 4 2 20 2 2858 2950 2914 3114
12994 4 2 20 2 2043 3172 2104 3683
12995 4 2 20 2 3056 3849 3265 3985
12996 4 2 20 2 1625 1677 1592 3104
12997 4 2 20 2 1290 3420 1289 3578
12998 4 2 20 2 2855 3984 3514 4081
12999 4 2 20 2 1015 1032 1021 3135
13000 4 2 20 2 482 2973 3322 3443
13001 4 2 20 2 2877 3876 3457 4017
13002 4 2 20 2 1782 3405 1799 3778
13003 4 2 20 2 3562 2912 3774 3992
13004 4 2 20 2 3806 3962 3208 4112
13005 4 2 20 2 1699 1680 3217 3260
13006 4 2 20 2 3342 3585 3067 3669
13007 4 2 20 2 2989 3326 3820 3950
13008 4 2 20 2 3098 3841 3253 3972
13009 4 2 20 2 2995 3619 3156 3813
13010 4 2 20 2 1361 3193 1299 3828
13011 4 2 20 2 3569 3951 2930 4029
13012 4 2 20 2 1522 1542 1500 3440
13013 4 2 20 2 2998 3396 3195 4044
13014 4 2 20 2 3573 3780 3168 4020
13015 4 2 20 2 3047 3979 3314 3996
13016 4 2 20 2 3458 3786 3359 3918
13017 4 2 20 2 2842 3413 3369 4051
13018 4 2 20 2 472 518 3472 3488
13019 4 2 20 2 752 754 2976 3167
13020 4 2 20 2 1468 1378 1443 3838
13021 4 2 20 2 1186 3209 1249 3825
13022 4 2 20 2 2883 3307 3231 3853
13023 4 2 20 2 3110 3292 3903 4083
13024 4 2 20 2 3436 3608 2975 4082
13025 4 2 20 2 1909 3385 3166 4000
13026 4 2 20 2 1077 1072 1049 3818
13027 4 2 20 2 104 3735 3620 4089
13028 4 2 20 2 3074 3180 3631 3680
13029 4 2 20 2 3228 3312 410 3764
13030 4 2 20 2 135 3329 134 3794
13031 4 2 20 2 2985 3168 2942 3412
13032 4 2 20 2 1717 1735 3565 3927
13033 4 2 20 2 1073 1071 3216 3673
13034 4 2 20 2 1179 3536 1195 3890
13035 4 2 20 2 2849 3042 4018 4049
13036 4 2 20 2 1566 3656 3390 3957
13037 4 2 20 2 3227 3554 3054 3839
13038 4 2 20 2 884 929 3338 3987
13039 4 2 20 2 3093 3599 3568 3661
13040 4 2 20 2 315 361 398 3590
13041 4 2 20 2 3153 3160 2940 3705
13042 4 2 20 2 3326 3492 1631 3771
13043 4 2 20 2 66 108 105 4009
13044 4 2 20 2 3235 3524 2946 3832
13045 4 2 20 2 1974 3841 2017 3963
13046 4 2 20 2 1397 1229 1351 3991
13047 4 2 20 2 3071 3088 2911 4021
13048 4 2 20 2 1038 1158 1111 3473
13049 4 2 20 2 2863 3330 3570 3888
13050 4 2 20 2 3033 3127 3092 3966
13051 4 2 20 2 191 192 239 3784
13052 4 2 20 2 549 551 588 4038
13053 4 2 20 2 1820 3215 3645 3893
13054 4 2 20 2 2950 3103 3320 3692
13055 4 2 20 2 640 731 642 3511
13056 4 2 20 2 20 3937 27 4098
13057 4 2 20 2 1565 1604 1605 3979
13058 4 2 20 2 2871 3413 3210 3591
13059 4 2 20 2 789 760 786 3694
13060 4 2 20 2 2101 2076 2038 3494
13061 4 2 20 2 905 908 945 3733
13062 4 2 20 2 958 983 3333 3376
13063 4 2 20 2 2207 2258 2257 3717
13064 4 2 20 2 1211 3226 1170 3599
13065 4 2 20 2 2874 3051 3699 3796
13066 4 2 20 2 2471 2460 3293 4073
13067 4 2 20 2 453 3334 3171 3871
13068 4 2 20 2 2981 3308 3596 3874
13069 4 2 20 2 3023 3602 2895 3684
13070 4 2 20 2 268 3853 267 3862
13071 4 2 20 2 3075 3537 3034 3572
13072 4 2 20 2 3015 3396 3089 3794
13073 4 2 20 2 2448 3105 2475 3332
13074 4 2 20 2 606 569 608 3318
13075 4 2 20 2 2473 2880 2914 3190
13076 4 2 20 2 3687 3688 3178 3727
13077 4 2 20 2 41 47 10 3524
13078 4 2 20 2 1080 1121 1081 1102
13079 4 2 20 2 3021 3187 2866 3397
13080 4 2 20 2 861 2916 858 3854
13081 4 2 20 2 2930 3408 3667 4029
13082 4 2 20 2 518 473 2959 3471
13083 4 2 20 2 2983 3826 3463 4038
13084 4 2 20 2 1698 3260 3377 3902
13085 4 2 20 2 3366 3730 2856 3953
13086 4 2 20 2 275 316 274 3498
13087 4 2 20 2 511 507 593 3214
13088 4 2 20 2 1847 1878 3667 3671
13089 4 2 20 2 491 488 534 3043
13090 4 2 20 2 2167 2202 3221 4014
13091 4 2 20 2 522 523 478 3471
13092 4 2 20 2 266 264 3545 3642
13093 4 2 20 2 2952 2972 3318 3389
13094 4 2 20 2 3120 3787 3632 3798
13095 4 2 20 2 789 791 790 3257
13096 4 2 20 2 274 231 3202 3498
13097 4 2 20 2 3414 4004 3865 4100
13098 4 2 20 2 3 38 37 3168
13099 4 2 20 2 1331 1302 1366 3701
13100 4 2 20 2 1946 1873 1920 3121
13101 4 2 20 2 597 563 562 3989
13102 4 2 20 2 3344 3786 3083 4008
13103 4 2 20 2 2975 3487 3436 4082
13104 4 2 20 2 3414 3591 2091 3983
13105 4 2 20 2 401 3590 3922 4006
13106 4 2 20 2 890 891 892 3541
13107 4 2 20 2 3098 3415 3962 3963
13108 4 2 20 2 3462 3720 3525 3972
13109 4 2 20 2 3317 3717 3031 4097
13110 4 2 20 2 2895 3712 3651 4001
13111 4 2 20 2 2023 1981 1947 3683
13112 4 2 20 2 2933 4083 3444 4115
13113 4 2 20 2 3281 3369 2943 4095
13114 4 2 20 2 52 94 97 3937
13115 4 2 20 2 3384 3590 313 3654
13116 4 2 20 2 3194 3447 3066 3511
13117 4 2 20 2 3568 3661 3229 3958
13118 4 2 20 2 2967 3569 3448 3951
13119 4 2 20 2 2911 3088 3409 4055
13120 4 2 20 2 3311 3804 936 4058
13121 4 2 20 2 3184 4113 3936 4114
13122 4 2 20 2 2327 3906 2296 4113
13123 4 2 20 2 2175 2077 2116 3414
13124 4 2 20 2 2939 3388 3309 3587
13125 4 2 20 2 3086 3195 3409 4045
13126 4 2 20 2 3205 3779 3729 3869
13127 4 2 20 2 1385 1453 1410 3845
13128 4 2 20 2 3180 3577 3074 3631
13129 4 2 20 2 74 3914 3341 4119
13130 4 2 20 2 3180 3577 106 3620
13131 4 2 20 2 1738 1797 3236 3959
13132 4 2 20 2 2008 3494 2038 3812
13133 4 2 20 2 3001 3397 3187 3922
13134 4 2 20 2 721 587 675 3854
13135 4 2 20 2 1550 1589 1590 3596
13136 4 2 20 2 1384 1409 1340 3911
13137 4 2 20 2 325 3255 372 3994
13138 4 2 20 2 2871 3210 3413 4051
13139 4 2 20 2 1145 1115 1116 1161
13140 4 2 20 2 209 3270 208 3606
13141 4 2 20 2 326 3312 413 3666
13142 4 2 20 2 3398 3655 3232 4049
13143 4 2 20 2 2206 3183 2152 3790
13144 4 2 20 2 2488 2497 2503 4061
13145 4 2 20 2 3052 3939 3910 3977
13146 4 2 20 2 2877 3304 3876 4017
13147 4 2 20 2 2982 3187 3465 3594
13148 4 2 20 2 3536 3887 3226 3890
13149 4 2 20 2 2439 3561 2365 3562
13150 4 2 20 2 1316 3695 1217 3786
13151 4 2 20 2 1224 3831 1320 3897
13152 4 2 20 2 941 898 899 3986
13153 4 2 20 2 3806 3852 4112 4115
13154 4 2 20 2 2424 3196 2399 3846
13155 4 2 20 2 1380 1470 1404 3624
13156 4 2 20 2 1498 3669 1520 4026
13157 4 2 20 2 138 101 3089 3794
13158 4 2 20 2 1780 3185 1755 3607
13159 4 2 20 2 1968 1980 1946 3368
13160 4 2 20 2 3256 3762 2288 4106
13161 4 2 20 2 3413 4004 3414 4100
13162 4 2 20 2 2489 2475 2482 3105
13163 4 2 20 2 2894 3514 3325 3984
13164 4 2 20 2 1759 1760 1801 3932
13165 4 2 20 2 781 743 745 3417
13166 4 2 20 2 684 3139 735 3461
13167 4 2 20 2 129 3271 133 4072
13168 4 2 20 2 896 864 895 3311
13169 4 2 20 2 264 347 304 3642
13170 4 2 20 2 2402 2916 3133 3837
13171 4 2 20 2 501 457 504 4038
13172 4 2 20 2 2416 2448 3332 3760
13173 4 2 20 2 3830 4080 3275 4081
13174 4 2 20 2 737 736 683 3460
13175 4 2 20 2 1362 3701 1302 3765
13176 4 2 20 2 1155 1187 1173 3454
13177 4 2 20 2 3063 3793 3248 3880
13178 4 2 20 2 1253 1303 1279 3859
13179 4 2 20 2 3378 2847 3712 3761
13180 4 2 20 2 2940 3147 3651 4005
13181 4 2 20 2 2191 3480 2192 3762
13182 4 2 20 2 2875 2962 3248 3501
13183 4 2 20 2 3331 3145 3801 3967
13184 4 2 20 2 3149 3822 3628 3949
13185 4 2 20 2 3101 3525 3462 3720
13186 4 2 20 2 3018 3727 3782 4112
13187 4 2 20 2 232 190 148 3202
13188 4 2 20 2 1911 1899 1940 3048
13189 4 2 20 2 3450 3929 3575 4041
13190 4 2 20 2 3204 3690 2841 3759
13191 4 2 20 2 2192 3762 3480 4106
13192 4 2 20 2 819 791 3257 3544
13193 4 2 20 2 3002 3450 3575 4041
13194 4 2 20 2 1451 1452 1411 3453
13195 4 2 20 2 1444 1467 1534 3410
13196 4 2 20 2 681 735 680 3461
13197 4 2 20 2 158 160 196 3872
13198 4 2 20 2 328 334 372 3255
13199 4 2 20 2 1028 1024 1027 3469
13200 4 2 20 2 3387 3649 2996 3986
13201 4 2 20 2 1377 1328 1359 3603
13202 4 2 20 2 3171 3427 3334 3994
13203 4 2 20 2 648 3460 683 3530
13204 4 2 20 2 622 582 3791 3966
13205 4 2 20 2 1721 1736 1718 1750
13206 4 2 20 2 1714 3215 1548 4071
13207 4 2 20 2 2069 3841 2068 3972
13208 4 2 20 2 3496 3704 3285 3829
13209 4 2 20 2 1843 1908 1858 3959
13210 4 2 20 2 403 405 450 3922
13211 4 2 20 2 400 3498 3231 3789
13212 4 2 20 2 2386 2365 2425 3561
13213 4 2 20 2 3485 2978 3936 4076
13214 4 2 20 2 617 665 620 3310
13215 4 2 20 2 463 3136 3249 4069
13216 4 2 20 2 163 3479 3281 3637
13217 4 2 20 2 2898 3055 3500 4031
13218 4 2 20 2 3017 3334 3187 3741
13219 4 2 20 2 2991 3696 3622 3856
13220 4 2 20 2 242 245 194 3490
13221 4 2 20 2 648 3214 3461 3530
13222 4 2 20 2 2154 2174 2071 3659
13223 4 2 20 2 2987 3273 3411 3737
13224 4 2 20 2 701 698 3167 3428
13225 4 2 20 2 3064 3882 3788 3925
13226 4 2 20 2 1704 1705 1755 3607
13227 4 2 20 2 134 3329 132 4078
13228 4 2 20 2 2843 2917 2869 3534
13229 4 2 20 2 3151 4001 3296 4092
13230 4 2 20 2 1194 3890 1195 4103
13231 4 2 20 2 2500 2501 2498 4066
13232 4 2 20 2 369 415 370 3994
13233 4 2 20 2 1973 1898 1880 3239
13234 4 2 20 2 3038 3310 3127 3526
13235 4 2 20 2 3168 3573 2942 3780
13236 4 2 20 2 110 3180 150 4028
13237 4 2 20 2 3196 3774 2978 3846
13238 4 2 20 2 3456 3777 3076 4088
13239 4 2 20 2 940 3133 897 3311
13240 4 2 20 2 3005 3753 3234 3954
13241 4 2 20 2 1187 1154 1214 3454
13242 4 2 20 2 2282 2270 2203 3668
13243 4 2 20 2 1773 3260 1698 3290
13244 4 2 20 2 1536 1575 1513 3470
13245 4 2 20 2 182 228 274 3735
13246 4 2 20 2 493 492 3392 4110
13247 4 2 20 2 573 525 615 3443
13248 4 2 20 2 772 642 731 3320
13249 4 2 20 2 2267 2897 2302 3523
13250 4 2 20 2 1938 1862 3405 3913
13251 4 2 20 2 566 2959 518 3488
13252 4 2 20 2 2836 3595 3400 3761
13253 4 2 20 2 1530 1533 1606 3543
13254 4 2 20 2 1380 1406 1470 3816
13255 4 2 20 2 2837 3929 3263 3978
13256 4 2 20 2 1831 1830 1796 3290
13257 4 2 20 2 1264 1223 1348 3536
13258 4 2 20 2 2442 2443 2462 3291
13259 4 2 20 2 110 3631 3180 4028
13260 4 2 20 2 1128 1106 1121 1081
13261 4 2 20 2 2038 3494 2076 3812
13262 4 2 20 2 2837 3848 3575 3978
13263 4 2 20 2 2188 2049 2151 3700
13264 4 2 20 2 3201 3671 3011 4118
13265 4 2 20 2 2146 3889 3012 3923
13266 4 2 20 2 2270 3564 3668 3886
13267 4 2 20 2 2925 3778 3439 3801
13268 4 2 20 2 147 186 146 3553
13269 4 2 20 2 211 125 126 3626
13270 4 2 20 2 2854 2872 3127 3588
13271 4 2 20 2 292 293 3160 3795
13272 4 2 20 2 3505 3942 3094 4054
13273 4 2 20 2 2344 3339 3090 3952
13274 4 2 20 2 443 442 485 3232
13275 4 2 20 2 433 3471 3219 3472
13276 4 2 20 2 3192 3691 3336 3948
13277 4 2 20 2 2970 3320 3103 3510
13278 4 2 20 2 2901 3602 3023 3684
13279 4 2 20 2 680 645 646 3461
13280 4 2 20 2 530 3044 533 3352
13281 4 2 20 2 1625 3475 1680 3902
13282 4 2 20 2 1249 1186 1210 3209
13283 4 2 20 2 2843 3722 3262 3895
13284 4 2 20 2 1653 3820 1628 4104
13285 4 2 20 2 1947 3100 1888 3683
13286 4 2 20 2 287 245 242 3490
13287 4 2 20 2 1415 1507 1414 3324
13288 4 2 20 2 2992 3230 3679 3856
13289 4 2 20 2 1038 3473 1060 4116
13290 4 2 20 2 2862 3370 3755 3811
13291 4 2 20 2 3830 3984 2855 4081
13292 4 2 20 2 1195 3890 1196 4103
13293 4 2 20 2 2277 2927 2249 2999
13294 4 2 20 2 3579 3903 3110 3912
13295 4 2 20 2 1511 1421 1512 3476
13296 4 2 20 2 714 715 670 3847
13297 4 2 20 2 2271 3200 2256 3813
13298 4 2 20 2 885 883 925 3981
13299 4 2 20 2 1483 1456 1393 3502
13300 4 2 20 2 559 646 3461 3995
13301 4 2 20 2 1697 1754 1777 3290
13302 4 2 20 2 2117 2140 3272 3865
13303 4 2 20 2 3114 3386 2950 3387
13304 4 2 20 2 896 3311 3114 4107
13305 4 2 20 2 2228 3317 2229 4097
13306 4 2 20 2 634 586 3259 3768
13307 4 2 20 2 2858 2914 3103 3114
13308 4 2 20 2 2842 3369 3252 4095
13309 4 2 20 2 2961 3648 3220 3904
13310 4 2 20 2 3186 3605 3738 4076
13311 4 2 20 2 215 264 304 3642
13312 4 2 20 2 2339 2365 3256 4048
13313 4 2 20 2 1183 1169 1128 3226
13314 4 2 20 2 1755 3185 1818 3996
13315 4 2 20 2 2020 2007 2074 3980
13316 4 2 20 2 1034 1050 1047 3673
13317 4 2 20 2 518 655 605 2959
13318 4 2 20 2 2984 3257 2854 4064
13319 4 2 20 2 839 912 844 3653
13320 4 2 20 2 785 2976 850 3167
13321 4 2 20 2 2470 3276 2484 3477
13322 4 2 20 2 610 612 696 3394
13323 4 2 20 2 1846 3913 1938 4040
13324 4 2 20 2 2117 2142 2163 3865
13325 4 2 20 2 1859 1891 1816 3616
13326 4 2 20 2 2035 2085 2048 3505
13327 4 2 20 2 2958 3509 3377 3861
13328 4 2 20 2 2854 3586 2872 3908
13329 4 2 20 2 2460 2438 2452 3520
13330 4 2 20 2 582 669 624 3675
13331 4 2 20 2 1637 1703 1756 3772
13332 4 2 20 2 507 424 558 3995
13333 4 2 20 2 1986 2061 2047 3697
13334 4 2 20 2 1831 1816 1890 3616
13335 4 2 20 2 1776 1874 1843 3959
13336 4 2 20 2 585 632 3768 4015
13337 4 2 20 2 283 279 236 3362
13338 4 2 20 2 944 968 967 3733
13339 4 2 20 2 1821 1883 1903 3282
13340 4 2 20 2 1145 1161 1116 3940
13341 4 2 20 2 1145 3578 1161 3940
13342 4 2 20 2 2136 3253 2126 3972
13343 4 2 20 2 1361 1443 1378 3193
13344 4 2 20 2 2908 3004 3479 3749
13345 4 2 20 2 509 469 426 3920
13346 4 2 20 2 580 3148 538 3725
13347 4 2 20 2 310 269 271 4011
13348 4 2 20 2 2402 2916 3109 3133
13349 4 2 20 2 2990 3712 3378 4001
13350 4 2 20 2 2950 3320 3386 3692
13351 4 2 20 2 3037 3254 3139 3744
13352 4 2 20 2 435 436 476 3618
13353 4 2 20 2 3061 3214 3274 3989
13354 4 2 20 2 826 3535 863 3541
13355 4 2 20 2 1529 1509 1490 3950
13356 4 2 20 2 2844 3861 3125 4033
13357 4 2 20 2 3094 3505 3782 3942
13358 4 2 20 2 3312 3651 3147 3764
13359 4 2 20 2 3335 4070 3110 4083
13360 4 2 20 2 2858 3103 2970 3320
13361 4 2 20 2 3516 3807 2997 3999
13362 4 2 20 2 473 518 2959 3472
13363 4 2 20 2 1776 1843 1775 3959
13364 4 2 20 2 716 712 709 3257
13365 4 2 20 2 2483 2470 2490 4013
13366 4 2 20 2 3056 3296 3985 4001
13367 4 2 20 2 96 3425 99 3794
13368 4 2 20 2 2120 2099 2100 3647
13369 4 2 20 2 2968 3016 3559 4056
13370 4 2 20 2 3302 3578 3420 4102
13371 4 2 20 2 425 379 342 3921
13372 4 2 20 2 2465 2448 2855 3105
13373 4 2 20 2 1033 1035 1026 3469
13374 4 2 20 2 352 392 3618 3643
13375 4 2 20 2 1315 1283 1241 4067
13376 4 2 20 2 994 991 977 3905
13377 4 2 20 2 670 626 624 3675
13378 4 2 20 2 1755 1659 1704 3360
13379 4 2 20 2 876 919 920 3164
13380 4 2 20 2 1644 3442 1667 3662
13381 4 2 20 2 142 3396 3089 3587
13382 4 2 20 2 3110 3435 3664 4070
13383 4 2 20 2 1586 1435 1616 3639
13384 4 2 20 2 1562 3299 3543 3821
13385 4 2 20 2 2092 3272 2053 3677
13386 4 2 20 2 2915 3514 3984 4081
13387 4 2 20 2 1541 1474 1475 3718
13388 4 2 20 2 887 886 888 4019
13389 4 2 20 2 2999 3280 3488 3989
13390 4 2 20 2 343 303 3371 3919
13391 4 2 20 2 2870 2342 2900 3038
13392 4 2 20 2 643 677 3244 3513
13393 4 2 20 2 1862 1938 3405 3982
13394 4 2 20 2 350 391 351 3219
13395 4 2 20 2 1477 1449 1520 4026
13396 4 2 20 2 411 326 367 3312
13397 4 2 20 2 3651 3712 3151 4001
13398 4 2 20 2 796 3649 824 3854
13399 4 2 20 2 3738 3808 2978 3936
13400 4 2 20 2 1680 3672 3260 3902
13401 4 2 20 2 2883 3232 3231 3789
13402 4 2 20 2 3065 3329 3010 3545
13403 4 2 20 2 554 641 640 3511
13404 4 2 20 2 457 456 412 3994
13405 4 2 20 2 69 75 73 4119
13406 4 2 20 2 1253 1254 1280 3467
13407 4 2 20 2 2369 2403 3588 3908
13408 4 2 20 2 2957 3699 3515 3912
13409 4 2 20 2 2340 2334 2320 3256
13410 4 2 20 2 23 25 28 3438
13411 4 2 20 2 3020 3539 3179 4060
13412 4 2 20 2 2456 2458 3332 4066
13413 4 2 20 2 2957 3480 3762 4106
13414 4 2 20 2 2972 3008 601 3389
13415 4 2 20 2 1417 1294 1378 3193
13416 4 2 20 2 2165 3380 3263 3930
13417 4 2 20 2 3457 3783 2877 4017
13418 4 2 20 2 1195 3536 1196 3890
13419 4 2 20 2 2278 2263 2240 3970
13420 4 2 20 2 3767 3883 2868 4105
13421 4 2 20 2 1537 1572 1536 3162
13422 4 2 20 2 364 4110 4068 4111
13423 4 2 20 2 3067 3585 3342 3898
13424 4 2 20 2 570 572 523 3471
13425 4 2 20 2 306 308 267 3862
13426 4 2 20 2 1815 1772 1814 3290
13427 4 2 20 2 1476 1428 1477 4026
13428 4 2 20 2 1560 3299 1562 3821
13429 4 2 20 2 539 3348 538 3397
13430 4 2 20 2 2267 2252 2897 3523
13431 4 2 20 2 2855 2891 3514 3760
13432 4 2 20 2 298 3691 333 3870
13433 4 2 20 2 2495 2480 4013 4061
13434 4 2 20 2 668 666 3127 3310
13435 4 2 20 2 1370 1320 1224 3831
13436 4 2 20 2 2941 3258 3345 4002
13437 4 2 20 2 2965 3611 3215 4071
13438 4 2 20 2 461 418 460 3372
13439 4 2 20 2 1531 1468 1535 3360
13440 4 2 20 2 2147 2184 2197 4118
13441 4 2 20 2 1996 1943 3122 3752
13442 4 2 20 2 1034 1051 1050 3135
13443 4 2 20 2 418 420 374 3372
13444 4 2 20 2 1518 1516 3439 3933
13445 4 2 20 2 1267 1350 1211 3226
13446 4 2 20 2 257 300 3637 3920
13447 4 2 20 2 2846 3402 3601 3731
13448 4 2 20 2 3605 3822 3032 3863
13449 4 2 20 2 271 269 223 3409
13450 4 2 20 2 12 3572 7 3754
13451 4 2 20 2 2930 3301 3569 4029
13452 4 2 20 2 508 3486 3213 3921
13453 4 2 20 2 3395 3614 2937 3776
13454 4 2 20 2 562 598 597 3989
13455 4 2 20 2 417 372 334 3994
13456 4 2 20 2 3048 3342 3585 3898
13457 4 2 20 2 386 349 429 3206
13458 4 2 20 2 158 157 120 3468
13459 4 2 20 2 554 637 3511 3907
13460 4 2 20 2 214 3626 213 3642
13461 4 2 20 2 1607 3273 1571 3715
13462 4 2 20 2 2018 1992 1941 3776
13463 4 2 20 2 3027 3538 3373 3973
13464 4 2 20 2 1097 1073 1074 3216
13465 4 2 20 2 3440 3742 2979 3967
13466 4 2 20 2 2852 3264 3430 3803
13467 4 2 20 2 2395 2397 2434 3604
13468 4 2 20 2 2908 3294 3235 4072
13469 4 2 20 2 726 725 3535 3907
13470 4 2 20 2 1075 3527 1095 3770
13471 4 2 20 2 876 917 3164 3721
13472 4 2 20 2 578 3443 3148 3725
13473 4 2 20 2 181 145 102 4089
13474 4 2 20 2 2899 2843 2962 3689
13475 4 2 20 2 3527 3710 1095 3770
13476 4 2 20 2 3021 3348 3397 3855
13477 4 2 20 2 3390 3603 1461 3957
13478 4 2 20 2 3061 3213 3085 3633
13479 4 2 20 2 3357 3609 3151 4092
13480 4 2 20 2 1701 1739 3452 3979
13481 4 2 20 2 1818 1755 1780 3185
13482 4 2 20 2 1560 1562 1606 3821
13483 4 2 20 2 138 99 101 3794
13484 4 2 20 2 1161 3657 3578 4022
13485 4 2 20 2 574 2917 3352 3993
13486 4 2 20 2 2467 2473 3459 4061
13487 4 2 20 2 852 818 787 3339
13488 4 2 20 2 734 3460 680 3461
13489 4 2 20 2 2906 3195 3086 3384
13490 4 2 20 2 334 3255 3870 3994
13491 4 2 20 2 2959 3542 3471 3993
13492 4 2 20 2 1393 3536 1225 3915
13493 4 2 20 2 1419 1401 1441 3603
13494 4 2 20 2 3247 3392 492 4110
13495 4 2 20 2 2185 3350 2223 3891
13496 4 2 20 2 533 3043 488 3655
13497 4 2 20 2 2133 3350 2185 3891
13498 4 2 20 2 1818 3451 1845 4063
13499 4 2 20 2 888 3981 3541 4019
13500 4 2 20 2 1142 1144 1141 3578
13501 4 2 20 2 3244 3670 590 4069
13502 4 2 20 2 1740 3405 1782 3778
13503 4 2 20 2 836 869 903 3424
13504 4 2 20 2 2077 2039 1996 3983
13505 4 2 20 2 3005 3085 3213 3486
13506 4 2 20 2 2071 2174 2157 3659
13507 4 2 20 2 2906 3409 3195 4055
13508 4 2 20 2 2928 3750 3241 4035
13509 4 2 20 2 2467 4013 2480 4061
13510 4 2 20 2 3404 3751 3097 3868
13511 4 2 20 2 3068 3326 3836 3950
13512 4 2 20 2 1841 1767 1842 3340
13513 4 2 20 2 704 701 3167 3526
13514 4 2 20 2 2446 2463 2445 3327
13515 4 2 20 2 3 2 3431 3754
13516 4 2 20 2 2912 3561 3562 4048
13517 4 2 20 2 2881 3617 3781 3935
13518 4 2 20 2 1490 1442 1511 3433
13519 4 2 20 2 192 3559 239 3784
13520 4 2 20 2 3110 3956 3435 4070
13521 4 2 20 2 826 768 797 3535
13522 4 2 20 2 1507 3324 1459 3810
13523 4 2 20 2 3018 3806 3852 4112
13524 4 2 20 2 3629 3951 3628 4059
13525 4 2 20 2 1486 1322 1413 3639
13526 4 2 20 2 2293 2317 2326 4113
13527 4 2 20 2 3575 3978 3398 4041
13528 4 2 20 2 3469 3660 2949 3897
13529 4 2 20 2 1161 3159 1091 3940
13530 4 2 20 2 2116 3272 2140 3865
13531 4 2 20 2 1261 1316 1217 3786
13532 4 2 20 2 980 957 955 3426
13533 4 2 20 2 852 788 853 3339
13534 4 2 20 2 2984 3127 3526 3588
13535 4 2 20 2 3096 3781 3617 3935
13536 4 2 20 2 2987 3411 3205 3737
13537 4 2 20 2 1570 1636 1467 3772
13538 4 2 20 2 3431 3572 3069 3754
13539 4 2 20 2 423 457 417 3994
13540 4 2 20 2 2996 2950 3386 3387
13541 4 2 20 2 823 821 674 3854
13542 4 2 20 2 372 3255 334 3994
13543 4 2 20 2 2156 3480 2076 3494
13544 4 2 20 2 481 3322 3155 3443
13545 4 2 20 2 1820 3645 3215 4071
13546 4 2 20 2 1820 3215 1789 4071
13547 4 2 20 2 166 3736 3479 3749
13548 4 2 20 2 2450 3520 2460 4073
13549 4 2 20 2 640 589 554 3511
13550 4 2 20 2 1461 1398 1416 3603
13551 4 2 20 2 2898 3153 3055 4031
13552 4 2 20 2 1103 1100 1076 3216
13553 4 2 20 2 57 3425 96 3794
13554 4 2 20 2 474 388 473 3472
13555 4 2 20 2 3110 3912 3956 4070
13556 4 2 20 2 854 3338 853 3339
13557 4 2 20 2 2862 3449 3412 3944
13558 4 2 20 2 1157 3454 1159 4046
13559 4 2 20 2 3738 3936 2978 4076
13560 4 2 20 2 2134 2187 2123 3351
13561 4 2 20 2 2212 3534 2265 3835
13562 4 2 20 2 3063 3793 3125 4033
13563 4 2 20 2 1930 1865 1914 3877
13564 4 2 20 2 538 3348 623 3725
13565 4 2 20 2 122 84 165 3606
13566 4 2 20 2 1585 1523 1483 3316
13567 4 2 20 2 411 413 3312 3666
13568 4 2 20 2 1171 1131 1184 3825
13569 4 2 20 2 1796 1830 1814 3290
13570 4 2 20 2 3300 3752 2958 3943
13571 4 2 20 2 2852 3826 3021 3855
13572 4 2 20 2 1787 1712 1804 3478
13573 4 2 20 2 3152 3866 3467 4032
13574 4 2 20 2 1847 3385 1960 3671
13575 4 2 20 2 1197 3887 1179 3890
13576 4 2 20 2 793 766 792 3621
13577 4 2 20 2 2926 3807 3516 3999
13578 4 2 20 2 3515 3699 3025 3912
13579 4 2 20 2 129 3749 3271 4072
13580 4 2 20 2 1483 1671 3321 3915
13581 4 2 20 2 2219 2146 3012 3923
13582 4 2 20 2 1586 1413 1435 3639
13583 4 2 20 2 3097 3807 3707 3868
13584 4 2 20 2 600 744 603 3158
13585 4 2 20 2 2869 2899 2917 3895
13586 4 2 20 2 2950 3386 3320 3513
13587 4 2 20 2 2996 3114 2950 3387
13588 4 2 20 2 957 954 955 3376
13589 4 2 20 2 1587 1413 1586 3639
13590 4 2 20 2 2225 2274 2284 3351
13591 4 2 20 2 3323 3601 3052 3864
13592 4 2 20 2 2446 2464 2463 3327
13593 4 2 20 2 1855 3377 1935 3943
13594 4 2 20 2 820 822 791 3544
13595 4 2 20 2 2896 3609 3247 4049
13596 4 2 20 2 373 460 418 3447
13597 4 2 20 2 2195 2158 2194 3489
13598 4 2 20 2 711 3847 714 3966
13599 4 2 20 2 2845 3327 3814 3934
13600 4 2 20 2 1091 3159 1112 4116
13601 4 2 20 2 2962 3445 2899 3472
13602 4 2 20 2 390 435 434 3618
13603 4 2 20 2 1060 1088 1059 3473
13604 4 2 20 2 497 541 498 4068
13605 4 2 20 2 1122 3661 3599 3818
13606 4 2 20 2 2261 2227 2259 3676
13607 4 2 20 2 2199 3351 2295 3790
13608 4 2 20 2 1467 1325 1440 3410
13609 4 2 20 2 2005 1973 2035 3505
13610 4 2 20 2 347 3642 266 3643
13611 4 2 20 2 2056 2025 3792 4014
13612 4 2 20 2 3076 3775 3456 4088
13613 4 2 20 2 132 135 172 3329
13614 4 2 20 2 2082 3671 3201 4118
13615 4 2 20 2 2897 2267 3090 4039
13616 4 2 20 2 1639 1578 1664 4026
13617 4 2 20 2 1267 1395 1350 3568
13618 4 2 20 2 2272 2316 2273 3512
13619 4 2 20 2 1234 1251 1233 3072
13620 4 2 20 2 1765 1865 1803 3877
13621 4 2 20 2 2917 3534 2843 3689
13622 4 2 20 2 365 364 3764 4111
13623 4 2 20 2 1812 1826 1792 3943
13624 4 2 20 2 949 913 912 3653
13625 4 2 20 2 2222 2273 2282 3512
13626 4 2 20 2 3244 3463 2983 3514
13627 4 2 20 2 2918 3844 3227 4079
13628 4 2 20 2 2887 3496 3589 4093
13629 4 2 20 2 2129 2103 2078 3368
13630 4 2 20 2 1442 1421 1511 3623
13631 4 2 20 2 492 446 3247 4110
13632 4 2 20 2 1000 985 999 3892
13633 4 2 20 2 3247 3609 3042 4049
13634 4 2 20 2 1253 1307 1303 3467
13635 4 2 20 2 1601 1657 1528 3771
13636 4 2 20 2 134 3794 3329 4078
13637 4 2 20 2 2218 2119 2203 3668
13638 4 2 20 2 50 3832 3235 3937
13639 4 2 20 2 3146 3953 2838 4087
13640 4 2 20 2 879 855 882 3338
13641 4 2 20 2 1600 1630 1654 3771
13642 4 2 20 2 345 467 425 3486
13643 4 2 20 2 2992 3679 3230 3925
13644 4 2 20 2 390 352 3618 3643
13645 4 2 20 2 1267 1198 1199 3568
13646 4 2 20 2 833 830 730 4086
13647 4 2 20 2 2344 2945 3090 3339
13648 4 2 20 2 380 428 383 3990
13649 4 2 20 2 341 342 379 3769
13650 4 2 20 2 2348 2392 2406 3156
13651 4 2 20 2 3141 3784 3858 4091
13652 4 2 20 2 451 4068 364 4110
13653 4 2 20 2 1570 1657 1702 3772
13654 4 2 20 2 2886 2933 3806 4115
13655 4 2 20 2 2148 3947 2147 4118
13656 4 2 20 2 3035 3202 3147 4018
13657 4 2 20 2 1041 3710 1011 4116
13658 4 2 20 2 1290 3578 1219 4102
13659 4 2 20 2 2915 3711 3278 3984
13660 4 2 20 2 1842 1767 1805 3340
13661 4 2 20 2 2197 2148 2147 4118
13662 4 2 20 2 3357 4041 2860 4042
13663 4 2 20 2 3192 333 3870 3899
13664 4 2 20 2 2891 2444 3760 3837
13665 4 2 20 2 3699 3796 3051 4094
13666 4 2 20 2 1701 1739 1754 3452
13667 4 2 20 2 2888 3077 3071 3206
13668 4 2 20 2 1288 1200 1157 3454
13669 4 2 20 2 738 739 3224 3686
13670 4 2 20 2 2977 3598 3372 3635
13671 4 2 20 2 627 3675 631 4015
13672 4 2 20 2 3012 3523 3889 4024
13673 4 2 20 2 2466 3561 2439 3562
13674 4 2 20 2 1314 1315 1410 3845
13675 4 2 20 2 1488 1487 1549 3644
13676 4 2 20 2 1863 1799 3405 3913
13677 4 2 20 2 964 943 965 3988
13678 4 2 20 2 1843 3546 1908 3959
13679 4 2 20 2 1555 3299 3475 4096
13680 4 2 20 2 3214 3989 511 3990
13681 4 2 20 2 939 3311 936 4058
13682 4 2 20 2 3278 3711 3894 3984
13683 4 2 20 2 784 3394 753 3952
13684 4 2 20 2 2188 2150 2049 3700
13685 4 2 20 2 2288 2289 2333 3256
13686 4 2 20 2 836 903 840 3424
13687 4 2 20 2 2849 2883 3398 3848
13688 4 2 20 2 1915 2037 1975 3980
13689 4 2 20 2 3929 3978 2837 4041
13690 4 2 20 2 2961 3843 3556 4000
13691 4 2 20 2 731 3510 3320 3511
13692 4 2 20 2 2857 3651 3609 4092
13693 4 2 20 2 839 782 809 3593
13694 4 2 20 2 264 265 266 3545
13695 4 2 20 2 3037 3000 3460 3744
13696 4 2 20 2 1023 1014 1024 3135
13697 4 2 20 2 208 207 164 3606
13698 4 2 20 2 3038 3526 3127 3588
13699 4 2 20 2 2887 3878 3702 4101
13700 4 2 20 2 2837 3262 3978 4085
13701 4 2 20 2 495 3392 541 4068
13702 4 2 20 2 605 607 2959 3503
13703 4 2 20 2 3076 3522 3775 4088
13704 4 2 20 2 2845 3291 3908 3976
13705 4 2 20 2 2945 3339 3013 3725
13706 4 2 20 2 1659 1658 1608 3360
13707 4 2 20 2 2984 2854 3127 3588
13708 4 2 20 2 1679 1629 1650 3492
13709 4 2 20 2 1981 3546 1947 3683
13710 4 2 20 2 3153 3160 3055 4031
13711 4 2 20 2 2442 3291 2462 3459
13712 4 2 20 2 2217 2166 2243 3238
13713 4 2 20 2 1582 1502 1521 3342
13714 4 2 20 2 1989 3942 3505 4054
13715 4 2 20 2 1318 1390 3636 4103
13716 4 2 20 2 771 772 3320 3692
13717 4 2 20 2 2017 1974 2068 3841
13718 4 2 20 2 2327 2295 2318 4113
13719 4 2 20 2 123 207 206 3281
13720 4 2 20 2 3354 3714 3212 3953
13721 4 2 20 2 3292 3903 2912 3969
13722 4 2 20 2 2271 3706 3200 3813
13723 4 2 20 2 1037 1024 1027 1028
13724 4 2 20 2 1989 2033 2084 4054
13725 4 2 20 2 1698 1773 1751 3377
13726 4 2 20 2 731 3320 3510 3692
13727 4 2 20 2 1945 1870 1871 3943
13728 4 2 20 2 1343 3918 3458 4053
13729 4 2 20 2 1196 1195 1179 3536
13730 4 2 20 2 2087 2050 3614 4016
13731 4 2 20 2 1074 1076 1100 3216
13732 4 2 20 2 2377 918 921 877
13733 4 2 20 2 1627 1634 1656 3672
13734 4 2 20 2 3335 3912 3110 4070
13735 4 2 20 2 226 180 144 4045
13736 4 2 20 2 3 37 36 3168
13737 4 2 20 2 65 3309 4009 4010
13738 4 2 20 2 3104 3449 3600 3874
13739 4 2 20 2 3335 3110 3912 4083
13740 4 2 20 2 2345 2279 3238 4007
13741 4 2 20 2 701 706 704 3694
13742 4 2 20 2 516 3389 515 3618
13743 4 2 20 2 705 702 755 3167
13744 4 2 20 2 2923 3485 3936 4076
13745 4 2 20 2 551 3670 588 4038
13746 4 2 20 2 2483 2469 2470 4013
13747 4 2 20 2 1369 1341 1311 3625
13748 4 2 20 2 2961 3385 3843 4000
13749 4 2 20 2 3063 3248 3793 4033
13750 4 2 20 2 1807 1885 1768 3547
13751 4 2 20 2 350 3219 351 3862
13752 4 2 20 2 67 62 104 3620
13753 4 2 20 2 1650 1629 1630 3492
13754 4 2 20 2 3229 3568 1292 3991
13755 4 2 20 2 50 3235 52 3937
13756 4 2 20 2 2201 2952 2213 4021
13757 4 2 20 2 1948 3616 1970 3928
13758 4 2 20 2 2060 2021 1964 3379
13759 4 2 20 2 1987 3385 3201 3671
13760 4 2 20 2 2860 2896 2872 3044
13761 4 2 20 2 1101 1124 1056 3469
13762 4 2 20 2 2151 2049 2068 3841
13763 4 2 20 2 506 423 422 3630
13764 4 2 20 2 220 266 221 3643
13765 4 2 20 2 2183 3792 2196 4039
13766 4 2 20 2 7 8 2 3754
13767 4 2 20 2 1117 1145 1116 3940
13768 4 2 20 2 2053 3272 2010 3677
13769 4 2 20 2 3154 2943 3371 3637
13770 4 2 20 2 3349 3345 4002 4062
13771 4 2 20 2 464 381 3633 3990
13772 4 2 20 2 1061 1040 1039 3473
13773 4 2 20 2 1991 2006 1954 3223
13774 4 2 20 2 833 3649 830 4086
13775 4 2 20 2 861 2916 860 3986
13776 4 2 20 2 1898 2005 1972 3505
13777 4 2 20 2 567 569 606 3318
13778 4 2 20 2 2939 3305 3483 3834
13779 4 2 20 2 1535 3360 1468 3838
13780 4 2 20 2 249 3705 3160 3872
13781 4 2 20 2 2404 3179 2391 4060
13782 4 2 20 2 3027 3777 3538 4084
13783 4 2 20 2 2990 3378 3712 3761
13784 4 2 20 2 1668 1743 1643 3316
13785 4 2 20 2 3628 3629 3218 3951
13786 4 2 20 2 3609 4018 3042 4049
13787 4 2 20 2 2190 2258 2136 3717
13788 4 2 20 2 3288 3808 3382 3936
13789 4 2 20 2 453 3334 3871 3945
13790 4 2 20 2 3093 3661 3568 3958
13791 4 2 20 2 3033 3257 766 3621
13792 4 2 20 2 565 515 602 3389
13793 4 2 20 2 1719 1681 1697 3290
13794 4 2 20 2 1075 1079 1048 3818
13795 4 2 20 2 2178 2875 2231 3865
13796 4 2 20 2 57 3537 3425 4078
13797 4 2 20 2 2866 3465 3187 3741
13798 4 2 20 2 599 561 3753 3954
13799 4 2 20 2 1490 1464 1418 3433
13800 4 2 20 2 1706 1640 1685 3778
13801 4 2 20 2 1642 1613 1665 3342
13802 4 2 20 2 2855 3514 2950 4081
13803 4 2 20 2 2191 2174 2154 3659
13804 4 2 20 2 2129 2164 2211 3835
13805 4 2 20 2 1845 1986 1985 3697
13806 4 2 20 2 494 448 403 3397
13807 4 2 20 2 911 914 915 3745
13808 4 2 20 2 55 54 3537 4010
13809 4 2 20 2 2886 2933 3720 3806
13810 4 2 20 2 3462 3525 3101 3980
13811 4 2 20 2 638 730 639 3463
13812 4 2 20 2 288 287 289 3490
13813 4 2 20 2 3186 2995 3605 4076
13814 4 2 20 2 3015 3491 3409 4045
13815 4 2 20 2 1344 1345 3636 4103
13816 4 2 20 2 1979 1946 1980 3368
13817 4 2 20 2 3073 3231 2883 3232
13818 4 2 20 2 3027 3707 3441 4084
13819 4 2 20 2 16 24 17 3572
13820 4 2 20 2 2908 3736 3294 4072
13821 4 2 20 2 2983 3670 3630 4038
13822 4 2 20 2 3508 3276 3617 3941
13823 4 2 20 2 1566 3390 1461 3957
13824 4 2 20 2 3 36 1 3168
13825 4 2 20 2 203 166 3479 3749
13826 4 2 20 2 3441 3732 3027 3757
13827 4 2 20 2 168 169 3271 3749
13828 4 2 20 2 595 647 682 3686
13829 4 2 20 2 1747 1673 1748 4030
13830 4 2 20 2 1344 1244 1345 4103
13831 4 2 20 2 1361 1378 1297 3193
13832 4 2 20 2 1935 1872 1946 4099
13833 4 2 20 2 2424 3196 2383 3906
13834 4 2 20 2 3463 3670 2983 4038
13835 4 2 20 2 1164 1178 1096 3469
13836 4 2 20 2 629 765 763 3725
13837 4 2 20 2 3128 3833 4027 4052
13838 4 2 20 2 698 700 2976 3503
13839 4 2 20 2 1675 1624 3300 3596
13840 4 2 20 2 766 767 720 3621
13841 4 2 20 2 147 3553 146 3587
13842 4 2 20 2 1370 1433 1524 3662
13843 4 2 20 2 2036 3462 1975 3980
13844 4 2 20 2 1538 3718 1515 3778
13845 4 2 20 2 155 3574 119 4074
13846 4 2 20 2 1510 1604 1565 3979
13847 4 2 20 2 97 98 102 3416
13848 4 2 20 2 1653 1631 1603 3326
13849 4 2 20 2 1418 1442 1490 3433
13850 4 2 20 2 2970 3510 3103 3535
13851 4 2 20 2 71 3341 34 4119
13852 4 2 20 2 1477 1520 3669 4026
13853 4 2 20 2 1411 1387 1316 3786
13854 4 2 20 2 1055 1083 1082 1080
13855 4 2 20 2 833 868 3387 4086
13856 4 2 20 2 638 729 730 3463
13857 4 2 20 2 538 3148 536 3397
13858 4 2 20 2 1861 3385 1847 3667
13859 4 2 20 2 1343 3144 3918 4053
13860 4 2 20 2 3080 3621 2904 4019
13861 4 2 20 2 3098 3720 3462 3972
13862 4 2 20 2 594 595 3686 3995
13863 4 2 20 2 158 3468 160 3872
13864 4 2 20 2 373 503 460 3447
13865 4 2 20 2 2995 3803 3605 3822
13866 4 2 20 2 3294 3573 89 3736
13867 4 2 20 2 2146 2253 3889 3923
13868 4 2 20 2 3348 3826 587 3854
13869 4 2 20 2 3628 3951 2967 4059
13870 4 2 20 2 1034 3135 1050 3673
13871 4 2 20 2 3445 3713 3030 3862
13872 4 2 20 2 2099 3982 3401 4040
13873 4 2 20 2 341 3769 379 3921
13874 4 2 20 2 410 3312 367 3764
13875 4 2 20 2 2905 3021 3334 3741
13876 4 2 20 2 216 171 172 3545
13877 4 2 20 2 892 891 938 3311
13878 4 2 20 2 2856 3953 3971 4090
13879 4 2 20 2 2188 2246 2150 3700
13880 4 2 20 2 1185 1229 1184 3825
13881 4 2 20 2 1945 1935 3677 3943
13882 4 2 20 2 1075 1048 3527 3818
13883 4 2 20 2 1914 3462 2019 3972
13884 4 2 20 2 55 54 19 3537
13885 4 2 20 2 622 581 579 3791
13886 4 2 20 2 3645 3893 3101 3980
13887 4 2 20 2 888 3804 3541 3981
13888 4 2 20 2 3172 3726 3268 4021
13889 4 2 20 2 1679 1722 1700 3959
13890 4 2 20 2 1424 1471 1493 3131
13891 4 2 20 2 2999 3158 3037 3530
13892 4 2 20 2 1563 3326 3810 3950
13893 4 2 20 2 2385 2411 2423 3293
13894 4 2 20 2 3016 3858 3141 3948
13895 4 2 20 2 255 165 260 3270
13896 4 2 20 2 3259 3535 2904 4019
13897 4 2 20 2 3228 3666 3023 3824
13898 4 2 20 2 3413 3122 3983 4004
13899 4 2 20 2 723 794 795 3621
13900 4 2 20 2 1975 1914 1901 3877
13901 4 2 20 2 1379 1363 1423 3909
13902 4 2 20 2 2874 3732 3441 3757
13903 4 2 20 2 3008 3753 3005 3954
13904 4 2 20 2 2007 2071 2074 3980
13905 4 2 20 2 751 750 2976 3748
13906 4 2 20 2 29 30 4098 4119
13907 4 2 20 2 599 3389 3008 3954
13908 4 2 20 2 1086 3473 1154 4046
13909 4 2 20 2 3251 3699 3515 4094
13910 4 2 20 2 788 852 787 3339
13911 4 2 20 2 1305 1367 3828 3911
13912 4 2 20 2 3089 3396 2998 3587
13913 4 2 20 2 2998 3195 3553 4044
13914 4 2 20 2 3171 3427 3994 4038
13915 4 2 20 2 1680 3475 1594 3672
13916 4 2 20 2 1921 1843 1874 3546
13917 4 2 20 2 3275 3830 2835 4080
13918 4 2 20 2 2926 3356 3807 3999
13919 4 2 20 2 3259 2904 3621 4019
13920 4 2 20 2 2167 2107 3221 3923
13921 4 2 20 2 747 746 783 3132
13922 4 2 20 2 2046 2080 2014 3930
13923 4 2 20 2 121 162 203 3479
13924 4 2 20 2 905 904 870 3975
13925 4 2 20 2 2965 4030 3644 4071
13926 4 2 20 2 614 3394 612 3443
13927 4 2 20 2 1749 1737 1735 3927
13928 4 2 20 2 1534 1610 1637 3410
13929 4 2 20 2 2371 2346 2322 2945
13930 4 2 20 2 2982 3384 3086 3590
13931 4 2 20 2 1442 1358 1421 3859
13932 4 2 20 2 3029 3664 3399 4037
13933 4 2 20 2 1396 3229 1292 3991
13934 4 2 20 2 1946 3368 1979 4099
13935 4 2 20 2 9 44 42 3431
13936 4 2 20 2 2209 2177 2141 3970
13937 4 2 20 2 3701 3878 3050 4101
13938 4 2 20 2 516 434 475 3618
13939 4 2 20 2 1625 1594 1680 3475
13940 4 2 20 2 3178 4112 3852 4115
13941 4 2 20 2 1336 3467 1306 3909
13942 4 2 20 2 630 672 628 3348
13943 4 2 20 2 2855 2950 2996 3837
13944 4 2 20 2 2057 1950 2056 4014
13945 4 2 20 2 1196 3890 3536 4103
13946 4 2 20 2 3110 3903 3292 3969
13947 4 2 20 2 3500 4031 3055 4035
13948 4 2 20 2 2275 2296 3184 3790
13949 4 2 20 2 2442 2913 2880 3053
13950 4 2 20 2 73 78 74 3914
13951 4 2 20 2 904 869 870 3975
13952 4 2 20 2 485 3343 528 3352
13953 4 2 20 2 3025 3956 3912 4070
13954 4 2 20 2 1654 1700 1738 3959
13955 4 2 20 2 2956 3147 3651 3764
13956 4 2 20 2 3272 2842 3865 4004
13957 4 2 20 2 2915 3513 3244 3514
13958 4 2 20 2 2923 3288 3936 4114
13959 4 2 20 2 483 481 3155 3443
13960 4 2 20 2 978 980 953 3426
13961 4 2 20 2 664 618 707 3952
13962 4 2 20 2 359 316 275 3498
13963 4 2 20 2 1011 1004 1006 1008
13964 4 2 20 2 3011 3671 3408 3947
13965 4 2 20 2 1112 1218 3277 3657
13966 4 2 20 2 2171 2113 2126 3253
13967 4 2 20 2 1122 1099 1125 3818
13968 4 2 20 2 1757 3607 1724 3778
13969 4 2 20 2 3086 3195 2906 3409
13970 4 2 20 2 3228 3392 2956 4068
13971 4 2 20 2 2053 1999 2040 3677
13972 4 2 20 2 1033 1096 1035 3469
13973 4 2 20 2 3192 3598 333 3899
13974 4 2 20 2 2342 2300 3038 3534
13975 4 2 20 2 1876 1859 1779 3314
13976 4 2 20 2 236 234 3362 3594
13977 4 2 20 2 1375 1357 1400 3603
13978 4 2 20 2 2932 3107 3168 3412
13979 4 2 20 2 809 804 3424 3763
13980 4 2 20 2 1044 1065 1069 3007
13981 4 2 20 2 3348 3397 539 3871
13982 4 2 20 2 1128 3226 1169 3887
13983 4 2 20 2 849 815 2343 3132
13984 4 2 20 2 3141 3858 3016 4091
13985 4 2 20 2 1122 1079 1099 3818
13986 4 2 20 2 1289 3420 1315 4022
13987 4 2 20 2 3170 2946 3567 3955
13988 4 2 20 2 2101 2156 2076 3494
13989 4 2 20 2 255 3270 260 3769
13990 4 2 20 2 2036 3525 3462 3980
13991 4 2 20 2 1677 3300 1624 3596
13992 4 2 20 2 2275 2297 2226 3499
13993 4 2 20 2 2452 2411 2453 3293
13994 4 2 20 2 3435 3956 3025 4070
13995 4 2 20 2 2923 3936 3382 4076
13996 4 2 20 2 542 3871 539 3945
13997 4 2 20 2 2023 2097 1982 3418
13998 4 2 20 2 2082 3201 2109 4118
13999 4 2 20 2 1820 3645 1931 3893
14000 4 2 20 2 2303 2255 2254 3889
14001 4 2 20 2 3125 3793 3063 3880
14002 4 2 20 2 2442 2413 2443 3291
14003 4 2 20 2 1127 3469 1124 3897
14004 4 2 20 2 203 3479 3371 3749
14005 4 2 20 2 3427 3870 3255 3994
14006 4 2 20 2 1856 1750 1813 1770
14007 4 2 20 2 1481 1390 3502 3636
14008 4 2 20 2 1421 1358 1403 3859
14009 4 2 20 2 1290 1289 1190 3578
14010 4 2 20 2 2403 2427 3588 3908
14011 4 2 20 2 3003 3437 3960 3998
14012 4 2 20 2 2458 2417 2436 3739
14013 4 2 20 2 3089 3396 138 3794
14014 4 2 20 2 1962 3893 1932 3980
14015 4 2 20 2 1179 1195 1197 3890
14016 4 2 20 2 57 3425 3794 4078
14017 4 2 20 2 3026 3597 3581 4065
14018 4 2 20 2 262 169 210 3749
14019 4 2 20 2 3537 3572 3075 4078
14020 4 2 20 2 2928 3750 3192 3948
14021 4 2 20 2 3191 3776 3478 3819
14022 4 2 20 2 496 407 453 3945
14023 4 2 20 2 2992 3230 3882 3925
14024 4 2 20 2 3059 3717 3716 3860
14025 4 2 20 2 1344 3636 3302 4103
14026 4 2 20 2 1049 3527 1048 3818
14027 4 2 20 2 2873 3449 3690 3759
14028 4 2 20 2 3062 3663 3564 3886
14029 4 2 20 2 3326 2989 3836 3950
14030 4 2 20 2 960 3109 929 3987
14031 4 2 20 2 2859 3258 3724 4002
14032 4 2 20 2 1546 1523 3316 3502
14033 4 2 20 2 830 724 730 3649
14034 4 2 20 2 1966 1967 1906 3683
14035 4 2 20 2 1521 3342 1519 3669
14036 4 2 20 2 1467 1440 1570 3772
14037 4 2 20 2 2097 3418 2183 3792
14038 4 2 20 2 3087 3916 3477 4013
14039 4 2 20 2 3125 3861 3063 4033
14040 4 2 20 2 3554 3702 3222 4101
14041 4 2 20 2 2985 3168 3069 3754
14042 4 2 20 2 2895 3378 3712 4001
14043 4 2 20 2 1083 1151 1109 3599
14044 4 2 20 2 2841 3449 3690 3874
14045 4 2 20 2 2916 3133 3837 3986
14046 4 2 20 2 3229 3661 3568 3991
14047 4 2 20 2 1171 1212 1181 3661
14048 4 2 20 2 2191 2174 3659 3762
14049 4 2 20 2 283 236 240 3362
14050 4 2 20 2 1773 1794 1751 3377
14051 4 2 20 2 2372 2348 2406 3156
14052 4 2 20 2 1799 1782 1863 3405
14053 4 2 20 2 8 7 16 3572
14054 4 2 20 2 2021 3379 2043 3683
14055 4 2 20 2 13 19 51 3537
14056 4 2 20 2 1560 1609 1597 3821
14057 4 2 20 2 3462 3525 2036 3972
14058 4 2 20 2 3405 3778 2925 3913
14059 4 2 20 2 1912 1928 3963 4077
14060 4 2 20 2 1314 3911 1282 4067
14061 4 2 20 2 2855 2996 2891 3837
14062 4 2 20 2 370 412 368 3334
14063 4 2 20 2 1596 1556 1557 3646
14064 4 2 20 2 1251 1301 1254 3072
14065 4 2 20 2 1194 4102 3302 4103
14066 4 2 20 2 731 3320 642 3511
14067 4 2 20 2 157 3872 159 4074
14068 4 2 20 2 723 3621 795 4019
14069 4 2 20 2 3386 3114 3692 4107
14070 4 2 20 2 2456 2478 2458 4066
14071 4 2 20 2 2433 3604 2435 3941
14072 4 2 20 2 3515 3912 3025 3956
14073 4 2 20 2 274 318 231 3498
14074 4 2 20 2 670 626 3675 3847
14075 4 2 20 2 762 3257 3033 3847
14076 4 2 20 2 860 824 3649 3854
14077 4 2 20 2 2899 3472 3445 3862
14078 4 2 20 2 3556 3843 3221 4014
14079 4 2 20 2 2946 3243 3729 3832
14080 4 2 20 2 2854 3080 3621 3976
14081 4 2 20 2 751 3503 656 3748
14082 4 2 20 2 3382 3936 3738 4076
14083 4 2 20 2 1558 1555 3299 3475
14084 4 2 20 2 1453 1475 1384 3845
14085 4 2 20 2 1758 1662 1756 3667
14086 4 2 20 2 2949 3660 3209 3897
14087 4 2 20 2 2995 3325 3605 3803
14088 4 2 20 2 218 172 173 3545
14089 4 2 20 2 2494 3129 2493 4066
14090 4 2 20 2 887 3541 825 4019
14091 4 2 20 2 3212 3953 3366 4090
14092 4 2 20 2 3001 3397 3148 3855
14093 4 2 20 2 445 490 3247 3655
14094 4 2 20 2 310 3322 3088 4011
14095 4 2 20 2 1529 1490 1530 3950
14096 4 2 20 2 907 906 840 3424
14097 4 2 20 2 888 934 935 3804
14098 4 2 20 2 712 718 717 3847
14099 4 2 20 2 2052 1996 1943 3122
14100 4 2 20 2 3034 3537 3425 4010
14101 4 2 20 2 1038 1111 1060 3473
14102 4 2 20 2 3071 3322 3088 3643
14103 4 2 20 2 1051 1034 1036 3135
14104 4 2 20 2 1369 1429 1341 3625
14105 4 2 20 2 2334 2289 2320 3256
14106 4 2 20 2 3036 2946 3729 3832
14107 4 2 20 2 3059 3688 3700 3852
14108 4 2 20 2 1359 1357 1375 3603
14109 4 2 20 2 59 62 27 3620
14110 4 2 20 2 2982 3187 2866 3465
14111 4 2 20 2 1440 1325 1353 3324
14112 4 2 20 2 1931 3893 3645 3980
14113 4 2 20 2 1831 1796 1777 3290
14114 4 2 20 2 3099 3646 3820 4104
14115 4 2 20 2 748 3721 750 3748
14116 4 2 20 2 3113 3875 3827 3881
14117 4 2 20 2 1744 1743 1668 3316
14118 4 2 20 2 2858 3275 4080 4081
14119 4 2 20 2 3244 3249 3136 4069
14120 4 2 20 2 1487 1438 1504 3851
14121 4 2 20 2 215 3545 264 3642
14122 4 2 20 2 798 728 768 3510
14123 4 2 20 2 2915 3320 3249 3513
14124 4 2 20 2 2489 2499 2475 3105
14125 4 2 20 2 559 3214 507 3995
14126 4 2 20 2 878 853 3338 3339
14127 4 2 20 2 260 165 167 3270
14128 4 2 20 2 2037 2036 1975 3980
14129 4 2 20 2 3073 3862 2899 3895
14130 4 2 20 2 1471 3131 1424 3519
14131 4 2 20 2 1562 3543 1606 3821
14132 4 2 20 2 2845 3823 3586 3961
14133 4 2 20 2 472 388 348 3472
14134 4 2 20 2 1852 1808 1825 3943
14135 4 2 20 2 427 3989 3920 3990
14136 4 2 20 2 2910 3093 3568 3958
14137 4 2 20 2 1434 3303 1435 3897
14138 4 2 20 2 2004 3084 1896 3585
14139 4 2 20 2 1820 1840 1902 3645
14140 4 2 20 2 345 3486 425 3921
14141 4 2 20 2 2860 2896 3044 3398
14142 4 2 20 2 3445 3472 2962 3919
14143 4 2 20 2 2260 2307 2258 3717
14144 4 2 20 2 699 2976 700 3503
14145 4 2 20 2 1895 1862 3405 3982
14146 4 2 20 2 1819 3408 3585 3669
14147 4 2 20 2 786 785 817 3167
14148 4 2 20 2 2449 3520 2455 3941
14149 4 2 20 2 3553 3587 2998 4044
14150 4 2 20 2 1677 3104 1694 3300
14151 4 2 20 2 2113 2189 2151 3253
14152 4 2 20 2 3586 3823 2857 3961
14153 4 2 20 2 3184 3808 3288 3936
14154 4 2 20 2 1975 3462 1914 3877
14155 4 2 20 2 2463 2462 2454 3291
14156 4 2 20 2 2142 2178 2163 3865
14157 4 2 20 2 653 2972 604 3318
14158 4 2 20 2 3235 3567 2946 3955
14159 4 2 20 2 1357 1295 1354 3603
14160 4 2 20 2 1617 1728 1766 3215
14161 4 2 20 2 3320 3513 3386 4086
14162 4 2 20 2 508 3234 3213 3486
14163 4 2 20 2 1678 1717 1735 3565
14164 4 2 20 2 2944 3781 3617 3917
14165 4 2 20 2 1255 1187 1281 4050
14166 4 2 20 2 2371 2378 2380 2891
14167 4 2 20 2 2838 3755 3146 4087
14168 4 2 20 2 523 478 3471 3993
14169 4 2 20 2 1310 1366 1338 3701
14170 4 2 20 2 267 3853 3713 3862
14171 4 2 20 2 2880 2914 3190 3311
14172 4 2 20 2 399 3498 400 3789
14173 4 2 20 2 2904 3621 3080 3976
14174 4 2 20 2 57 96 92 4078
14175 4 2 20 2 2899 2917 2843 3689
14176 4 2 20 2 1777 1796 1753 3290
14177 4 2 20 2 2042 2078 2022 3368
14178 4 2 20 2 2089 2075 2076 3812
14179 4 2 20 2 3035 4018 3557 4062
14180 4 2 20 2 1563 3326 1602 3810
14181 4 2 20 2 1754 1739 1816 3452
14182 4 2 20 2 3002 4041 3357 4042
14183 4 2 20 2 2856 3953 3354 3971
14184 4 2 20 2 436 392 393 3322
14185 4 2 20 2 908 947 945 3733
14186 4 2 20 2 3061 3213 3633 3990
14187 4 2 20 2 1112 1218 1240 3277
14188 4 2 20 2 474 473 3471 3472
14189 4 2 20 2 2189 2236 2188 3700
14190 4 2 20 2 2996 2916 3837 3986
14191 4 2 20 2 3444 3852 2933 4115
14192 4 2 20 2 1768 1885 1868 3547
14193 4 2 20 2 1107 1056 1127 3660
14194 4 2 20 2 904 944 3424 3733
14195 4 2 20 2 3196 3846 2978 3906
14196 4 2 20 2 1541 3439 1517 3718
14197 4 2 20 2 1366 1310 1331 3701
14198 4 2 20 2 3055 3705 3468 3872
14199 4 2 20 2 1436 3197 1395 3611
14200 4 2 20 2 2852 3855 3264 4024
14201 4 2 20 2 3015 3794 3089 4090
14202 4 2 20 2 136 179 98 4089
14203 4 2 20 2 2878 3730 2932 3944
14204 4 2 20 2 523 572 526 3993
14205 4 2 20 2 2148 2111 2083 3947
14206 4 2 20 2 1574 1571 1607 3273
14207 4 2 20 2 1012 1018 1006 4116
14208 4 2 20 2 1987 3201 3385 3843
14209 4 2 20 2 1687 1726 1641 3933
14210 4 2 20 2 2984 3544 3167 3694
14211 4 2 20 2 2886 3924 2933 4115
14212 4 2 20 2 3086 3384 313 3654
14213 4 2 20 2 2912 3419 3903 4048
14214 4 2 20 2 446 445 3247 3789
14215 4 2 20 2 2123 2134 3351 3891
14216 4 2 20 2 953 946 973 3653
14217 4 2 20 2 474 3471 433 3472
14218 4 2 20 2 1065 1040 1061 3710
14219 4 2 20 2 819 820 791 3544
14220 4 2 20 2 951 955 3164 3426
14221 4 2 20 2 757 785 786 3167
14222 4 2 20 2 2231 2875 2163 3865
14223 4 2 20 2 915 950 948 3650
14224 4 2 20 2 3365 3697 2992 4040
14225 4 2 20 2 1731 3300 1716 3943
14226 4 2 20 2 1185 1152 1186 3825
14227 4 2 20 2 146 3587 3553 4044
14228 4 2 20 2 1070 1095 3527 3710
14229 4 2 20 2 2839 3648 3233 3840
14230 4 2 20 2 1602 1563 1603 3326
14231 4 2 20 2 2146 2253 2232 3889
14232 4 2 20 2 3062 3508 3617 3941
14233 4 2 20 2 3106 3206 345 3486
14234 4 2 20 2 3074 3631 3577 4119
14235 4 2 20 2 669 714 670 3847
14236 4 2 20 2 2842 4051 2964 4100
14237 4 2 20 2 160 158 120 3468
14238 4 2 20 2 1886 1934 1851 3752
14239 4 2 20 2 3136 3244 2915 3249
14240 4 2 20 2 3027 3757 3777 4084
14241 4 2 20 2 539 3871 3397 3945
14242 4 2 20 2 599 3753 3389 3954
14243 4 2 20 2 287 324 289 3490
14244 4 2 20 2 1200 1159 1157 3454
14245 4 2 20 2 2200 2227 2261 3676
14246 4 2 20 2 1062 1061 1039 4046
14247 4 2 20 2 1948 1890 1970 3616
14248 4 2 20 2 1318 1263 1390 4103
14249 4 2 20 2 2463 3291 2454 3327
14250 4 2 20 2 2928 3500 3055 4035
14251 4 2 20 2 1482 1481 1347 3502
14252 4 2 20 2 782 3593 744 3763
14253 4 2 20 2 1349 1393 1225 3915
14254 4 2 20 2 3325 3514 3186 3984
14255 4 2 20 2 1214 1281 1187 4050
14256 4 2 20 2 1282 3911 1310 4067
14257 4 2 20 2 1656 1699 1680 3217
14258 4 2 20 2 2901 3684 3023 3823
14259 4 2 20 2 1820 1789 1840 4071
14260 4 2 20 2 122 3606 3281 3780
14261 4 2 20 2 1903 1916 1963 3812
14262 4 2 20 2 2954 3440 3439 3933
14263 4 2 20 2 2850 3418 2911 4021
14264 4 2 20 2 3029 3924 3497 4115
14265 4 2 20 2 185 226 144 4044
14266 4 2 20 2 2160 2064 2099 3401
14267 4 2 20 2 2989 3543 3723 3950
14268 4 2 20 2 1572 1537 1573 3466
14269 4 2 20 2 1048 1025 1022 3527
14270 4 2 20 2 1531 1466 1468 3360
14271 4 2 20 2 1349 1321 1412 3915
14272 4 2 20 2 578 3148 3443 4006
14273 4 2 20 2 2288 3762 2192 4106
14274 4 2 20 2 3177 4023 2988 4025
14275 4 2 20 2 2888 3106 3077 3206
14276 4 2 20 2 471 3488 3472 3919
14277 4 2 20 2 3522 3177 4025 4088
14278 4 2 20 2 1846 1971 3697 4040
14279 4 2 20 2 2141 2091 3414 3591
14280 4 2 20 2 320 3594 3187 3922
14281 4 2 20 2 2935 3372 3136 3711
14282 4 2 20 2 688 736 741 3763
14283 4 2 20 2 980 981 957 3426
14284 4 2 20 2 2832 3788 3709 3882
14285 4 2 20 2 2263 2210 2240 3970
14286 4 2 20 2 95 135 134 3794
14287 4 2 20 2 1610 1703 1637 3772
14288 4 2 20 2 2883 3398 3232 4049
14289 4 2 20 2 97 3416 59 3937
14290 4 2 20 2 2440 2439 2466 3561
14291 4 2 20 2 2395 2433 2375 3604
14292 4 2 20 2 721 722 587 3854
14293 4 2 20 2 1946 1979 1935 4099
14294 4 2 20 2 2406 2392 2394 3156
14295 4 2 20 2 168 127 166 3749
14296 4 2 20 2 3141 3016 3691 4091
14297 4 2 20 2 1515 1640 1663 3778
14298 4 2 20 2 1401 1419 1376 3603
14299 4 2 20 2 1945 1871 1935 3943
14300 4 2 20 2 2225 2233 2274 3351
14301 4 2 20 2 802 835 804 3975
14302 4 2 20 2 151 192 191 3784
14303 4 2 20 2 875 3167 3164 3544
14304 4 2 20 2 2338 3485 3706 3813
14305 4 2 20 2 3011 3947 3350 4118
14306 4 2 20 2 681 680 646 3461
14307 4 2 20 2 353 312 394 4011
14308 4 2 20 2 3212 3971 3953 4090
14309 4 2 20 2 3206 3642 347 3643
14310 4 2 20 2 3515 3699 2957 4094
14311 4 2 20 2 247 3691 248 4091
14312 4 2 20 2 2841 3308 3874 4096
14313 4 2 20 2 3414 3983 2091 4004
14314 4 2 20 2 2070 3395 2050 4016
14315 4 2 20 2 749 2972 694 3394
14316 4 2 20 2 3366 3953 2856 4090
14317 4 2 20 2 634 547 586 3768
14318 4 2 20 2 1661 1724 3607 3778
14319 4 2 20 2 806 807 841 3254
14320 4 2 20 2 1623 3308 1590 3596
14321 4 2 20 2 615 525 532 3443
14322 4 2 20 2 3469 2949 3831 3897
14323 4 2 20 2 474 433 388 3472
14324 4 2 20 2 3386 3513 2996 4086
14325 4 2 20 2 2498 2495 2496 4013
14326 4 2 20 2 3247 4110 3789 4111
14327 4 2 20 2 1206 1223 1264 3536
14328 4 2 20 2 2151 2189 2188 3700
14329 4 2 20 2 3396 2998 3587 4044
14330 4 2 20 2 1698 3260 1699 3290
14331 4 2 20 2 3073 3219 2899 3862
14332 4 2 20 2 1193 1177 1195 3890
14333 4 2 20 2 3035 4005 3557 4018
14334 4 2 20 2 1844 1922 1832 3236
14335 4 2 20 2 174 170 3713 3734
14336 4 2 20 2 2841 3690 3449 3759
14337 4 2 20 2 347 3206 346 3642
14338 4 2 20 2 911 842 872 3745
14339 4 2 20 2 1345 1244 1318 4103
14340 4 2 20 2 2989 3723 3836 3950
14341 4 2 20 2 2165 2215 3263 3380
14342 4 2 20 2 1155 1154 1187 3454
14343 4 2 20 2 3568 3661 1212 3991
14344 4 2 20 2 2261 2331 2339 4106
14345 4 2 20 2 1510 1531 1604 3979
14346 4 2 20 2 1483 1525 1671 3915
14347 4 2 20 2 1707 1759 1687 3933
14348 4 2 20 2 235 279 319 3594
14349 4 2 20 2 661 611 659 3503
14350 4 2 20 2 88 3736 129 4072
14351 4 2 20 2 3468 3914 3142 4074
14352 4 2 20 2 2967 3951 3448 4059
14353 4 2 20 2 3029 3444 4083 4115
14354 4 2 20 2 1678 1649 1591 3308
14355 4 2 20 2 1300 1332 1329 3859
14356 4 2 20 2 227 3086 4011 4045
14357 4 2 20 2 2486 2485 2479 3129
14358 4 2 20 2 1368 3467 1336 3909
14359 4 2 20 2 3416 3620 59 3937
14360 4 2 20 2 1226 1247 1321 3226
14361 4 2 20 2 2849 3557 4018 4062
14362 4 2 20 2 1552 1551 3308 4096
14363 4 2 20 2 2291 2973 3090 4039
14364 4 2 20 2 548 3171 544 3871
14365 4 2 20 2 2180 2178 2142 3063
14366 4 2 20 2 3378 3767 3143 3883
14367 4 2 20 2 3588 3908 2872 4007
14368 4 2 20 2 2861 3782 3727 4112
14369 4 2 20 2 1631 3492 1630 3771
14370 4 2 20 2 3040 3816 3842 4109
14371 4 2 20 2 462 422 375 3899
14372 4 2 20 2 2087 3614 2152 4016
14373 4 2 20 2 1837 1803 1913 3415
14374 4 2 20 2 3441 3757 3027 4084
14375 4 2 20 2 1525 1483 1484 3915
14376 4 2 20 2 1261 1343 3458 4053
14377 4 2 20 2 700 2976 702 3167
14378 4 2 20 2 226 144 4044 4045
14379 4 2 20 2 1072 3527 1049 3818
14380 4 2 20 2 3063 3865 3272 3880
14381 4 2 20 2 1679 3492 1650 3959
14382 4 2 20 2 2197 2221 2148 3350
14383 4 2 20 2 3011 3629 3949 4059
14384 4 2 20 2 2389 2900 2367 3588
14385 4 2 20 2 3104 3690 3449 3874
14386 4 2 20 2 2087 2006 2086 3614
14387 4 2 20 2 3248 3501 2843 3835
14388 4 2 20 2 416 459 503 3447
14389 4 2 20 2 1570 1440 1465 3324
14390 4 2 20 2 1157 1215 1288 3454
14391 4 2 20 2 3617 3935 2881 4057
14392 4 2 20 2 3112 2893 3758 4036
14393 4 2 20 2 1534 1467 1610 3410
14394 4 2 20 2 1086 1058 3473 4046
14395 4 2 20 2 265 216 218 3545
14396 4 2 20 2 3448 3951 3011 4059
14397 4 2 20 2 257 162 204 3637
14398 4 2 20 2 3416 3735 2907 4089
14399 4 2 20 2 3037 3139 3000 3744
14400 4 2 20 2 146 143 105 3587
14401 4 2 20 2 2882 3089 3015 3396
14402 4 2 20 2 2403 2356 2404 3179
14403 4 2 20 2 35 81 40 3573
14404 4 2 20 2 3164 3167 850 3721
14405 4 2 20 2 2493 2472 2459 3129
14406 4 2 20 2 1254 1306 1280 3467
14407 4 2 20 2 1753 1697 1777 3290
14408 4 2 20 2 1521 1520 1543 3669
14409 4 2 20 2 1467 1360 1325 3410
14410 4 2 20 2 1055 1053 1083 3599
14411 4 2 20 2 448 444 401 4006
14412 4 2 20 2 3262 3848 2837 3978
14413 4 2 20 2 117 119 3574 3914
14414 4 2 20 2 470 515 3389 3618
14415 4 2 20 2 1619 1488 1549 3644
14416 4 2 20 2 2063 3671 2082 4118
14417 4 2 20 2 3108 3757 3441 4084
14418 4 2 20 2 1011 1044 1010 3710
14419 4 2 20 2 620 579 577 3310
14420 4 2 20 2 2074 3525 2102 3980
14421 4 2 20 2 1103 1052 1108 3660
14422 4 2 20 2 777 779 808 3531
14423 4 2 20 2 998 994 977 3905
14424 4 2 20 2 53 51 3537 4078
14425 4 2 20 2 1974 2069 2068 3972
14426 4 2 20 2 1583 1455 1502 3442
14427 4 2 20 2 3214 3530 648 3989
14428 4 2 20 2 1655 1701 1754 3452
14429 4 2 20 2 979 952 923 3743
14430 4 2 20 2 860 823 824 3854
14431 4 2 20 2 2854 2872 3588 3908
14432 4 2 20 2 938 940 895 3311
14433 4 2 20 2 1606 1609 1560 3821
14434 4 2 20 2 2377 921 922 3338
14435 4 2 20 2 2484 3477 3276 4073
14436 4 2 20 2 2369 3588 2367 4007
14437 4 2 20 2 668 3127 711 3966
14438 4 2 20 2 2196 2183 2097 3418
14439 4 2 20 2 1613 1582 1521 3342
14440 4 2 20 2 1746 1672 1690 3766
14441 4 2 20 2 2493 2494 2486 3129
14442 4 2 20 2 2343 3394 784 3952
14443 4 2 20 2 993 996 975 3892
14444 4 2 20 2 2880 3190 3053 4058
14445 4 2 20 2 2952 4021 2911 4039
14446 4 2 20 2 1639 1664 3669 4026
14447 4 2 20 2 1161 1112 3159 3657
14448 4 2 20 2 3093 2910 3495 3958
14449 4 2 20 2 2380 2346 2371 2945
14450 4 2 20 2 2430 2392 2380 3156
14451 4 2 20 2 2987 3737 3269 3821
14452 4 2 20 2 3018 3700 3688 3852
14453 4 2 20 2 3609 3651 3151 4092
14454 4 2 20 2 3751 3807 3097 3868
14455 4 2 20 2 1959 3556 2026 4000
14456 4 2 20 2 2445 2463 2454 3327
14457 4 2 20 2 2940 3160 3153 4031
14458 4 2 20 2 1677 1716 1624 3300
14459 4 2 20 2 3048 3558 3442 4047
14460 4 2 20 2 61 100 54 3425
14461 4 2 20 2 53 3537 57 4078
14462 4 2 20 2 235 234 236 3594
14463 4 2 20 2 98 102 3416 4089
14464 4 2 20 2 734 774 737 3744
14465 4 2 20 2 487 443 485 3655
14466 4 2 20 2 2852 3430 3802 3803
14467 4 2 20 2 184 186 187 3553
14468 4 2 20 2 2099 2064 2030 4040
14469 4 2 20 2 1291 1210 1209 3209
14470 4 2 20 2 770 3510 799 3692
14471 4 2 20 2 2206 2275 2226 3183
14472 4 2 20 2 306 350 308 3862
14473 4 2 20 2 376 3633 378 3921
14474 4 2 20 2 108 3587 105 4009
14475 4 2 20 2 2956 3764 3228 4068
14476 4 2 20 2 2982 3001 2866 3187
14477 4 2 20 2 3073 3343 2869 3895
14478 4 2 20 2 744 3158 600 3763
14479 4 2 20 2 2089 2155 2076 2075
14480 4 2 20 2 744 812 748 3593
14481 4 2 20 2 2348 2346 2380 3156
14482 4 2 20 2 620 622 579 3310
14483 4 2 20 2 3084 3891 3350 3947
14484 4 2 20 2 3579 3912 3110 4083
14485 4 2 20 2 577 617 620 3310
14486 4 2 20 2 2885 3192 3750 3948
14487 4 2 20 2 2394 2372 2406 3156
14488 4 2 20 2 1593 1594 1625 3475
14489 4 2 20 2 587 722 674 3348
14490 4 2 20 2 1533 1511 1512 3476
14491 4 2 20 2 2871 2964 4051 4100
14492 4 2 20 2 3154 2964 3281 3606
14493 4 2 20 2 1843 1858 1775 3959
14494 4 2 20 2 2917 574 3542 3993
14495 4 2 20 2 3409 3491 223 4045
14496 4 2 20 2 1924 1984 1936 4063
14497 4 2 20 2 1297 1378 1294 3193
14498 4 2 20 2 115 116 110 3631
14499 4 2 20 2 701 704 3167 3694
14500 4 2 20 2 3370 3449 2841 3874
14501 4 2 20 2 3263 3929 3380 4041
14502 4 2 20 2 3153 2898 3680 4031
14503 4 2 20 2 1362 1366 1302 3701
14504 4 2 20 2 2467 2480 2473 4061
14505 4 2 20 2 1161 1191 3657 4022
14506 4 2 20 2 639 638 3463 3670
14507 4 2 20 2 614 696 612 3394
14508 4 2 20 2 1832 3236 1877 3884
14509 4 2 20 2 2066 2112 2033 4054
14510 4 2 20 2 2166 2105 2106 3380
14511 4 2 20 2 2191 2248 2174 3762
14512 4 2 20 2 1177 1197 1195 3890
14513 4 2 20 2 1483 3502 1393 3915
14514 4 2 20 2 95 92 96 4078
14515 4 2 20 2 2945 3826 3348 3854
14516 4 2 20 2 266 3642 3545 3643
14517 4 2 20 2 644 557 555 3249
14518 4 2 20 2 1914 2019 1930 3972
14519 4 2 20 2 3606 3637 3154 3990
14520 4 2 20 2 3225 3431 2932 3974
14521 4 2 20 2 3462 3101 3893 3980
14522 4 2 20 2 1056 1028 1035 3469
14523 4 2 20 2 24 3537 19 3572
14524 4 2 20 2 2169 2084 2112 4054
14525 4 2 20 2 1038 1112 3473 4116
14526 4 2 20 2 117 155 114 3574
14527 4 2 20 2 2018 1941 2006 3776
14528 4 2 20 2 1824 1886 3300 3943
14529 4 2 20 2 816 3339 2343 3952
14530 4 2 20 2 3020 3709 3355 3934
14531 4 2 20 2 520 433 474 3471
14532 4 2 20 2 1103 1129 1126 3825
14533 4 2 20 2 1199 1172 1212 3568
14534 4 2 20 2 1297 1272 1299 3193
14535 4 2 20 2 920 875 3164 3544
14536 4 2 20 2 858 3338 2916 3987
14537 4 2 20 2 2071 2007 1956 3812
14538 4 2 20 2 2847 4031 3500 4035
14539 4 2 20 2 2868 3767 3602 3883
14540 4 2 20 2 1640 1706 1663 3778
14541 4 2 20 2 1639 1539 1578 4026
14542 4 2 20 2 694 3318 657 3394
14543 4 2 20 2 2132 2165 3263 3930
14544 4 2 20 2 1707 3932 1759 3933
14545 4 2 20 2 2083 2002 2063 3671
14546 4 2 20 2 695 693 752 2976
14547 4 2 20 2 688 3460 736 3763
14548 4 2 20 2 1622 1676 1623 3596
14549 4 2 20 2 1539 3669 1498 4026
14550 4 2 20 2 483 532 525 3443
14551 4 2 20 2 2374 2375 2407 3564
14552 4 2 20 2 554 3511 3194 3907
14553 4 2 20 2 2367 2900 2342 3038
14554 4 2 20 2 1343 1261 3458 3786
14555 4 2 20 2 669 670 624 3675
14556 4 2 20 2 1496 3518 1495 3519
14557 4 2 20 2 1590 1591 1552 3308
14558 4 2 20 2 2289 3256 2288 4106
14559 4 2 20 2 1564 3326 1563 3950
14560 4 2 20 2 2444 2380 2378 2891
14561 4 2 20 2 140 144 141 3396
14562 4 2 20 2 723 767 794 3621
14563 4 2 20 2 827 826 863 3541
14564 4 2 20 2 333 3691 3192 3870
14565 4 2 20 2 424 3213 558 3995
14566 4 2 20 2 2932 3168 3107 3431
14567 4 2 20 2 3288 3964 3006 4114
14568 4 2 20 2 1644 1524 1433 3662
14569 4 2 20 2 920 875 876 3164
14570 4 2 20 2 814 2976 750 3721
14571 4 2 20 2 2068 2113 2151 3841
14572 4 2 20 2 3001 3086 2897 3155
14573 4 2 20 2 1408 3519 1281 3608
14574 4 2 20 2 2946 3955 3170 4075
14575 4 2 20 2 587 3826 3463 3854
14576 4 2 20 2 485 3232 3352 3655
14577 4 2 20 2 2485 2486 2492 3129
14578 4 2 20 2 2899 3219 3073 3343
14579 4 2 20 2 1209 1291 3209 3897
14580 4 2 20 2 1759 1707 1760 3932
14581 4 2 20 2 2968 3362 3017 3559
14582 4 2 20 2 2031 3982 3094 4054
14583 4 2 20 2 5 12 7 3754
14584 4 2 20 2 2137 2173 2115 3525
14585 4 2 20 2 1550 3308 1551 3596
14586 4 2 20 2 808 810 843 3745
14587 4 2 20 2 2860 3978 3263 4041
14588 4 2 20 2 3136 3249 2915 3711
14589 4 2 20 2 95 3794 134 4078
14590 4 2 20 2 1668 1585 1669 3316
14591 4 2 20 2 3729 3832 3243 4098
14592 4 2 20 2 3192 3336 2928 3948
14593 4 2 20 2 2852 3802 3325 3803
14594 4 2 20 2 863 887 827 3541
14595 4 2 20 2 1095 1073 1097 3770
14596 4 2 20 2 467 512 466 3753
14597 4 2 20 2 3103 3535 3510 3541
14598 4 2 20 2 3263 3978 3929 4041
14599 4 2 20 2 369 372 415 3994
14600 4 2 20 2 3239 3782 3505 3942
14601 4 2 20 2 1923 1950 2057 4014
14602 4 2 20 2 3575 2837 3978 4041
14603 4 2 20 2 1315 1241 4022 4067
14604 4 2 20 2 954 957 956 3376
14605 4 2 20 2 3110 3903 3579 4083
14606 4 2 20 2 3232 3343 485 3352
14607 4 2 20 2 3071 3088 3065 3643
14608 4 2 20 2 730 724 639 3463
14609 4 2 20 2 394 312 395 3654
14610 4 2 20 2 158 157 3468 3872
14611 4 2 20 2 3030 3862 3073 3895
14612 4 2 20 2 2862 3412 2932 3944
14613 4 2 20 2 2442 2913 2413 3291
14614 4 2 20 2 192 3784 154 4091
14615 4 2 20 2 3090 3394 2291 3952
14616 4 2 20 2 1507 1602 3771 3810
14617 4 2 20 2 2127 2036 3525 3972
14618 4 2 20 2 21 3832 20 4098
14619 4 2 20 2 1344 4102 1244 4103
14620 4 2 20 2 56 97 59 3937
14621 4 2 20 2 3206 3618 3071 3643
14622 4 2 20 2 3415 3963 1928 4077
14623 4 2 20 2 1816 1891 1890 3616
14624 4 2 20 2 1240 3277 1218 3436
14625 4 2 20 2 2849 4018 3609 4049
14626 4 2 20 2 3038 2872 3127 3310
14627 4 2 20 2 1304 1305 3828 3911
14628 4 2 20 2 575 3352 2917 3698
14629 4 2 20 2 3257 3694 3127 3847
14630 4 2 20 2 2041 1998 2054 3983
14631 4 2 20 2 122 164 3281 3606
14632 4 2 20 2 1343 3786 3458 3918
14633 4 2 20 2 1046 1073 1095 3710
14634 4 2 20 2 1540 3439 1516 3933
14635 4 2 20 2 1345 1318 3636 4103
14636 4 2 20 2 490 488 3043 3655
14637 4 2 20 2 1155 1154 3454 4046
14638 4 2 20 2 1096 1178 1148 3469
14639 4 2 20 2 3014 3224 2278 3686
14640 4 2 20 2 1800 1878 3408 3667
14641 4 2 20 2 3335 3912 3579 4083
14642 4 2 20 2 1208 1224 1320 3897
14643 4 2 20 2 2896 3092 2872 3310
14644 4 2 20 2 2279 2215 2217 3238
14645 4 2 20 2 1564 1603 1563 3326
14646 4 2 20 2 2971 3713 3271 3734
14647 4 2 20 2 2046 2105 2098 3930
14648 4 2 20 2 830 3649 730 4086
14649 4 2 20 2 1215 1257 1260 3391
14650 4 2 20 2 867 868 832 4107
14651 4 2 20 2 1895 1862 1863 3405
14652 4 2 20 2 729 730 3463 4086
14653 4 2 20 2 1469 1491 1573 3466
14654 4 2 20 2 3371 3445 2962 3919
14655 4 2 20 2 605 2959 655 3503
14656 4 2 20 2 2897 3155 3148 4006
14657 4 2 20 2 1925 3094 3942 4054
14658 4 2 20 2 2291 3090 2267 4039
14659 4 2 20 2 2242 2201 2210 3970
14660 4 2 20 2 1202 1141 1143 4102
14661 4 2 20 2 1096 1148 1101 3469
14662 4 2 20 2 665 616 663 3698
14663 4 2 20 2 1014 1015 1020 3135
14664 4 2 20 2 3348 3725 3013 3854
14665 4 2 20 2 2166 2217 2165 3380
14666 4 2 20 2 1913 2017 1928 3963
14667 4 2 20 2 2067 1991 1953 3728
14668 4 2 20 2 2019 1914 2036 3462
14669 4 2 20 2 2985 3754 3524 4020
14670 4 2 20 2 2249 2175 2262 2875
14671 4 2 20 2 1682 1658 1723 3979
14672 4 2 20 2 1400 1357 1398 3603
14673 4 2 20 2 288 245 3490 3705
14674 4 2 20 2 3155 3654 483 4006
14675 4 2 20 2 79 81 35 3573
14676 4 2 20 2 912 906 909 3653
14677 4 2 20 2 773 3386 801 4086
14678 4 2 20 2 1053 1077 1079 3818
14679 4 2 20 2 2950 3114 2996 3837
14680 4 2 20 2 267 268 219 3853
14681 4 2 20 2 218 221 265 3545
14682 4 2 20 2 2324 3156 2381 3813
14683 4 2 20 2 3271 2908 3736 3749
14684 4 2 20 2 2259 2227 2237 3676
14685 4 2 20 2 1602 3326 1631 3771
14686 4 2 20 2 2016 2124 2067 3728
14687 4 2 20 2 2436 2416 2448 3332
14688 4 2 20 2 1050 3216 1071 3673
14689 4 2 20 2 2935 3711 3894 4105
14690 4 2 20 2 2441 2880 2473 3190
14691 4 2 20 2 2899 2959 2917 3689
14692 4 2 20 2 910 842 911 3650
14693 4 2 20 2 2378 2916 2402 3837
14694 4 2 20 2 38 3168 3107 3780
14695 4 2 20 2 1730 1505 1790 4030
14696 4 2 20 2 1070 1075 1048 3527
14697 4 2 20 2 1743 3316 1744 4077
14698 4 2 20 2 2169 3647 2084 4054
14699 4 2 20 2 200 3336 197 3872
14700 4 2 20 2 389 350 306 3862
14701 4 2 20 2 1767 1729 1805 3340
14702 4 2 20 2 2253 3523 2268 3889
14703 4 2 20 2 1669 1744 1668 3316
14704 4 2 20 2 2175 2163 2875 3865
14705 4 2 20 2 598 648 3530 3989
14706 4 2 20 2 412 3334 370 3994
14707 4 2 20 2 2927 2250 3005 3014
14708 4 2 20 2 516 567 3318 3618
14709 4 2 20 2 2440 2411 2410 3561
14710 4 2 20 2 53 19 54 3537
14711 4 2 20 2 3463 3513 3244 3670
14712 4 2 20 2 3270 3606 2964 3633
14713 4 2 20 2 2457 2470 2455 3276
14714 4 2 20 2 1909 1951 3385 4000
14715 4 2 20 2 3198 3681 3604 4057
14716 4 2 20 2 2369 2403 3908 4007
14717 4 2 20 2 1551 1592 3308 4096
14718 4 2 20 2 1631 1696 1650 3492
14719 4 2 20 2 743 780 779 3531
14720 4 2 20 2 246 249 199 3705
14721 4 2 20 2 1730 3644 1505 4030
14722 4 2 20 2 1127 1182 1107 3660
14723 4 2 20 2 2880 3311 3190 4058
14724 4 2 20 2 2019 3462 2036 3972
14725 4 2 20 2 12 16 7 3572
14726 4 2 20 2 796 824 721 3854
14727 4 2 20 2 261 300 303 3371
14728 4 2 20 2 208 254 207 3606
14729 4 2 20 2 3151 3712 3651 4005
14730 4 2 20 2 1795 1772 1815 3290
14731 4 2 20 2 2344 3013 2945 3339
14732 4 2 20 2 1101 1056 1035 3469
14733 4 2 20 2 3302 3890 2988 4023
14734 4 2 20 2 2016 2034 2123 3728
14735 4 2 20 2 2249 2175 2927 3414
14736 4 2 20 2 100 3425 61 4009
14737 4 2 20 2 802 3037 804 3763
14738 4 2 20 2 2191 2192 2288 3762
14739 4 2 20 2 393 3322 392 4011
14740 4 2 20 2 585 631 632 4015
14741 4 2 20 2 20 3832 3937 4098
14742 4 2 20 2 3103 3386 3114 3692
14743 4 2 20 2 2940 3160 3138 3490
14744 4 2 20 2 865 866 901 3649
14745 4 2 20 2 3178 3852 3444 4115
14746 4 2 20 2 2952 3071 2888 3077
14747 4 2 20 2 3320 3103 3510 3692
14748 4 2 20 2 3139 3461 684 3686
14749 4 2 20 2 1915 1942 2037 3980
14750 4 2 20 2 2994 3877 3462 3893
14751 4 2 20 2 724 675 639 3463
14752 4 2 20 2 3000 3037 3460 3530
14753 4 2 20 2 1171 1212 3661 3991
14754 4 2 20 2 3059 3681 3116 3716
14755 4 2 20 2 1395 3568 1437 3611
14756 4 2 20 2 1481 1480 1390 3636
14757 4 2 20 2 2860 3044 2869 3398
14758 4 2 20 2 2479 3129 2485 4073
14759 4 2 20 2 898 3133 899 3986
14760 4 2 20 2 2490 2492 2500 3477
14761 4 2 20 2 2471 2450 2460 4073
14762 4 2 20 2 746 2972 749 3132
14763 4 2 20 2 478 479 3219 3993
14764 4 2 20 2 849 846 3132 3745
14765 4 2 20 2 2933 3852 3806 4115
14766 4 2 20 2 2985 3168 3754 4020
14767 4 2 20 2 1768 1853 1809 3565
14768 4 2 20 2 1519 1499 1477 3669
14769 4 2 20 2 1689 1672 1745 3766
14770 4 2 20 2 2321 2999 2298 3000
14771 4 2 20 2 2866 3021 3397 3855
14772 4 2 20 2 1497 3909 1577 4026
14773 4 2 20 2 462 421 505 3899
14774 4 2 20 2 220 3088 309 3643
14775 4 2 20 2 1713 3340 1729 3851
14776 4 2 20 2 2943 3479 3371 3637
14777 4 2 20 2 3071 3618 3322 3643
14778 4 2 20 2 894 893 901 3986
14779 4 2 20 2 774 738 775 3744
14780 4 2 20 2 2908 3235 3294 3955
14781 4 2 20 2 484 3343 479 3993
14782 4 2 20 2 509 3280 469 3920
14783 4 2 20 2 2873 3759 3690 4075
14784 4 2 20 2 1985 2047 2015 4063
14785 4 2 20 2 761 3257 759 3694
14786 4 2 20 2 3013 3339 765 3725
14787 4 2 20 2 1939 3671 2002 3947
14788 4 2 20 2 1243 1244 1344 4102
14789 4 2 20 2 2018 2087 2050 3614
14790 4 2 20 2 2021 1966 3379 3683
14791 4 2 20 2 3147 3764 2956 4111
14792 4 2 20 2 2258 2307 2257 3717
14793 4 2 20 2 2896 3043 3092 3310
14794 4 2 20 2 941 3986 899 3987
14795 4 2 20 2 1937 2029 1986 3697
14796 4 2 20 2 698 3428 660 3503
14797 4 2 20 2 2109 3201 3843 3923
14798 4 2 20 2 3225 3329 3075 4078
14799 4 2 20 2 2195 2213 2181 4021
14800 4 2 20 2 1 3754 3168 4020
14801 4 2 20 2 1290 1344 3420 4102
14802 4 2 20 2 3392 4015 541 4068
14803 4 2 20 2 2842 3413 4051 4100
14804 4 2 20 2 2465 2855 2448 3760
14805 4 2 20 2 2899 3343 3073 3895
14806 4 2 20 2 1717 3565 1734 3927
14807 4 2 20 2 3141 3691 3016 3948
14808 4 2 20 2 1738 1657 3771 3884
14809 4 2 20 2 3507 3803 3264 4024
14810 4 2 20 2 582 3675 3092 3966
14811 4 2 20 2 3006 3809 3580 3964
14812 4 2 20 2 349 347 266 3643
14813 4 2 20 2 1127 1056 1124 3469
14814 4 2 20 2 3107 2932 3431 3974
14815 4 2 20 2 2913 3080 2880 3333
14816 4 2 20 2 1886 3752 3300 3943
14817 4 2 20 2 202 3336 200 3872
14818 4 2 20 2 866 833 3387 3649
14819 4 2 20 2 2855 2891 3760 3837
14820 4 2 20 2 2296 3184 2295 4113
14821 4 2 20 2 2008 2038 2076 3812
14822 4 2 20 2 2250 2927 2277 3014
14823 4 2 20 2 3153 3680 3631 4028
14824 4 2 20 2 601 3008 2972 3417
14825 4 2 20 2 403 3397 448 4006
14826 4 2 20 2 642 3320 3249 3511
14827 4 2 20 2 3296 3684 3532 3961
14828 4 2 20 2 674 3348 722 3854
14829 4 2 20 2 1 3168 36 4020
14830 4 2 20 2 1538 1661 3607 3778
14831 4 2 20 2 3062 3604 3941 4057
14832 4 2 20 2 1570 1683 1636 3772
14833 4 2 20 2 1837 1913 1864 3415
14834 4 2 20 2 1943 1919 2011 3272
14835 4 2 20 2 3043 3310 577 3791
14836 4 2 20 2 1435 1413 1227 3897
14837 4 2 20 2 2304 2372 2324 3156
14838 4 2 20 2 1768 1868 1853 3565
14839 4 2 20 2 697 699 700 3503
14840 4 2 20 2 777 3139 3224 3254
14841 4 2 20 2 693 751 752 2976
14842 4 2 20 2 2243 2279 2217 3238
14843 4 2 20 2 2356 3179 2403 4007
14844 4 2 20 2 3644 4030 1730 4071
14845 4 2 20 2 3427 3630 3045 3870
14846 4 2 20 2 3055 3635 3336 4035
14847 4 2 20 2 772 773 642 3320
14848 4 2 20 2 942 963 941 3987
14849 4 2 20 2 2280 2232 2253 3889
14850 4 2 20 2 1819 3408 1939 3585
14851 4 2 20 2 647 649 686 3686
14852 4 2 20 2 677 638 588 3670
14853 4 2 20 2 332 374 336 3598
14854 4 2 20 2 2263 2242 2210 3970
14855 4 2 20 2 1310 1287 1285 4067
14856 4 2 20 2 146 105 147 3587
14857 4 2 20 2 1956 1902 1903 3812
14858 4 2 20 2 403 450 3397 3922
14859 4 2 20 2 2449 2433 2435 3941
14860 4 2 20 2 3354 3953 3212 3971
14861 4 2 20 2 2999 3488 3158 3530
14862 4 2 20 2 3155 3322 393 4011
14863 4 2 20 2 590 553 506 3670
14864 4 2 20 2 3019 3676 4012 4016
14865 4 2 20 2 1776 1775 1722 3959
14866 4 2 20 2 2996 3649 3463 3854
14867 4 2 20 2 54 57 53 3537
14868 4 2 20 2 1110 1058 1088 3473
14869 4 2 20 2 2481 2914 2473 4061
14870 4 2 20 2 2941 3557 3266 4117
14871 4 2 20 2 597 3530 563 3989
14872 4 2 20 2 1571 1572 1532 3273
14873 4 2 20 2 1661 1724 1684 3607
14874 4 2 20 2 3153 3468 3055 3705
14875 4 2 20 2 2175 3414 2116 3865
14876 4 2 20 2 23 22 25 3438
14877 4 2 20 2 2417 2359 2327 3739
14878 4 2 20 2 1573 1537 1469 3466
14879 4 2 20 2 1778 1703 1683 3772
14880 4 2 20 2 1138 1137 1217 3695
14881 4 2 20 2 828 3311 3103 3541
14882 4 2 20 2 2495 2480 2474 4013
14883 4 2 20 2 3055 3336 3635 3872
14884 4 2 20 2 910 841 842 3650
14885 4 2 20 2 52 49 91 4072
14886 4 2 20 2 3620 3735 3416 4089
14887 4 2 20 2 2278 3005 3014 3234
14888 4 2 20 2 300 3371 3637 3920
14889 4 2 20 2 3307 2907 3735 4089
14890 4 2 20 2 3267 4067 3436 4082
14891 4 2 20 2 2882 3533 3971 4090
14892 4 2 20 2 1592 1551 3308 3596
14893 4 2 20 2 1820 1902 1931 3645
14894 4 2 20 2 1903 1957 1995 3812
14895 4 2 20 2 607 3471 2959 3503
14896 4 2 20 2 3088 3322 392 3643
14897 4 2 20 2 516 470 434 3618
14898 4 2 20 2 1395 1436 1350 3197
14899 4 2 20 2 1863 1862 1799 3913
14900 4 2 20 2 1535 1608 1531 3360
14901 4 2 20 2 1247 1211 1350 3226
14902 4 2 20 2 895 892 938 3311
14903 4 2 20 2 1788 3215 1820 3893
14904 4 2 20 2 1939 3408 3671 3947
14905 4 2 20 2 1116 1115 1091 1161
14906 4 2 20 2 416 503 373 3447
14907 4 2 20 2 2973 3155 3443 4039
14908 4 2 20 2 1110 1086 1058 3473
14909 4 2 20 2 1499 1476 1477 3669
14910 4 2 20 2 2083 3947 3671 4118
14911 4 2 20 2 1998 1997 1944 3547
14912 4 2 20 2 3574 3914 119 4074
14913 4 2 20 2 1282 1314 1384 3911
14914 4 2 20 2 1024 1028 1036 3469
14915 4 2 20 2 1580 3932 1581 3933
14916 4 2 20 2 861 860 2916 3854
14917 4 2 20 2 2267 2302 2252 3523
14918 4 2 20 2 730 3649 3463 4086
14919 4 2 20 2 747 2972 746 3132
14920 4 2 20 2 3271 3713 170 3734
14921 4 2 20 2 1311 1333 1337 3625
14922 4 2 20 2 2870 2900 2976 3428
14923 4 2 20 2 353 310 271 4011
14924 4 2 20 2 2198 2185 2223 3891
14925 4 2 20 2 781 747 783 3132
14926 4 2 20 2 2105 3380 2165 3930
14927 4 2 20 2 50 18 3832 3937
14928 4 2 20 2 2982 3187 3594 3922
14929 4 2 20 2 1218 3657 1191 4022
14930 4 2 20 2 495 493 3392 4110
14931 4 2 20 2 319 277 235 3594
14932 4 2 20 2 1928 1973 1912 3963
14933 4 2 20 2 808 843 842 3745
14934 4 2 20 2 662 660 663 3428
14935 4 2 20 2 2461 3133 2914 3837
14936 4 2 20 2 2078 2042 2095 3368
14937 4 2 20 2 234 189 188 3169
14938 4 2 20 2 625 3675 627 4015
14939 4 2 20 2 745 690 651 3417
14940 4 2 20 2 412 452 368 3334
14941 4 2 20 2 585 632 633 3768
14942 4 2 20 2 2466 2479 2471 3293
14943 4 2 20 2 3244 3630 2983 3670
14944 4 2 20 2 809 3593 782 3763
14945 4 2 20 2 2915 3249 3244 3513
14946 4 2 20 2 2860 3534 3263 3978
14947 4 2 20 2 443 3232 485 3655
14948 4 2 20 2 1084 1052 1037 3660
14949 4 2 20 2 1052 1103 1051 3660
14950 4 2 20 2 1408 1426 1496 3519
14951 4 2 20 2 2192 2155 2138 3480
14952 4 2 20 2 236 3362 279 3594
14953 4 2 20 2 1328 1296 1359 3603
14954 4 2 20 2 1832 1798 1844 3236
14955 4 2 20 2 3221 3843 3455 3923
14956 4 2 20 2 462 3630 422 3899
14957 4 2 20 2 1792 1716 1751 3943
14958 4 2 20 2 2213 2196 2181 4021
14959 4 2 20 2 1996 1934 1943 3752
14960 4 2 20 2 3059 3716 3116 3860
14961 4 2 20 2 2081 3843 3221 3923
14962 4 2 20 2 288 3490 3160 3705
14963 4 2 20 2 77 75 110 3631
14964 4 2 20 2 476 3318 569 3618
14965 4 2 20 2 2950 3114 3103 3386
14966 4 2 20 2 930 3804 931 3981
14967 4 2 20 2 3459 3916 3087 4013
14968 4 2 20 2 203 3479 162 3637
14969 4 2 20 2 1361 1297 1299 3193
14970 4 2 20 2 1550 1552 1551 3308
14971 4 2 20 2 1179 3887 3536 3890
14972 4 2 20 2 1091 1161 1112 3159
14973 4 2 20 2 3045 3630 3136 3899
14974 4 2 20 2 1757 3607 3778 3913
14975 4 2 20 2 868 867 866 3387
14976 4 2 20 2 235 3169 234 3594
14977 4 2 20 2 3232 3655 443 3789
14978 4 2 20 2 85 88 89 3736
14979 4 2 20 2 749 753 784 3394
14980 4 2 20 2 3936 4113 2923 4114
14981 4 2 20 2 2962 2843 3501 3689
14982 4 2 20 2 230 227 226 4043
14983 4 2 20 2 944 946 909 3653
14984 4 2 20 2 2971 3235 3734 4072
14985 4 2 20 2 567 606 604 3318
14986 4 2 20 2 2434 2435 2433 3604
14987 4 2 20 2 589 642 555 3511
14988 4 2 20 2 1597 1609 1607 3821
14989 4 2 20 2 575 2917 3542 3698
14990 4 2 20 2 2394 2324 2372 3156
14991 4 2 20 2 2344 2371 2945 3013
14992 4 2 20 2 472 473 388 3472
14993 4 2 20 2 1603 1631 1602 3326
14994 4 2 20 2 466 425 467 3486
14995 4 2 20 2 2155 2076 2138 3480
14996 4 2 20 2 2164 2214 2212 3835
14997 4 2 20 2 3397 3871 3021 3945
14998 4 2 20 2 795 725 723 3535
14999 4 2 20 2 46 48 93 4078
15000 4 2 20 2 177 176 178 3491
15001 4 2 20 2 1080 1078 1055 3599
15002 4 2 20 2 642 644 555 3249
15003 4 2 20 2 1178 1246 1207 3831
15004 4 2 20 2 3092 3392 2919 3675
15005 4 2 20 2 1910 3365 1780 3913
15006 4 2 20 2 783 746 749 3132
15007 4 2 20 2 2860 2869 3534 3978
15008 4 2 20 2 915 948 911 3650
15009 4 2 20 2 2911 3071 2952 3322
15010 4 2 20 2 1910 1971 2001 3697
15011 4 2 20 2 3709 3788 3064 3882
15012 4 2 20 2 726 3535 768 3907
15013 4 2 20 2 2319 2360 3681 3716
15014 4 2 20 2 1137 1138 1064 3695
15015 4 2 20 2 1307 1280 1368 3467
15016 4 2 20 2 1739 1779 1859 3979
15017 4 2 20 2 1559 3299 1556 3646
15018 4 2 20 2 271 3409 223 4045
15019 4 2 20 2 1763 1900 1785 3558
15020 4 2 20 2 2882 3089 3533 4090
15021 4 2 20 2 643 590 556 4069
15022 4 2 20 2 375 421 462 3899
15023 4 2 20 2 2977 3635 3160 4035
15024 4 2 20 2 2897 3443 3155 4039
15025 4 2 20 2 2394 2381 2324 3156
15026 4 2 20 2 3334 3427 2905 3994
15027 4 2 20 2 1966 1887 1965 3927
15028 4 2 20 2 890 888 935 3804
15029 4 2 20 2 2050 1955 1992 3395
15030 4 2 20 2 124 127 88 3736
15031 4 2 20 2 831 771 770 3692
15032 4 2 20 2 462 505 3630 3899
15033 4 2 20 2 1839 1745 1746 3766
15034 4 2 20 2 3055 3635 3160 3872
15035 4 2 20 2 669 670 3675 3847
15036 4 2 20 2 3077 3206 3106 3486
15037 4 2 20 2 2059 2076 2075 3812
15038 4 2 20 2 2208 2138 2156 3480
15039 4 2 20 2 188 3169 189 3553
15040 4 2 20 2 3351 2923 4113 4114
15041 4 2 20 2 374 3372 420 3598
15042 4 2 20 2 2436 2456 2458 3739
15043 4 2 20 2 2436 3332 2456 3739
15044 4 2 20 2 664 614 3443 3952
15045 4 2 20 2 1116 1161 1091 3940
15046 4 2 20 2 3520 3617 3276 3941
15047 4 2 20 2 3077 3389 2952 3618
15048 4 2 20 2 337 3920 259 3990
15049 4 2 20 2 224 179 3853 4089
15050 4 2 20 2 3202 4018 3035 4062
15051 4 2 20 2 953 3102 913 3653
15052 4 2 20 2 509 3920 427 3989
15053 4 2 20 2 2866 3397 3001 3855
15054 4 2 20 2 2266 3008 2972 3389
15055 4 2 20 2 2872 3092 2896 3586
15056 4 2 20 2 750 3721 2976 3748
15057 4 2 20 2 2959 3471 473 3472
15058 4 2 20 2 1301 1330 1306 3909
15059 4 2 20 2 1288 1342 1343 4053
15060 4 2 20 2 899 3133 942 3987
15061 4 2 20 2 2454 3291 2428 3327
15062 4 2 20 2 2231 2875 2178 3501
15063 4 2 20 2 546 585 3768 4015
15064 4 2 20 2 956 920 3376 3544
15065 4 2 20 2 1541 1453 1500 3742
15066 4 2 20 2 3339 3725 3090 3952
15067 4 2 20 2 3507 2834 3822 3949
15068 4 2 20 2 1034 1024 1036 3135
15069 4 2 20 2 2927 3014 3005 3213
15070 4 2 20 2 265 264 216 3545
15071 4 2 20 2 1305 1312 1367 3911
15072 4 2 20 2 1478 1452 1499 3453
15073 4 2 20 2 951 917 3102 3164
15074 4 2 20 2 2053 2010 1999 3677
15075 4 2 20 2 3 3431 3168 3754
15076 4 2 20 2 71 69 73 4119
15077 4 2 20 2 2391 2404 2356 3179
15078 4 2 20 2 511 593 510 3989
15079 4 2 20 2 663 3428 701 3526
15080 4 2 20 2 20 29 30 4098
15081 4 2 20 2 506 553 504 4038
15082 4 2 20 2 2198 2149 2133 3891
15083 4 2 20 2 1790 1821 1730 4030
15084 4 2 20 2 1127 1124 1208 3897
15085 4 2 20 2 423 506 504 3630
15086 4 2 20 2 2950 2996 3386 3513
15087 4 2 20 2 541 4015 498 4068
15088 4 2 20 2 2177 2209 2230 3970
15089 4 2 20 2 811 843 810 3745
15090 4 2 20 2 1132 1083 1053 3599
15091 4 2 20 2 2375 2325 2395 3604
15092 4 2 20 2 2338 3706 2271 3813
15093 4 2 20 2 54 61 3425 4010
15094 4 2 20 2 647 3234 596 3954
15095 4 2 20 2 1783 1834 1762 4077
15096 4 2 20 2 3183 4012 3676 4016
15097 4 2 20 2 753 749 694 3394
15098 4 2 20 2 2227 2200 2172 3676
15099 4 2 20 2 315 313 3590 3654
15100 4 2 20 2 1122 1125 3661 3818
15101 4 2 20 2 1931 1956 2007 3645
15102 4 2 20 2 1730 1840 1789 4071
15103 4 2 20 2 1902 1956 1931 3645
15104 4 2 20 2 77 110 116 3631
15105 4 2 20 2 1226 1349 1225 3536
15106 4 2 20 2 2126 2136 2171 3253
15107 4 2 20 2 3280 3371 2962 3919
15108 4 2 20 2 229 3384 276 4043
15109 4 2 20 2 741 742 687 3763
15110 4 2 20 2 1598 1571 1568 3715
15111 4 2 20 2 2891 2996 2916 3837
15112 4 2 20 2 3562 3774 3196 3846
15113 4 2 20 2 343 3919 3371 3920
15114 4 2 20 2 3079 3844 3838 4079
15115 4 2 20 2 662 3542 3428 3698
15116 4 2 20 2 2199 2225 2295 3351
15117 4 2 20 2 66 4009 61 4010
15118 4 2 20 2 1110 1154 1086 3473
15119 4 2 20 2 2973 3443 3090 4039
15120 4 2 20 2 426 427 509 3920
15121 4 2 20 2 3274 3920 3280 3989
15122 4 2 20 2 2925 3778 3607 3913
15123 4 2 20 2 2400 2354 2366 3653
15124 4 2 20 2 624 625 583 3675
15125 4 2 20 2 930 962 933 3804
15126 4 2 20 2 1225 1393 1266 3536
15127 4 2 20 2 1149 1180 1179 3887
15128 4 2 20 2 1450 1476 1499 3364
15129 4 2 20 2 2968 3559 3017 4056
15130 4 2 20 2 3085 3270 2964 3633
15131 4 2 20 2 3307 3416 2907 4089
15132 4 2 20 2 40 3294 41 4020
15133 4 2 20 2 405 3922 3187 3945
15134 4 2 20 2 1584 1581 1545 3932
15135 4 2 20 2 561 560 466 3753
15136 4 2 20 2 2271 2256 2304 3813
15137 4 2 20 2 688 683 3460 3530
15138 4 2 20 2 2842 3880 2943 4095
15139 4 2 20 2 1707 1687 1612 3933
15140 4 2 20 2 2181 2118 3172 4021
15141 4 2 20 2 2321 2277 2298 2999
15142 4 2 20 2 1569 1532 3390 3715
15143 4 2 20 2 140 143 144 3396
15144 4 2 20 2 2842 4004 3413 4100
15145 4 2 20 2 1876 1779 1892 3314
15146 4 2 20 2 2190 2127 2128 3525
15147 4 2 20 2 154 192 118 3784
15148 4 2 20 2 2133 3350 3891 3947
15149 4 2 20 2 398 444 3654 4006
15150 4 2 20 2 2473 2441 2467 3459
15151 4 2 20 2 1182 3660 1127 3897
15152 4 2 20 2 2850 3726 3418 4021
15153 4 2 20 2 1942 1915 1849 3980
15154 4 2 20 2 2956 3247 3042 4111
15155 4 2 20 2 105 108 147 3587
15156 4 2 20 2 3201 3455 3843 3923
15157 4 2 20 2 3023 3447 3194 3824
15158 4 2 20 2 1880 1835 1912 4077
15159 4 2 20 2 203 3371 3479 3637
15160 4 2 20 2 1800 1725 1664 3669
15161 4 2 20 2 1679 1650 1722 3959
15162 4 2 20 2 3092 3310 3043 3791
15163 4 2 20 2 2471 3293 2479 4073
15164 4 2 20 2 1680 1594 1627 3672
15165 4 2 20 2 511 3214 593 3989
15166 4 2 20 2 818 703 787 3952
15167 4 2 20 2 656 3503 655 3748
15168 4 2 20 2 990 1002 982 3743
15169 4 2 20 2 698 697 700 3503
15170 4 2 20 2 3002 3357 3788 4042
15171 4 2 20 2 3160 3635 3055 4035
15172 4 2 20 2 2891 3463 2996 3514
15173 4 2 20 2 267 219 3713 3853
15174 4 2 20 2 1088 1058 1059 3473
15175 4 2 20 2 365 410 367 3764
15176 4 2 20 2 2251 2212 3263 3534
15177 4 2 20 2 558 595 594 3995
15178 4 2 20 2 1062 1089 3434 4046
15179 4 2 20 2 1071 1093 1068 3673
15180 4 2 20 2 146 3553 184 4044
15181 4 2 20 2 259 3637 258 3990
15182 4 2 20 2 2461 2482 2465 3837
15183 4 2 20 2 978 953 973 2400
15184 4 2 20 2 1292 1395 1267 3568
15185 4 2 20 2 1759 1726 1687 3933
15186 4 2 20 2 465 3213 424 3921
15187 4 2 20 2 3148 3397 3348 3855
15188 4 2 20 2 1870 1945 1904 3943
15189 4 2 20 2 3479 3736 2908 3749
15190 4 2 20 2 1167 3469 1178 3831
15191 4 2 20 2 2269 2218 2203 3668
15192 4 2 20 2 1521 1519 1477 3669
15193 4 2 20 2 3153 2940 3490 3705
15194 4 2 20 2 2268 3523 2313 3889
15195 4 2 20 2 1532 1571 3273 3715
15196 4 2 20 2 3078 3788 3357 4042
15197 4 2 20 2 1538 1515 1663 3778
15198 4 2 20 2 390 3618 387 3643
15199 4 2 20 2 1377 1359 1376 3603
15200 4 2 20 2 744 3593 3748 3763
15201 4 2 20 2 2485 3129 2492 4073
15202 4 2 20 2 2276 2228 2229 4097
15203 4 2 20 2 2900 2984 3526 3588
15204 4 2 20 2 886 3981 888 4019
15205 4 2 20 2 1648 1693 1622 3596
15206 4 2 20 2 3008 3417 650 3954
15207 4 2 20 2 1349 1412 1484 3915
15208 4 2 20 2 3138 3490 3160 3795
15209 4 2 20 2 724 3463 730 3649
15210 4 2 20 2 2266 2952 2973 4039
15211 4 2 20 2 654 656 655 3748
15212 4 2 20 2 2943 3880 3793 4095
15213 4 2 20 2 2852 3264 3803 4024
15214 4 2 20 2 1367 1312 1340 3911
15215 4 2 20 2 2952 3071 2911 4021
15216 4 2 20 2 1144 1175 1162 1139
15217 4 2 20 2 394 3654 3155 4011
15218 4 2 20 2 930 933 932 3804
15219 4 2 20 2 124 88 85 3736
15220 4 2 20 2 1160 1219 1190 3578
15221 4 2 20 2 1866 1839 1901 3877
15222 4 2 20 2 1668 1643 1585 3316
15223 4 2 20 2 1664 1611 1758 3667
15224 4 2 20 2 2026 1959 2057 3556
15225 4 2 20 2 1734 3565 1809 3927
15226 4 2 20 2 1820 1788 1789 3215
15227 4 2 20 2 1937 1986 1845 3697
15228 4 2 20 2 3053 2913 3333 3376
15229 4 2 20 2 1437 3568 1292 3611
15230 4 2 20 2 2320 2339 3256 4106
15231 4 2 20 2 2856 3971 3533 4090
15232 4 2 20 2 2897 3148 3001 4006
15233 4 2 20 2 3073 3030 3853 3862
15234 4 2 20 2 35 37 79 3780
15235 4 2 20 2 1710 1803 1837 3415
15236 4 2 20 2 2917 3352 3044 3698
15237 4 2 20 2 2300 3534 2301 4007
15238 4 2 20 2 1910 3365 1846 3697
15239 4 2 20 2 839 3424 906 3653
15240 4 2 20 2 1534 1494 1444 3410
15241 4 2 20 2 2451 2459 2472 3562
15242 4 2 20 2 911 872 914 3745
15243 4 2 20 2 2429 2414 3327 4060
15244 4 2 20 2 2904 3535 3103 3541
15245 4 2 20 2 625 583 3675 4015
15246 4 2 20 2 969 972 970 3733
15247 4 2 20 2 647 596 649 3954
15248 4 2 20 2 2201 2242 2213 2952
15249 4 2 20 2 1741 3585 3342 3669
15250 4 2 20 2 214 213 215 3642
15251 4 2 20 2 1657 1654 1738 3771
15252 4 2 20 2 857 859 793 4019
15253 4 2 20 2 67 3577 62 3620
15254 4 2 20 2 1821 1730 4030 4071
15255 4 2 20 2 1050 1076 1074 3216
15256 4 2 20 2 3148 3155 2897 3443
15257 4 2 20 2 544 548 587 3171
15258 4 2 20 2 2167 3221 2107 4014
15259 4 2 20 2 6 10 4 3524
15260 4 2 20 2 1934 1996 1933 3547
15261 4 2 20 2 892 887 890 3541
15262 4 2 20 2 2345 2356 3179 4060
15263 4 2 20 2 1989 2084 2003 4054
15264 4 2 20 2 2490 2492 3477 4073
15265 4 2 20 2 1313 1338 1339 4082
15266 4 2 20 2 642 3249 555 3511
15267 4 2 20 2 1123 1099 1097 3770
15268 4 2 20 2 1649 1628 1626 4104
15269 4 2 20 2 1010 3710 1017 4116
15270 4 2 20 2 3271 3736 2908 4072
15271 4 2 20 2 2911 3409 3086 4055
15272 4 2 20 2 1108 1052 1084 3660
15273 4 2 20 2 1212 3568 1172 3661
15274 4 2 20 2 795 3621 794 4019
15275 4 2 20 2 1751 1694 3377 3943
15276 4 2 20 2 2304 2324 2271 3813
15277 4 2 20 2 1967 1888 1906 3683
15278 4 2 20 2 2913 3544 2854 4064
15279 4 2 20 2 2062 2110 2119 3850
15280 4 2 20 2 1414 1528 1465 3324
15281 4 2 20 2 2404 2429 3327 4060
15282 4 2 20 2 1555 1556 3299 4096
15283 4 2 20 2 2322 2344 2945 3090
15284 4 2 20 2 1905 1964 1965 3927
15285 4 2 20 2 1886 1919 1943 3752
15286 4 2 20 2 206 163 3281 3637
15287 4 2 20 2 3160 3635 2977 3795
15288 4 2 20 2 3154 3371 3280 3920
15289 4 2 20 2 1913 1974 2017 3963
15290 4 2 20 2 2956 4110 3247 4111
15291 4 2 20 2 1578 1611 1664 4026
15292 4 2 20 2 1414 1465 1353 3324
15293 4 2 20 2 1858 1797 1775 3959
15294 4 2 20 2 937 941 963 3987
15295 4 2 20 2 209 208 164 3606
15296 4 2 20 2 1875 1830 1831 3290
15297 4 2 20 2 235 236 279 3594
15298 4 2 20 2 704 666 663 3526
15299 4 2 20 2 880 822 820 3544
15300 4 2 20 2 1347 1481 1390 3502
15301 4 2 20 2 2917 2959 2899 3993
15302 4 2 20 2 202 253 252 3336
15303 4 2 20 2 3255 3427 3045 3870
15304 4 2 20 2 1300 1279 1303 3859
15305 4 2 20 2 2871 4051 3413 4100
15306 4 2 20 2 490 445 488 3655
15307 4 2 20 2 1729 3340 1767 3851
15308 4 2 20 2 1623 1591 1590 3308
15309 4 2 20 2 858 2916 3338 3854
15310 4 2 20 2 352 309 3088 3643
15311 4 2 20 2 2133 2058 2111 3947
15312 4 2 20 2 2424 2383 2399 3906
15313 4 2 20 2 2190 2136 2127 3525
15314 4 2 20 2 3764 4068 2956 4111
15315 4 2 20 2 295 332 251 3635
15316 4 2 20 2 150 190 152 4028
15317 4 2 20 2 38 37 3168 3780
15318 4 2 20 2 998 977 979 3905
15319 4 2 20 2 379 3769 342 3921
15320 4 2 20 2 1698 3377 1694 3902
15321 4 2 20 2 1463 1509 1563 3810
15322 4 2 20 2 2231 2175 2163 2875
15323 4 2 20 2 1193 1117 1165 3940
15324 4 2 20 2 155 119 159 4074
15325 4 2 20 2 2857 3823 3684 3961
15326 4 2 20 2 523 3471 572 3993
15327 4 2 20 2 958 956 957 3376
15328 4 2 20 2 3271 3749 3736 4072
15329 4 2 20 2 1738 1700 1797 3959
15330 4 2 20 2 1194 1195 1196 4103
15331 4 2 20 2 3000 3214 2999 3530
15332 4 2 20 2 1323 1438 1351 3429
15333 4 2 20 2 1832 1798 3236 3884
15334 4 2 20 2 1934 1933 1884 3547
15335 4 2 20 2 1921 1908 1843 3546
15336 4 2 20 2 2439 2365 2424 3562
15337 4 2 20 2 1639 3669 1539 4026
15338 4 2 20 2 3043 3247 490 3655
15339 4 2 20 2 504 551 549 4038
15340 4 2 20 2 397 444 486 4006
15341 4 2 20 2 3436 4067 1313 4082
15342 4 2 20 2 2070 2050 2087 4016
15343 4 2 20 2 1160 1142 1141 3578
15344 4 2 20 2 1963 1957 1903 3812
15345 4 2 20 2 1572 1575 1536 3162
15346 4 2 20 2 660 698 663 3428
15347 4 2 20 2 1338 1313 4067 4082
15348 4 2 20 2 663 698 701 3428
15349 4 2 20 2 1477 1428 1449 4026
15350 4 2 20 2 598 3530 597 3989
15351 4 2 20 2 1104 1126 1131 3825
15352 4 2 20 2 2229 2287 2276 4097
15353 4 2 20 2 1304 1309 1305 3911
15354 4 2 20 2 619 667 618 3725
15355 4 2 20 2 1212 1292 1199 3568
15356 4 2 20 2 2118 3418 3172 4021
15357 4 2 20 2 3086 3001 3590 3654
15358 4 2 20 2 2919 3259 3768 3823
15359 4 2 20 2 1022 1070 1048 3527
15360 4 2 20 2 870 871 905 3975
15361 4 2 20 2 307 387 349 3643
15362 4 2 20 2 1465 1440 1353 3324
15363 4 2 20 2 3311 3541 891 3804
15364 4 2 20 2 871 837 838 3975
15365 4 2 20 2 2916 3649 860 3986
15366 4 2 20 2 2296 2295 3184 3790
15367 4 2 20 2 763 853 788 3339
15368 4 2 20 2 2945 3148 3090 3725
15369 4 2 20 2 1716 3300 1751 3943
15370 4 2 20 2 538 3348 3148 3397
15371 4 2 20 2 3085 3486 3106 3921
15372 4 2 20 2 2048 1972 2005 3505
15373 4 2 20 2 748 814 750 3721
15374 4 2 20 2 1823 1822 1747 4030
15375 4 2 20 2 2416 3619 2431 3760
15376 4 2 20 2 1850 1849 1806 3893
15377 4 2 20 2 3038 3127 2872 3588
15378 4 2 20 2 2178 2231 2163 3865
15379 4 2 20 2 603 3158 744 3748
15380 4 2 20 2 1915 3893 1849 3980
15381 4 2 20 2 1053 1079 1122 3818
15382 4 2 20 2 483 3443 3155 4006
15383 4 2 20 2 516 3318 3389 3618
15384 4 2 20 2 1444 1360 1467 3410
15385 4 2 20 2 553 506 3670 4038
15386 4 2 20 2 3158 3488 600 3530
15387 4 2 20 2 1595 1598 1627 3672
15388 4 2 20 2 1938 3982 2030 4040
15389 4 2 20 2 1117 1193 1145 3940
15390 4 2 20 2 51 19 53 3537
15391 4 2 20 2 425 3486 466 3921
15392 4 2 20 2 61 4009 3425 4010
15393 4 2 20 2 668 3310 3127 3966
15394 4 2 20 2 2914 3133 3114 3837
15395 4 2 20 2 792 3621 3257 4064
15396 4 2 20 2 2040 2092 2053 3677
15397 4 2 20 2 340 376 299 3633
15398 4 2 20 2 3348 3826 2945 3855
15399 4 2 20 2 1800 3408 1819 3669
15400 4 2 20 2 2129 2078 2095 3368
15401 4 2 20 2 913 912 3653 3721
15402 4 2 20 2 3043 2896 3247 4049
15403 4 2 20 2 1978 1999 1945 3677
15404 4 2 20 2 859 887 825 4019
15405 4 2 20 2 92 48 51 4078
15406 4 2 20 2 3011 3951 3629 4059
15407 4 2 20 2 782 839 844 3593
15408 4 2 20 2 2081 3221 3843 4014
15409 4 2 20 2 744 3748 3158 3763
15410 4 2 20 2 744 3593 748 3748
15411 4 2 20 2 3214 2999 3530 3989
15412 4 2 20 2 1933 1885 1884 3547
15413 4 2 20 2 392 3322 436 3618
15414 4 2 20 2 734 737 3460 3744
15415 4 2 20 2 1167 1178 1207 3831
15416 4 2 20 2 219 224 179 3853
15417 4 2 20 2 1964 2021 1965 3379
15418 4 2 20 2 1781 1724 1757 3607
15419 4 2 20 2 2424 2451 3562 3846
15420 4 2 20 2 506 504 3630 4038
15421 4 2 20 2 3270 3633 3085 3769
15422 4 2 20 2 2441 3053 2880 3190
15423 4 2 20 2 2082 2109 2184 4118
15424 4 2 20 2 582 669 3675 3966
15425 4 2 20 2 1728 1788 1766 3215
15426 4 2 20 2 1226 3536 1225 3887
15427 4 2 20 2 2373 2393 2357 3564
15428 4 2 20 2 2017 2049 1990 3841
15429 4 2 20 2 693 656 751 3503
15430 4 2 20 2 1468 1443 1492 3838
15431 4 2 20 2 1815 1829 1795 3290
15432 4 2 20 2 1053 1122 1132 3599
15433 4 2 20 2 2266 2242 3008 3389
15434 4 2 20 2 1382 1307 3467 4032
15435 4 2 20 2 2289 2320 3256 4106
15436 4 2 20 2 2081 3843 3556 4014
15437 4 2 20 2 962 986 939 4058
15438 4 2 20 2 1674 1767 1748 3851
15439 4 2 20 2 956 3376 924 3544
15440 4 2 20 2 3037 3530 3158 3763
15441 4 2 20 2 880 883 822 4064
15442 4 2 20 2 3213 3234 508 3995
15443 4 2 20 2 2098 2080 2046 3930
15444 4 2 20 2 196 195 199 3705
15445 4 2 20 2 2935 3136 3372 3598
15446 4 2 20 2 3187 3334 3021 3741
15447 4 2 20 2 1051 1036 1052 3660
15448 4 2 20 2 29 62 67 3577
15449 4 2 20 2 449 4110 362 4111
15450 4 2 20 2 896 3133 3114 3311
15451 4 2 20 2 993 997 996 3892
15452 4 2 20 2 1007 1006 1018 4116
15453 4 2 20 2 998 979 982 3905
15454 4 2 20 2 1768 1809 1733 3565
15455 4 2 20 2 42 39 3431 3974
15456 4 2 20 2 998 982 1002 3905
15457 4 2 20 2 716 761 762 3257
15458 4 2 20 2 2347 3539 2323 4060
15459 4 2 20 2 3485 3619 2396 3739
15460 4 2 20 2 2036 2088 3525 3980
15461 4 2 20 2 423 504 3427 3630
15462 4 2 20 2 987 965 966 3190
15463 4 2 20 2 1720 1698 1699 3290
15464 4 2 20 2 1780 1755 1705 3607
15465 4 2 20 2 42 83 39 3974
15466 4 2 20 2 1310 1338 1287 4067
15467 4 2 20 2 1623 1678 1591 3308
15468 4 2 20 2 1552 1553 1551 4096
15469 4 2 20 2 895 864 892 3311
15470 4 2 20 2 942 964 963 3988
15471 4 2 20 2 980 995 981 3426
15472 4 2 20 2 413 414 371 3666
15473 4 2 20 2 530 531 529 3352
15474 4 2 20 2 237 152 190 4028
15475 4 2 20 2 1053 1122 3599 3818
15476 4 2 20 2 1847 1960 1878 3671
15477 4 2 20 2 1318 1244 1263 4103
15478 4 2 20 2 1647 1648 1620 3596
15479 4 2 20 2 3322 3618 392 3643
15480 4 2 20 2 3062 3941 3617 4057
15481 4 2 20 2 4068 4110 2956 4111
15482 4 2 20 2 479 3343 3219 3993
15483 4 2 20 2 1838 3478 1764 3776
15484 4 2 20 2 1040 3710 1041 4116
15485 4 2 20 2 2172 2153 3676 4016
15486 4 2 20 2 3178 3497 4112 4115
15487 4 2 20 2 1600 1631 1630 3771
15488 4 2 20 2 2374 2373 2337 3564
15489 4 2 20 2 3169 3362 234 3594
15490 4 2 20 2 2302 2897 2267 3090
15491 4 2 20 2 671 3033 3675 3847
15492 4 2 20 2 334 3255 328 3870
15493 4 2 20 2 842 843 872 3745
15494 4 2 20 2 2465 2444 2461 3837
15495 4 2 20 2 738 3224 3139 3686
15496 4 2 20 2 202 252 200 3336
15497 4 2 20 2 206 3606 258 3637
15498 4 2 20 2 1694 1698 1751 3377
15499 4 2 20 2 1562 1560 1558 3299
15500 4 2 20 2 1568 1566 1634 3656
15501 4 2 20 2 2344 2343 3339 3952
15502 4 2 20 2 384 343 382 3919
15503 4 2 20 2 2461 2914 2481 3837
15504 4 2 20 2 211 126 212 3626
15505 4 2 20 2 1110 1156 1154 3473
15506 4 2 20 2 1937 2000 2029 3697
15507 4 2 20 2 3425 3537 54 4010
15508 4 2 20 2 1044 1065 3007 3710
15509 4 2 20 2 2005 1898 1880 1973
15510 4 2 20 2 759 3257 709 3694
15511 4 2 20 2 1987 3201 2082 3671
15512 4 2 20 2 2976 850 3167 3721
15513 4 2 20 2 2425 2439 2440 3561
15514 4 2 20 2 3045 3870 3630 3899
15515 4 2 20 2 1132 1151 1083 3599
15516 4 2 20 2 1281 1258 1339 3608
15517 4 2 20 2 2329 3716 2307 3717
15518 4 2 20 2 250 200 252 3336
15519 4 2 20 2 3425 3794 3089 4009
15520 4 2 20 2 3154 3281 2943 3637
15521 4 2 20 2 1307 1253 1280 3467
15522 4 2 20 2 362 404 364 4110
15523 4 2 20 2 1496 1469 1537 3518
15524 4 2 20 2 983 984 3053 3892
15525 4 2 20 2 3206 3486 3077 3753
15526 4 2 20 2 2959 3472 518 3488
15527 4 2 20 2 2441 2880 2442 3459
15528 4 2 20 2 2100 3982 2031 4054
15529 4 2 20 2 2262 2298 2249 2999
15530 4 2 20 2 760 757 786 3694
15531 4 2 20 2 2390 2427 2413 3588
15532 4 2 20 2 3213 3214 3014 3995
15533 4 2 20 2 1782 1740 1863 3405
15534 4 2 20 2 813 3132 846 3745
15535 4 2 20 2 1155 1086 1154 4046
15536 4 2 20 2 3219 3471 478 3993
15537 4 2 20 2 798 3510 768 3535
15538 4 2 20 2 1309 1312 1305 3911
15539 4 2 20 2 459 550 552 3824
15540 4 2 20 2 291 248 247 3691
15541 4 2 20 2 182 3307 3735 4089
15542 4 2 20 2 2266 2973 2291 4039
15543 4 2 20 2 25 28 3438 4098
15544 4 2 20 2 1501 1521 1502 3342
15545 4 2 20 2 2917 3044 3038 3698
15546 4 2 20 2 3559 3784 192 4091
15547 4 2 20 2 164 207 123 3281
15548 4 2 20 2 2129 2211 2180 3835
15549 4 2 20 2 2413 2913 2442 3053
15550 4 2 20 2 850 2976 814 3721
15551 4 2 20 2 1524 1644 1709 3662
15552 4 2 20 2 2380 2392 2348 3156
15553 4 2 20 2 97 50 52 3937
15554 4 2 20 2 491 3043 534 3791
15555 4 2 20 2 3631 3680 3180 4028
15556 4 2 20 2 2002 1878 1960 3671
15557 4 2 20 2 878 3338 2377 3339
15558 4 2 20 2 1086 1085 1058 4046
15559 4 2 20 2 282 365 321 3764
15560 4 2 20 2 3219 3471 2899 3472
15561 4 2 20 2 494 450 496 3945
15562 4 2 20 2 665 617 576 3698
15563 4 2 20 2 2319 2286 2360 3716
15564 4 2 20 2 712 3257 716 3847
15565 4 2 20 2 3079 3800 3718 3801
15566 4 2 20 2 2279 2292 2215 3238
15567 4 2 20 2 1719 1720 1681 3290
15568 4 2 20 2 553 588 551 3670
15569 4 2 20 2 561 466 512 3753
15570 4 2 20 2 3001 2866 3187 3397
15571 4 2 20 2 2307 2329 2362 3716
15572 4 2 20 2 2897 3001 3155 4006
15573 4 2 20 2 3195 4044 3396 4045
15574 4 2 20 2 2896 3044 3043 3310
15575 4 2 20 2 860 3649 862 3986
15576 4 2 20 2 1283 1314 1282 4067
15577 4 2 20 2 1593 1625 1592 3475
15578 4 2 20 2 504 457 423 3427
15579 4 2 20 2 2456 2436 2448 3332
15580 4 2 20 2 2906 3086 3409 4055
15581 4 2 20 2 1482 1456 1546 3502
15582 4 2 20 2 3245 3401 3982 4040
15583 4 2 20 2 189 187 186 3553
15584 4 2 20 2 615 614 573 3443
15585 4 2 20 2 312 3654 394 4011
15586 4 2 20 2 1292 1437 1395 3568
15587 4 2 20 2 35 79 3573 3780
15588 4 2 20 2 3086 3654 313 4011
15589 4 2 20 2 3219 2899 3471 3993
15590 4 2 20 2 1058 1085 1057 4046
15591 4 2 20 2 3113 4002 3724 4003
15592 4 2 20 2 2995 3507 3803 3822
15593 4 2 20 2 1854 1905 1887 3927
15594 4 2 20 2 974 972 950 2388
15595 4 2 20 2 1357 1359 1296 3603
15596 4 2 20 2 2457 3276 2455 3520
15597 4 2 20 2 426 338 337 3920
15598 4 2 20 2 1463 1507 1459 3810
15599 4 2 20 2 1344 1345 1431 3636
15600 4 2 20 2 374 420 419 3598
15601 4 2 20 2 333 334 330 3870
15602 4 2 20 2 67 32 29 3577
15603 4 2 20 2 1282 1384 1340 3911
15604 4 2 20 2 2964 3633 3606 3990
15605 4 2 20 2 54 3425 57 3537
15606 4 2 20 2 3920 3989 3274 3990
15607 4 2 20 2 1411 1316 1343 3786
15608 4 2 20 2 534 577 579 3791
15609 4 2 20 2 793 3621 792 4064
15610 4 2 20 2 198 192 154 4091
15611 4 2 20 2 1293 1439 1352 3991
15612 4 2 20 2 3271 3734 133 4072
15613 4 2 20 2 1135 1085 1086 4046
15614 4 2 20 2 2899 3471 2959 3472
15615 4 2 20 2 663 662 3428 3698
15616 4 2 20 2 864 892 3311 3541
15617 4 2 20 2 1075 1095 1099 3770
15618 4 2 20 2 3485 3706 2923 4113
15619 4 2 20 2 792 3257 791 4064
15620 4 2 20 2 1938 1799 1862 3913
15621 4 2 20 2 2231 2262 2175 2875
15622 4 2 20 2 1331 1304 3828 3911
15623 4 2 20 2 2166 2165 2105 3380
15624 4 2 20 2 1790 1505 1747 4030
15625 4 2 20 2 2069 1974 2019 3972
15626 4 2 20 2 3071 3077 2952 3618
15627 4 2 20 2 2092 2117 2140 3272
15628 4 2 20 2 785 752 2976 3167
15629 4 2 20 2 1981 1921 1947 3546
15630 4 2 20 2 2141 2091 2139 3414
15631 4 2 20 2 1887 1793 1854 3927
15632 4 2 20 2 1024 1034 1023 3135
15633 4 2 20 2 1965 1887 1905 3927
15634 4 2 20 2 2298 2277 2249 2999
15635 4 2 20 2 1680 1698 1694 3902
15636 4 2 20 2 2088 2036 2037 3980
15637 4 2 20 2 2167 2253 2146 3923
15638 4 2 20 2 2343 3132 784 3394
15639 4 2 20 2 117 3574 112 3914
15640 4 2 20 2 1696 3492 1653 4104
15641 4 2 20 2 32 29 3577 4119
15642 4 2 20 2 845 843 811 3745
15643 4 2 20 2 1286 1191 1283 4067
15644 4 2 20 2 2278 3005 2250 3014
15645 4 2 20 2 1292 1267 1199 3568
15646 4 2 20 2 762 761 764 3257
15647 4 2 20 2 2899 3343 2917 3993
15648 4 2 20 2 1974 1930 2019 3972
15649 4 2 20 2 1534 1637 1494 3410
15650 4 2 20 2 312 313 3654 4011
15651 4 2 20 2 67 104 106 3620
15652 4 2 20 2 2913 2984 2854 3544
15653 4 2 20 2 1050 1071 1047 3673
15654 4 2 20 2 363 402 361 3922
15655 4 2 20 2 2369 2403 2390 3588
15656 4 2 20 2 2167 2146 2107 3923
15657 4 2 20 2 812 844 847 3593
15658 4 2 20 2 1211 1183 1170 3226
15659 4 2 20 2 1465 1528 1570 3324
15660 4 2 20 2 1913 1928 3415 3963
15661 4 2 20 2 2971 3734 3271 4072
15662 4 2 20 2 560 596 3234 3954
15663 4 2 20 2 1689 1645 1526 3766
15664 4 2 20 2 768 3535 3510 3907
15665 4 2 20 2 1095 1097 1099 3770
15666 4 2 20 2 3247 3789 3042 4111
15667 4 2 20 2 403 3922 3397 4006
15668 4 2 20 2 1779 1818 1892 3314
15669 4 2 20 2 336 333 3598 3899
15670 4 2 20 2 1410 1384 1314 3845
15671 4 2 20 2 802 3460 737 3744
15672 4 2 20 2 1744 1836 1881 4077
15673 4 2 20 2 2401 2913 2413 3053
15674 4 2 20 2 307 266 220 3643
15675 4 2 20 2 2927 3214 3213 3990
15676 4 2 20 2 1666 1707 1612 3932
15677 4 2 20 2 1212 1172 1181 3661
15678 4 2 20 2 170 217 174 3713
15679 4 2 20 2 181 3735 145 4089
15680 4 2 20 2 1675 1621 1624 3596
15681 4 2 20 2 168 166 210 3749
15682 4 2 20 2 2911 3155 3086 4011
15683 4 2 20 2 1241 1289 1315 4022
15684 4 2 20 2 1066 1092 1090 3434
15685 4 2 20 2 961 990 959 3988
15686 4 2 20 2 1959 1923 3556 4000
15687 4 2 20 2 1064 1089 1137 3434
15688 4 2 20 2 2212 2300 2265 3534
15689 4 2 20 2 2428 3291 2427 3908
15690 4 2 20 2 1183 1226 1169 3226
15691 4 2 20 2 1136 3454 1157 4046
15692 4 2 20 2 3043 3044 577 3310
15693 4 2 20 2 2449 2457 2455 3520
15694 4 2 20 2 1723 1779 3979 3996
15695 4 2 20 2 459 3447 416 3824
15696 4 2 20 2 2959 3472 3488 3689
15697 4 2 20 2 1040 1065 1041 3710
15698 4 2 20 2 2916 3649 2996 3854
15699 4 2 20 2 1779 1818 3314 3996
15700 4 2 20 2 1038 1112 1188 3473
15701 4 2 20 2 1072 1098 1067 3527
15702 4 2 20 2 457 3427 504 4038
15703 4 2 20 2 712 716 718 3847
15704 4 2 20 2 62 59 104 3620
15705 4 2 20 2 1386 1385 1290 3420
15706 4 2 20 2 1731 1675 1716 3300
15707 4 2 20 2 3109 3190 3133 3988
15708 4 2 20 2 494 3397 450 3945
15709 4 2 20 2 727 641 637 3907
15710 4 2 20 2 913 844 912 3721
15711 4 2 20 2 693 2976 695 3503
15712 4 2 20 2 2341 3000 3037 3139
15713 4 2 20 2 2070 1955 2050 3395
15714 4 2 20 2 925 3333 930 3981
15715 4 2 20 2 459 503 3447 3824
15716 4 2 20 2 450 3922 405 3945
15717 4 2 20 2 2341 3037 2335 3139
15718 4 2 20 2 2369 2390 2367 3588
15719 4 2 20 2 274 316 318 3498
15720 4 2 20 2 395 312 313 3654
15721 4 2 20 2 2132 2165 2182 3263
15722 4 2 20 2 1491 1441 1532 3390
15723 4 2 20 2 1035 1096 1101 3469
15724 4 2 20 2 984 3333 3053 4058
15725 4 2 20 2 3042 3789 3498 4111
15726 4 2 20 2 2140 2175 2116 3865
15727 4 2 20 2 381 339 377 3633
15728 4 2 20 2 195 245 246 3705
15729 4 2 20 2 427 428 3989 3990
15730 4 2 20 2 229 230 185 4043
15731 4 2 20 2 2985 3524 3294 4020
15732 4 2 20 2 1555 1553 1556 4096
15733 4 2 20 2 468 426 469 3920
15734 4 2 20 2 2327 2296 2295 4113
15735 4 2 20 2 2962 3488 3472 3689
15736 4 2 20 2 138 96 99 3794
15737 4 2 20 2 623 3348 628 3725
15738 4 2 20 2 1001 1000 997 3892
15739 4 2 20 2 3133 3190 2914 3311
15740 4 2 20 2 459 416 414 3824
15741 4 2 20 2 1458 1548 1485 3644
15742 4 2 20 2 1080 1118 1078 3599
15743 4 2 20 2 559 3461 3214 3995
15744 4 2 20 2 342 341 260 3769
15745 4 2 20 2 1392 1455 1583 3442
15746 4 2 20 2 1130 1181 1125 3661
15747 4 2 20 2 2956 3392 3247 4110
15748 4 2 20 2 1912 1835 1881 4077
15749 4 2 20 2 934 932 935 3804
15750 4 2 20 2 953 3426 3102 3653
15751 4 2 20 2 2477 3520 2450 4073
15752 4 2 20 2 3021 3334 3187 3945
15753 4 2 20 2 2487 2489 2482 4061
15754 4 2 20 2 803 775 806 3254
15755 4 2 20 2 2116 2052 2090 3272
15756 4 2 20 2 269 3409 271 4011
15757 4 2 20 2 871 838 3254 3975
15758 4 2 20 2 2345 2356 2279 4007
15759 4 2 20 2 2033 1989 3505 4054
15760 4 2 20 2 3187 3397 3021 3945
15761 4 2 20 2 856 3338 3013 3854
15762 4 2 20 2 804 836 3424 3975
15763 4 2 20 2 2140 2163 2175 3865
15764 4 2 20 2 2916 2996 3649 3986
15765 4 2 20 2 2102 3525 2051 3980
15766 4 2 20 2 2945 3348 3013 3854
15767 4 2 20 2 1218 1161 1191 3657
15768 4 2 20 2 2021 2043 1967 3683
15769 4 2 20 2 2173 2190 2128 3525
15770 4 2 20 2 1241 1283 1191 4067
15771 4 2 20 2 618 3725 667 3952
15772 4 2 20 2 2324 2304 3156 3813
15773 4 2 20 2 334 328 330 3870
15774 4 2 20 2 2381 2431 2416 3619
15775 4 2 20 2 707 618 667 3952
15776 4 2 20 2 3090 3443 2897 4039
15777 4 2 20 2 3055 3336 2928 4035
15778 4 2 20 2 1197 1121 1179 3887
15779 4 2 20 2 317 361 315 3590
15780 4 2 20 2 3255 3334 2905 3994
15781 4 2 20 2 1329 1252 1300 3859
15782 4 2 20 2 2141 2054 2091 3591
15783 4 2 20 2 3485 2923 3936 4113
15784 4 2 20 2 2342 2311 3534 3689
15785 4 2 20 2 812 782 844 3593
15786 4 2 20 2 3160 3490 2940 3705
15787 4 2 20 2 592 557 3249 4069
15788 4 2 20 2 2087 2086 2125 3614
15789 4 2 20 2 1618 1486 1713 3851
15790 4 2 20 2 2041 2093 2060 3591
15791 4 2 20 2 398 3654 3590 4006
15792 4 2 20 2 2061 2029 2062 3697
15793 4 2 20 2 3447 3666 416 3824
15794 4 2 20 2 1501 1519 1521 3342
15795 4 2 20 2 2359 3846 2399 3906
15796 4 2 20 2 944 2387 967 3653
15797 4 2 20 2 3085 3106 3769 3921
15798 4 2 20 2 1932 3893 1931 3980
15799 4 2 20 2 1483 1523 1456 3502
15800 4 2 20 2 2168 2120 2100 3647
15801 4 2 20 2 1677 1624 1592 3596
15802 4 2 20 2 496 453 3871 3945
15803 4 2 20 2 2474 2496 2495 4013
15804 4 2 20 2 2854 2984 2913 3588
15805 4 2 20 2 1075 1099 1079 3818
15806 4 2 20 2 2451 2439 2424 3562
15807 4 2 20 2 2913 2984 2900 3588
15808 4 2 20 2 2271 2338 2317 3706
15809 4 2 20 2 467 466 3486 3753
15810 4 2 20 2 1943 1934 1886 3752
15811 4 2 20 2 2442 2880 2441 3053
15812 4 2 20 2 2945 3013 3348 3725
15813 4 2 20 2 963 960 937 3988
15814 4 2 20 2 1919 3752 1886 3943
15815 4 2 20 2 2117 2163 2140 3865
15816 4 2 20 2 1699 3260 1698 3902
15817 4 2 20 2 3147 4005 3035 4018
15818 4 2 20 2 3 3168 1 3754
15819 4 2 20 2 1895 3094 2031 3982
15820 4 2 20 2 834 3386 772 3692
15821 4 2 20 2 1960 3385 1987 3671
15822 4 2 20 2 2911 2897 3155 4039
15823 4 2 20 2 2099 2030 3982 4040
15824 4 2 20 2 849 2368 874 3745
15825 4 2 20 2 767 766 793 3621
15826 4 2 20 2 2888 3071 2952 4021
15827 4 2 20 2 1720 1773 1698 3290
15828 4 2 20 2 97 56 50 3937
15829 4 2 20 2 2982 3594 3590 3922
15830 4 2 20 2 2447 2431 2430 3760
15831 4 2 20 2 1951 1894 1893 4000
15832 4 2 20 2 1921 1981 1969 3546
15833 4 2 20 2 2194 3489 2179 3970
15834 4 2 20 2 1882 1787 1804 3478
15835 4 2 20 2 1390 1480 1318 3636
15836 4 2 20 2 168 210 169 3749
15837 4 2 20 2 1855 1935 1871 3943
15838 4 2 20 2 1929 1764 1785 3776
15839 4 2 20 2 1903 1995 1956 3812
15840 4 2 20 2 884 889 937 3987
15841 4 2 20 2 822 793 792 4064
15842 4 2 20 2 618 3090 3443 3725
15843 4 2 20 2 744 742 778 3763
15844 4 2 20 2 781 780 743 3417
15845 4 2 20 2 1112 1161 1218 3657
15846 4 2 20 2 2116 2052 3272 4004
15847 4 2 20 2 201 159 197 4074
15848 4 2 20 2 2277 2239 2249 2927
15849 4 2 20 2 229 185 187 4043
15850 4 2 20 2 1441 1569 1532 3390
15851 4 2 20 2 1689 1526 1672 3766
15852 4 2 20 2 484 479 527 3993
15853 4 2 20 2 2152 2087 2125 3614
15854 4 2 20 2 115 150 152 4028
15855 4 2 20 2 981 983 3376 3426
15856 4 2 20 2 748 847 814 3721
15857 4 2 20 2 848 850 814 3721
15858 4 2 20 2 2314 2303 2254 3889
15859 4 2 20 2 1680 1694 1625 3902
15860 4 2 20 2 1723 1755 1779 3996
15861 4 2 20 2 1553 1554 1551 4096
15862 4 2 20 2 1913 1928 1864 3415
15863 4 2 20 2 1064 1138 1063 3695
15864 4 2 20 2 40 3573 3294 4020
15865 4 2 20 2 2190 2260 2258 3717
15866 4 2 20 2 3008 3389 3077 3753
15867 4 2 20 2 443 487 445 3655
15868 4 2 20 2 826 798 768 3535
15869 4 2 20 2 881 880 820 3544
15870 4 2 20 2 35 37 3780 4020
15871 4 2 20 2 968 944 945 3733
15872 4 2 20 2 3114 3133 898 3986
15873 4 2 20 2 414 3666 458 3824
15874 4 2 20 2 689 3417 3224 3954
15875 4 2 20 2 2297 2352 2330 3499
15876 4 2 20 2 3154 3606 3281 3637
15877 4 2 20 2 2443 2454 2462 3291
15878 4 2 20 2 2300 2251 2301 3534
15879 4 2 20 2 1218 3436 3657 4022
15880 4 2 20 2 3164 3167 2984 3544
15881 4 2 20 2 114 112 117 3574
15882 4 2 20 2 2133 3891 2058 3947
15883 4 2 20 2 1912 1881 1928 4077
15884 4 2 20 2 1293 1397 1439 3991
15885 4 2 20 2 2459 3562 2451 3846
15886 4 2 20 2 977 991 974 2388
15887 4 2 20 2 206 207 258 3606
15888 4 2 20 2 1046 1095 1070 3710
15889 4 2 20 2 3280 3920 509 3989
15890 4 2 20 2 3194 3511 2970 3907
15891 4 2 20 2 2260 2329 2307 3717
15892 4 2 20 2 1291 1227 1413 3897
15893 4 2 20 2 1924 1845 1985 4063
15894 4 2 20 2 391 437 351 3219
15895 4 2 20 2 2402 3133 3109 3190
15896 4 2 20 2 3545 3642 3071 3643
15897 4 2 20 2 2034 3084 1961 3891
15898 4 2 20 2 966 939 986 4058
15899 4 2 20 2 199 3705 249 3872
15900 4 2 20 2 376 377 299 3633
15901 4 2 20 2 2474 2480 2467 4013
15902 4 2 20 2 703 614 664 3952
15903 4 2 20 2 813 811 780 3132
15904 4 2 20 2 2056 3792 2159 4014
15905 4 2 20 2 959 960 961 3988
15906 4 2 20 2 1861 1909 1847 3385
15907 4 2 20 2 332 3598 296 3635
15908 4 2 20 2 2983 3463 3244 3670
15909 4 2 20 2 844 3653 912 3721
15910 4 2 20 2 689 740 3224 3417
15911 4 2 20 2 330 298 333 3870
15912 4 2 20 2 293 331 295 3795
15913 4 2 20 2 3247 3789 3655 4049
15914 4 2 20 2 2475 2491 2476 4066
15915 4 2 20 2 1596 1559 1556 3646
15916 4 2 20 2 495 3392 4068 4110
15917 4 2 20 2 1179 1180 1196 3536
15918 4 2 20 2 407 450 405 3945
15919 4 2 20 2 2190 2247 2260 3717
15920 4 2 20 2 612 3394 2973 3443
15921 4 2 20 2 2413 2389 2390 3588
15922 4 2 20 2 2083 2002 3671 3947
15923 4 2 20 2 2016 1953 1927 3728
15924 4 2 20 2 1707 1612 3932 3933
15925 4 2 20 2 2371 2322 2344 2945
15926 4 2 20 2 2911 3792 2897 4039
15927 4 2 20 2 2116 2090 2140 3272
15928 4 2 20 2 2247 2308 3717 4097
15929 4 2 20 2 1618 1713 1729 3851
15930 4 2 20 2 1818 1924 1892 4063
15931 4 2 20 2 3033 3257 3127 3847
15932 4 2 20 2 1925 2003 1895 4054
15933 4 2 20 2 2404 2428 2403 3908
15934 4 2 20 2 751 2976 3503 3748
15935 4 2 20 2 3418 3726 3172 4021
15936 4 2 20 2 693 751 2976 3503
15937 4 2 20 2 416 3666 414 3824
15938 4 2 20 2 1555 1562 1558 3299
15939 4 2 20 2 2340 2320 2339 3256
15940 4 2 20 2 2366 3158 2870 3593
15941 4 2 20 2 1622 1590 1589 3596
15942 4 2 20 2 3014 3214 3000 3461
15943 4 2 20 2 1963 1916 2008 3812
15944 4 2 20 2 2290 2972 3008 3417
15945 4 2 20 2 1901 1914 1866 3877
15946 4 2 20 2 1895 2031 3094 4054
15947 4 2 20 2 1686 1665 1613 3342
15948 4 2 20 2 3154 3280 3274 3920
15949 4 2 20 2 1895 1925 3094 3942
15950 4 2 20 2 614 703 756 3952
15951 4 2 20 2 1357 1296 1295 3603
15952 4 2 20 2 3214 3274 3989 3990
15953 4 2 20 2 1802 1897 1899 3048
15954 4 2 20 2 3043 3247 3655 4049
15955 4 2 20 2 2490 2470 2484 3477
15956 4 2 20 2 2461 2402 3133 3837
15957 4 2 20 2 2391 3179 2356 4060
15958 4 2 20 2 2065 2058 2133 3891
15959 4 2 20 2 143 144 3396 4044
15960 4 2 20 2 704 3526 3167 3694
15961 4 2 20 2 3005 3213 3014 3234
15962 4 2 20 2 1700 1722 1775 3959
15963 4 2 20 2 1011 3710 1010 4116
15964 4 2 20 2 2916 3986 861 3987
15965 4 2 20 2 2148 2083 2147 3947
15966 4 2 20 2 3793 3880 3125 4095
15967 4 2 20 2 1167 1101 1148 3469
15968 4 2 20 2 626 625 624 3675
15969 4 2 20 2 2196 3418 2118 4021
15970 4 2 20 2 595 3234 647 3686
15971 4 2 20 2 1978 1945 1935 3677
15972 4 2 20 2 1619 1505 1488 3644
15973 4 2 20 2 600 3158 603 3488
15974 4 2 20 2 1752 1773 1720 3290
15975 4 2 20 2 25 3438 22 4098
15976 4 2 20 2 2403 2427 2390 3588
15977 4 2 20 2 1810 1717 1734 3927
15978 4 2 20 2 865 893 862 3986
15979 4 2 20 2 1438 1486 1527 3851
15980 4 2 20 2 3154 3274 2964 3606
15981 4 2 20 2 2962 3488 3280 3919
15982 4 2 20 2 818 787 3339 3952
15983 4 2 20 2 779 811 810 3531
15984 4 2 20 2 792 791 822 4064
15985 4 2 20 2 1562 3299 1559 3543
15986 4 2 20 2 2396 3619 2436 3739
15987 4 2 20 2 622 579 3310 3791
15988 4 2 20 2 2194 2179 2210 3970
15989 4 2 20 2 1965 2021 1966 3379
15990 4 2 20 2 992 2387 991 3905
15991 4 2 20 2 3630 3899 505 4069
15992 4 2 20 2 712 717 715 3847
15993 4 2 20 2 989 990 961 3988
15994 4 2 20 2 445 443 3655 3789
15995 4 2 20 2 1535 1468 1492 3838
15996 4 2 20 2 91 49 90 4072
15997 4 2 20 2 219 217 267 3713
15998 4 2 20 2 538 3148 3348 3725
15999 4 2 20 2 999 981 995 3892
16000 4 2 20 2 2021 1967 1966 3683
16001 4 2 20 2 1098 3527 1072 3818
16002 4 2 20 2 2284 2293 2318 4113
16003 4 2 20 2 1566 1508 1567 3957
16004 4 2 20 2 1757 1781 3607 3913
16005 4 2 20 2 7 2 1 3754
16006 4 2 20 2 2919 3675 3392 4015
16007 4 2 20 2 2996 3463 2891 3854
16008 4 2 20 2 931 3804 934 3981
16009 4 2 20 2 1924 2015 1984 4063
16010 4 2 20 2 1752 1720 1719 3290
16011 4 2 20 2 1550 1551 1589 3596
16012 4 2 20 2 3061 3085 2964 3633
16013 4 2 20 2 3035 3180 3680 4028
16014 4 2 20 2 2250 2239 2277 2927
16015 4 2 20 2 2349 3619 3485 3813
16016 4 2 20 2 489 486 444 4006
16017 4 2 20 2 527 479 523 3993
16018 4 2 20 2 1017 1046 1070 3710
16019 4 2 20 2 1746 1745 1672 3766
16020 4 2 20 2 20 3832 18 3937
16021 4 2 20 2 1804 1838 1882 3478
16022 4 2 20 2 2181 2196 2118 4021
16023 4 2 20 2 2091 3591 2054 3983
16024 4 2 20 2 488 445 487 3655
16025 4 2 20 2 936 3804 933 4058
16026 4 2 20 2 142 143 140 3396
16027 4 2 20 2 16 17 8 3572
16028 4 2 20 2 3541 3804 3080 3981
16029 4 2 20 2 93 95 134 4078
16030 4 2 20 2 419 421 336 3899
16031 4 2 20 2 1943 2011 2052 3272
16032 4 2 20 2 1343 1316 1261 3786
16033 4 2 20 2 1430 1429 1369 4032
16034 4 2 20 2 431 384 382 3919
16035 4 2 20 2 771 834 772 3692
16036 4 2 20 2 1169 3226 1226 3887
16037 4 2 20 2 35 36 37 4020
16038 4 2 20 2 1664 1725 1639 3669
16039 4 2 20 2 157 200 197 3872
16040 4 2 20 2 2096 2095 2044 3368
16041 4 2 20 2 90 3736 88 4072
16042 4 2 20 2 2165 2215 2182 3263
16043 4 2 20 2 1111 1110 1088 3473
16044 4 2 20 2 133 174 136 3734
16045 4 2 20 2 259 3154 3637 3990
16046 4 2 20 2 2261 2320 2238 4106
16047 4 2 20 2 3015 3089 2882 4090
16048 4 2 20 2 95 96 3794 4078
16049 4 2 20 2 629 623 628 3725
16050 4 2 20 2 611 3503 660 3542
16051 4 2 20 2 422 462 506 3630
16052 4 2 20 2 1261 1288 1343 4053
16053 4 2 20 2 447 399 400 3789
16054 4 2 20 2 717 670 715 3847
16055 4 2 20 2 2184 2147 2082 4118
16056 4 2 20 2 2070 1993 1955 3395
16057 4 2 20 2 2341 2335 3000 3139
16058 4 2 20 2 3274 3606 3154 3990
16059 4 2 20 2 1647 1620 1621 3596
16060 4 2 20 2 3386 3387 868 4086
16061 4 2 20 2 2854 3621 3080 4064
16062 4 2 20 2 2016 2067 1953 3728
16063 4 2 20 2 781 783 813 3132
16064 4 2 20 2 1022 1012 1009 1017
16065 4 2 20 2 247 294 291 3691
16066 4 2 20 2 846 872 845 3745
16067 4 2 20 2 3103 3692 3114 4107
16068 4 2 20 2 2964 3606 3274 3990
16069 4 2 20 2 1749 1735 1717 3927
16070 4 2 20 2 709 3257 712 3694
16071 4 2 20 2 2107 2081 3221 3923
16072 4 2 20 2 764 761 790 3257
16073 4 2 20 2 2089 1956 2075 3812
16074 4 2 20 2 1729 1767 1674 3851
16075 4 2 20 2 701 3428 3167 3526
16076 4 2 20 2 704 706 709 3694
16077 4 2 20 2 1730 1691 3644 4071
16078 4 2 20 2 2389 2900 2913 3164
16079 4 2 20 2 748 812 847 3721
16080 4 2 20 2 770 800 831 3692
16081 4 2 20 2 145 181 183 3735
16082 4 2 20 2 1551 1554 1592 4096
16083 4 2 20 2 1408 1496 1495 3519
16084 4 2 20 2 1276 1252 1329 3859
16085 4 2 20 2 2087 2153 2070 4016
16086 4 2 20 2 757 3167 786 3694
16087 4 2 20 2 2291 2973 2312 3394
16088 4 2 20 2 188 189 186 3553
16089 4 2 20 2 2266 2972 2952 3389
16090 4 2 20 2 2250 2278 2240 3005
16091 4 2 20 2 365 367 321 3764
16092 4 2 20 2 2917 3542 2959 3993
16093 4 2 20 2 770 799 800 3692
16094 4 2 20 2 36 3168 37 4020
16095 4 2 20 2 2313 2346 2314 3889
16096 4 2 20 2 1504 1438 1527 3851
16097 4 2 20 2 2270 3564 2281 3668
16098 4 2 20 2 20 18 27 3937
16099 4 2 20 2 867 3387 868 4107
16100 4 2 20 2 880 3544 883 4064
16101 4 2 20 2 2109 3843 2081 3923
16102 4 2 20 2 1935 3377 1855 4099
16103 4 2 20 2 1405 1407 1366 3701
16104 4 2 20 2 779 777 3224 3531
16105 4 2 20 2 576 616 665 3698
16106 4 2 20 2 3371 3479 3004 3749
16107 4 2 20 2 1651 1681 1720 3290
16108 4 2 20 2 1038 1188 1158 3473
16109 4 2 20 2 846 914 872 3745
16110 4 2 20 2 1751 3300 1694 3943
16111 4 2 20 2 859 794 793 4019
16112 4 2 20 2 599 649 561 3954
16113 4 2 20 2 2096 2024 2079 3928
16114 4 2 20 2 3671 3947 3011 4118
16115 4 2 20 2 2291 2302 2267 3090
16116 4 2 20 2 1589 1551 1621 3596
16117 4 2 20 2 462 505 556 3630
16118 4 2 20 2 888 886 934 3981
16119 4 2 20 2 3427 3630 504 4038
16120 4 2 20 2 341 255 260 3769
16121 4 2 20 2 2950 2914 3114 3837
16122 4 2 20 2 4 10 14 3524
16123 4 2 20 2 187 4043 185 4044
16124 4 2 20 2 3142 3914 3574 4074
16125 4 2 20 2 3155 3322 2973 3443
16126 4 2 20 2 3158 3530 600 3763
16127 4 2 20 2 2972 3318 694 3394
16128 4 2 20 2 1588 1548 1714 3215
16129 4 2 20 2 2972 2973 3318 3394
16130 4 2 20 2 726 797 768 3535
16131 4 2 20 2 2291 3090 2973 3394
16132 4 2 20 2 1952 1879 3585 3947
16133 4 2 20 2 1302 1331 1304 3828
16134 4 2 20 2 1677 1694 1716 3300
16135 4 2 20 2 1641 1685 1640 3933
16136 4 2 20 2 1086 1155 1135 4046
16137 4 2 20 2 492 493 449 4110
16138 4 2 20 2 2266 2213 2952 4039
16139 4 2 20 2 743 690 745 3417
16140 4 2 20 2 2927 3085 3061 3213
16141 4 2 20 2 839 809 3424 3593
16142 4 2 20 2 185 4043 226 4044
16143 4 2 20 2 3247 3042 3789 4049
16144 4 2 20 2 3085 3633 3213 3921
16145 4 2 20 2 771 832 834 3692
16146 4 2 20 2 2253 2252 2268 3523
16147 4 2 20 2 2218 2243 2166 3850
16148 4 2 20 2 2427 2443 2413 3291
16149 4 2 20 2 1695 1628 1649 4104
16150 4 2 20 2 3090 3148 2897 3443
16151 4 2 20 2 2447 2430 2444 3760
16152 4 2 20 2 1180 3536 1179 3887
16153 4 2 20 2 1563 1602 1507 3810
16154 4 2 20 2 2044 2024 2096 3928
16155 4 2 20 2 948 910 911 3650
16156 4 2 20 2 37 82 79 3780
16157 4 2 20 2 459 552 503 3824
16158 4 2 20 2 967 2387 973 3653
16159 4 2 20 2 2244 2221 2271 3706
16160 4 2 20 2 184 3553 187 4044
16161 4 2 20 2 1823 1747 1748 4030
16162 4 2 20 2 2896 2872 3044 3310
16163 4 2 20 2 251 296 253 3635
16164 4 2 20 2 1543 1520 1579 3669
16165 4 2 20 2 622 3791 3310 3966
16166 4 2 20 2 471 431 468 3919
16167 4 2 20 2 2264 2311 2310 3158
16168 4 2 20 2 2053 2140 2090 3272
16169 4 2 20 2 590 588 553 3670
16170 4 2 20 2 405 403 402 3922
16171 4 2 20 2 3139 735 3461 3744
16172 4 2 20 2 1379 1423 1381 3909
16173 4 2 20 2 1925 1895 3094 4054
16174 4 2 20 2 3142 3574 3914 4036
16175 4 2 20 2 1379 1330 1363 3909
16176 4 2 20 2 2976 3167 698 3428
16177 4 2 20 2 192 244 239 3559
16178 4 2 20 2 143 146 144 4044
16179 4 2 20 2 597 688 687 3530
16180 4 2 20 2 137 135 95 3794
16181 4 2 20 2 931 934 885 3981
16182 4 2 20 2 1925 3942 1989 4054
16183 4 2 20 2 2389 2913 2900 3588
16184 4 2 20 2 848 847 873 3721
16185 4 2 20 2 966 3190 3133 4058
16186 4 2 20 2 3371 3919 3280 3920
16187 4 2 20 2 315 3590 398 3654
16188 4 2 20 2 2216 2196 2213 4039
16189 4 2 20 2 2280 2253 2268 3889
16190 4 2 20 2 3394 3443 614 3952
16191 4 2 20 2 2860 3398 3978 4041
16192 4 2 20 2 3320 3510 2970 3511
16193 4 2 20 2 800 831 3692 4107
16194 4 2 20 2 1071 1068 1047 3673
16195 4 2 20 2 579 581 534 3791
16196 4 2 20 2 1474 1541 1517 3718
16197 4 2 20 2 1699 1680 3260 3902
16198 4 2 20 2 2345 3539 2347 4060
16199 4 2 20 2 1409 1474 1383 3800
16200 4 2 20 2 2449 2435 3520 3941
16201 4 2 20 2 1977 1998 3547 3983
16202 4 2 20 2 2053 2090 2010 3272
16203 4 2 20 2 2053 2092 2140 3272
16204 4 2 20 2 2030 2064 1971 4040
16205 4 2 20 2 2869 2860 3398 3978
16206 4 2 20 2 3171 3334 3021 3871
16207 4 2 20 2 1428 3909 1381 4026
16208 4 2 20 2 260 302 342 3769
16209 4 2 20 2 474 519 520 3471
16210 4 2 20 2 1960 1847 1909 3385
16211 4 2 20 2 1951 1959 2026 4000
16212 4 2 20 2 2349 2381 2416 3619
16213 4 2 20 2 201 161 159 4074
16214 4 2 20 2 579 577 3310 3791
16215 4 2 20 2 3463 3649 2996 4086
16216 4 2 20 2 1126 1129 1134 3825
16217 4 2 20 2 2133 2185 2198 3891
16218 4 2 20 2 463 557 505 4069
16219 4 2 20 2 2339 2320 2261 4106
16220 4 2 20 2 1167 1148 1178 3469
16221 4 2 20 2 3116 3681 2409 3716
16222 4 2 20 2 2168 2100 2084 3647
16223 4 2 20 2 506 462 556 3630
16224 4 2 20 2 200 158 196 3872
16225 4 2 20 2 1960 1909 1987 3385
16226 4 2 20 2 1739 1723 1779 3979
16227 4 2 20 2 1458 1488 1505 3644
16228 4 2 20 2 423 3427 457 3994
16229 4 2 20 2 282 362 364 4111
16230 4 2 20 2 1921 1874 1947 3546
16231 4 2 20 2 3092 3791 582 3966
16232 4 2 20 2 417 457 415 3994
16233 4 2 20 2 1616 1712 1586 3639
16234 4 2 20 2 1600 1602 1631 3771
16235 4 2 20 2 1641 1640 1540 3933
16236 4 2 20 2 30 32 33 4119
16237 4 2 20 2 8 17 13 3572
16238 4 2 20 2 777 3254 3224 3531
16239 4 2 20 2 1540 1516 1612 3933
16240 4 2 20 2 618 3443 3090 3952
16241 4 2 20 2 614 756 753 3952
16242 4 2 20 2 1594 1593 1561 3475
16243 4 2 20 2 605 658 607 3503
16244 4 2 20 2 2870 3488 3158 3689
16245 4 2 20 2 2870 3488 2959 3748
16246 4 2 20 2 708 666 704 3526
16247 4 2 20 2 1446 1472 1447 3718
16248 4 2 20 2 184 187 185 4044
16249 4 2 20 2 1895 1833 1925 3942
16250 4 2 20 2 2138 2076 2156 3480
16251 4 2 20 2 1290 1385 1289 3420
16252 4 2 20 2 1344 1386 1290 3420
16253 4 2 20 2 95 96 138 3794
16254 4 2 20 2 891 3311 892 3541
16255 4 2 20 2 2870 2959 2917 3542
16256 4 2 20 2 2470 2477 2484 3276
16257 4 2 20 2 2855 4080 3830 4081
16258 4 2 20 2 226 4044 4043 4045
16259 4 2 20 2 949 912 909 3653
16260 4 2 20 2 2399 2359 2417 3846
16261 4 2 20 2 2254 2232 2280 3889
16262 4 2 20 2 2470 2457 2477 3276
16263 4 2 20 2 1339 1338 1407 4082
16264 4 2 20 2 2017 3841 1990 3963
16265 4 2 20 2 540 627 631 4015
16266 4 2 20 2 2179 2158 2130 3489
16267 4 2 20 2 2911 3322 3155 4011
16268 4 2 20 2 402 363 405 3922
16269 4 2 20 2 915 2368 950 3650
16270 4 2 20 2 206 3281 207 3606
16271 4 2 20 2 421 375 336 3899
16272 4 2 20 2 1044 1041 1065 3710
16273 4 2 20 2 3086 3590 3384 3654
16274 4 2 20 2 860 3649 2916 3854
16275 4 2 20 2 2870 2917 2959 3689
16276 4 2 20 2 445 3655 3247 3789
16277 4 2 20 2 1829 1752 1795 3290
16278 4 2 20 2 172 218 216 3545
16279 4 2 20 2 2177 2179 3489 3970
16280 4 2 20 2 3148 3348 2945 3855
16281 4 2 20 2 129 133 91 4072
16282 4 2 20 2 259 337 257 3920
16283 4 2 20 2 954 3164 955 3376
16284 4 2 20 2 3553 4043 187 4044
16285 4 2 20 2 1393 1456 1348 3502
16286 4 2 20 2 489 444 448 4006
16287 4 2 20 2 1382 1430 1369 4032
16288 4 2 20 2 2100 2084 3647 4054
16289 4 2 20 2 1013 1029 1030 4116
16290 4 2 20 2 792 764 790 3257
16291 4 2 20 2 3090 3725 618 3952
16292 4 2 20 2 2913 2854 3080 4064
16293 4 2 20 2 1166 1180 1149 3887
16294 4 2 20 2 2435 2434 2419 3604
16295 4 2 20 2 3541 3981 3080 4019
16296 4 2 20 2 3387 3649 833 4086
16297 4 2 20 2 1529 1563 1509 3950
16298 4 2 20 2 1800 1878 1939 3408
16299 4 2 20 2 2063 2002 1960 3671
16300 4 2 20 2 1314 1283 1315 4067
16301 4 2 20 2 2172 2237 2227 3676
16302 4 2 20 2 2088 2051 3525 3980
16303 4 2 20 2 1369 1311 1337 3625
16304 4 2 20 2 2191 2288 2248 3762
16305 4 2 20 2 3195 4043 3553 4044
16306 4 2 20 2 2383 3499 2361 3906
16307 4 2 20 2 2009 1942 1962 3980
16308 4 2 20 2 2045 2080 2055 3930
16309 4 2 20 2 465 424 378 3921
16310 4 2 20 2 2343 2291 3394 3952
16311 4 2 20 2 506 3630 556 3670
16312 4 2 20 2 1331 1309 1304 3911
16313 4 2 20 2 1680 1627 1656 3672
16314 4 2 20 2 556 590 3670 4069
16315 4 2 20 2 257 203 162 3637
16316 4 2 20 2 1362 1420 3701 3765
16317 4 2 20 2 475 435 476 3618
16318 4 2 20 2 2457 2449 2435 3520
16319 4 2 20 2 3014 3213 2927 3214
16320 4 2 20 2 983 3426 981 3892
16321 4 2 20 2 2159 3792 2202 4014
16322 4 2 20 2 2366 3593 3102 3653
16323 4 2 20 2 2880 3804 3311 4058
16324 4 2 20 2 224 219 268 3853
16325 4 2 20 2 93 92 95 4078
16326 4 2 20 2 1339 1408 1281 3608
16327 4 2 20 2 2462 2467 3459 4013
16328 4 2 20 2 1368 1336 1428 3909
16329 4 2 20 2 378 425 465 3921
16330 4 2 20 2 3255 2905 3427 3994
16331 4 2 20 2 29 32 30 4119
16332 4 2 20 2 2229 3762 2248 4097
16333 4 2 20 2 2043 2104 2013 3683
16334 4 2 20 2 1505 1730 1691 3644
16335 4 2 20 2 2278 2263 3005 3008
16336 4 2 20 2 3169 3384 2982 3594
16337 4 2 20 2 2490 3477 2484 4073
16338 4 2 20 2 1293 1229 1397 3991
16339 4 2 20 2 2424 2399 2451 3846
16340 4 2 20 2 3021 3871 3334 3945
16341 4 2 20 2 1969 1908 1921 3546
16342 4 2 20 2 1775 1797 1700 3959
16343 4 2 20 2 2927 3213 3061 3990
16344 4 2 20 2 2077 3983 2052 4004
16345 4 2 20 2 3224 3686 689 3954
16346 4 2 20 2 775 777 3254 3744
16347 4 2 20 2 2485 2492 2484 4073
16348 4 2 20 2 2330 2352 2364 3499
16349 4 2 20 2 1623 1590 1622 3596
16350 4 2 20 2 2266 2972 2312 2973
16351 4 2 20 2 861 860 862 3986
16352 4 2 20 2 204 205 257 3637
16353 4 2 20 2 2147 3947 2083 4118
16354 4 2 20 2 942 943 964 3988
16355 4 2 20 2 741 687 688 3763
16356 4 2 20 2 2317 2244 2271 3706
16357 4 2 20 2 1518 1542 1580 3933
16358 4 2 20 2 2338 2271 2324 3813
16359 4 2 20 2 397 3654 444 4006
16360 4 2 20 2 2068 2049 2017 3841
16361 4 2 20 2 1368 1382 1307 3467
16362 4 2 20 2 2952 2972 2266 2973
16363 4 2 20 2 3023 3666 3447 3824
16364 4 2 20 2 83 87 84 3974
16365 4 2 20 2 196 3705 199 3872
16366 4 2 20 2 3133 3986 2916 3987
16367 4 2 20 2 414 458 502 3824
16368 4 2 20 2 694 657 696 3394
16369 4 2 20 2 27 29 20 4098
16370 4 2 20 2 1862 1988 1938 3982
16371 4 2 20 2 760 758 757 3694
16372 4 2 20 2 246 199 195 3705
16373 4 2 20 2 1244 4102 1203 4103
16374 4 2 20 2 365 3764 282 4111
16375 4 2 20 2 3472 3488 2962 3919
16376 4 2 20 2 1474 1517 1448 3718
16377 4 2 20 2 1241 1191 4022 4067
16378 4 2 20 2 805 776 803 3975
16379 4 2 20 2 866 3387 901 3649
16380 4 2 20 2 2467 2441 2442 3459
16381 4 2 20 2 2488 2489 2487 4061
16382 4 2 20 2 1734 1809 1810 3927
16383 4 2 20 2 1924 1985 2015 4063
16384 4 2 20 2 558 594 559 3995
16385 4 2 20 2 1171 1181 1130 3661
16386 4 2 20 2 1404 1470 1421 3624
16387 4 2 20 2 2900 2976 3167 3721
16388 4 2 20 2 3127 3257 2984 3694
16389 4 2 20 2 2480 2481 2473 4061
16390 4 2 20 2 1929 1941 1764 3776
16391 4 2 20 2 867 902 866 3387
16392 4 2 20 2 2319 2351 2306 3681
16393 4 2 20 2 2266 2952 2242 3389
16394 4 2 20 2 1382 1303 1307 4032
16395 4 2 20 2 854 3013 3338 3339
16396 4 2 20 2 550 459 502 3824
16397 4 2 20 2 2361 2359 2399 3906
16398 4 2 20 2 2900 3526 3038 3588
16399 4 2 20 2 2031 2030 1988 3982
16400 4 2 20 2 547 546 586 3768
16401 4 2 20 2 1987 3385 2028 3843
16402 4 2 20 2 1800 1819 1725 3669
16403 4 2 20 2 2135 2124 2199 3790
16404 4 2 20 2 2913 3164 2984 3544
16405 4 2 20 2 129 91 90 4072
16406 4 2 20 2 2261 2238 2208 4106
16407 4 2 20 2 2900 2984 2913 3164
16408 4 2 20 2 1730 1789 1691 4071
16409 4 2 20 2 1594 1561 1595 3475
16410 4 2 20 2 542 544 584 3871
16411 4 2 20 2 1714 1691 1789 4071
16412 4 2 20 2 1702 1738 1798 3884
16413 4 2 20 2 2916 2378 3109 3338
16414 4 2 20 2 133 3734 91 4072
16415 4 2 20 2 419 336 3598 3899
16416 4 2 20 2 2266 2216 2213 4039
16417 4 2 20 2 797 726 725 3535
16418 4 2 20 2 181 182 183 3735
16419 4 2 20 2 1344 1290 1243 4102
16420 4 2 20 2 2166 2119 2218 3850
16421 4 2 20 2 3154 259 3920 3990
16422 4 2 20 2 2081 3556 2057 4014
16423 4 2 20 2 560 561 596 3954
16424 4 2 20 2 1910 1846 3365 3913
16425 4 2 20 2 82 37 38 3780
16426 4 2 20 2 1171 1184 1212 3991
16427 4 2 20 2 2088 2037 2051 3980
16428 4 2 20 2 1947 1888 1967 3683
16429 4 2 20 2 2314 2280 2313 3889
16430 4 2 20 2 2296 2359 2361 3906
16431 4 2 20 2 951 3164 3102 3426
16432 4 2 20 2 3713 3853 3030 3862
16433 4 2 20 2 2870 2959 3488 3689
16434 4 2 20 2 685 647 686 3686
16435 4 2 20 2 2996 3513 3463 4086
16436 4 2 20 2 2399 2383 2361 3906
16437 4 2 20 2 655 3503 2959 3748
16438 4 2 20 2 711 3127 3847 3966
16439 4 2 20 2 610 696 657 3394
16440 4 2 20 2 214 215 304 3642
16441 4 2 20 2 777 807 3254 3531
16442 4 2 20 2 1860 1951 1893 4000
16443 4 2 20 2 1405 1420 1426 3701
16444 4 2 20 2 972 948 3650 3733
16445 4 2 20 2 571 611 570 3471
16446 4 2 20 2 3397 3922 450 3945
16447 4 2 20 2 417 415 372 3994
16448 4 2 20 2 1910 1846 1971 3697
16449 4 2 20 2 40 35 3573 4020
16450 4 2 20 2 2913 3053 2401 3376
16451 4 2 20 2 2211 2164 2212 3835
16452 4 2 20 2 1895 1988 1862 3982
16453 4 2 20 2 66 105 103 4009
16454 4 2 20 2 371 414 416 3666
16455 4 2 20 2 1553 1555 1554 4096
16456 4 2 20 2 637 636 727 3907
16457 4 2 20 2 1176 1175 1194 4102
16458 4 2 20 2 182 179 224 4089
16459 4 2 20 2 2104 2181 2118 3172
16460 4 2 20 2 90 88 129 4072
16461 4 2 20 2 888 934 3804 3981
16462 4 2 20 2 379 425 378 3921
16463 4 2 20 2 496 453 542 3871
16464 4 2 20 2 2247 2276 2308 4097
16465 4 2 20 2 974 950 976 2388
16466 4 2 20 2 2413 2913 2389 3588
16467 4 2 20 2 3460 3530 3037 3763
16468 4 2 20 2 2128 2127 2088 3525
16469 4 2 20 2 777 808 807 3531
16470 4 2 20 2 1286 1285 1287 4067
16471 4 2 20 2 3139 3254 777 3744
16472 4 2 20 2 1410 1453 1384 3845
16473 4 2 20 2 2165 2217 2215 3380
16474 4 2 20 2 3630 3670 506 4038
16475 4 2 20 2 217 219 174 3713
16476 4 2 20 2 2471 2477 2450 4073
16477 4 2 20 2 506 556 590 3670
16478 4 2 20 2 3080 3541 2880 3804
16479 4 2 20 2 2354 2353 3037 3424
16480 4 2 20 2 202 196 199 3872
16481 4 2 20 2 182 3735 181 4089
16482 4 2 20 2 2327 2359 2296 3906
16483 4 2 20 2 721 824 823 3854
16484 4 2 20 2 1782 1799 1706 3778
16485 4 2 20 2 206 3281 3606 3637
16486 4 2 20 2 833 729 733 4086
16487 4 2 20 2 2315 2347 2345 3539
16488 4 2 20 2 202 199 249 3872
16489 4 2 20 2 767 793 794 3621
16490 4 2 20 2 2341 2298 2999 3000
16491 4 2 20 2 3384 3590 2982 3594
16492 4 2 20 2 2438 2450 2435 3520
16493 4 2 20 2 2058 2083 2111 3947
16494 4 2 20 2 3234 3686 595 3995
16495 4 2 20 2 2423 3116 2409 3716
16496 4 2 20 2 76 117 112 3914
16497 4 2 20 2 970 991 968 3733
16498 4 2 20 2 839 844 3593 3653
16499 4 2 20 2 1667 1763 1785 3558
16500 4 2 20 2 2927 3061 3214 3990
16501 4 2 20 2 961 960 963 3988
16502 4 2 20 2 397 398 444 3654
16503 4 2 20 2 939 936 933 4058
16504 4 2 20 2 365 282 364 4111
16505 4 2 20 2 1243 1203 1244 4102
16506 4 2 20 2 2194 2158 2179 3489
16507 4 2 20 2 2081 2026 2057 3556
16508 4 2 20 2 1087 1159 1137 4046
16509 4 2 20 2 2396 2350 3485 3739
16510 4 2 20 2 382 343 338 3920
16511 4 2 20 2 2065 1952 2058 3891
16512 4 2 20 2 611 3471 3503 3542
16513 4 2 20 2 1070 1095 1075 3527
16514 4 2 20 2 2471 2479 2477 4073
16515 4 2 20 2 362 4110 364 4111
16516 4 2 20 2 1781 1780 3607 3913
16517 4 2 20 2 1672 1526 1457 3766
16518 4 2 20 2 781 3132 780 3417
16519 4 2 20 2 2357 2281 2337 3564
16520 4 2 20 2 2916 3013 2378 3338
16521 4 2 20 2 2308 2363 2276 2309
16522 4 2 20 2 2869 3343 3232 3352
16523 4 2 20 2 224 268 270 3853
16524 4 2 20 2 3085 3769 3633 3921
16525 4 2 20 2 1601 1654 1657 3771
16526 4 2 20 2 5 7 1 3754
16527 4 2 20 2 2166 2108 2119 3850
16528 4 2 20 2 2378 2402 2444 3837
16529 4 2 20 2 818 816 756 3952
16530 4 2 20 2 1135 1136 1085 4046
16531 4 2 20 2 1052 1036 1037 3660
16532 4 2 20 2 2916 2996 2891 3854
16533 4 2 20 2 899 3986 3133 3987
16534 4 2 20 2 336 374 419 3598
16535 4 2 20 2 138 137 95 3794
16536 4 2 20 2 1992 1838 1941 3776
16537 4 2 20 2 2275 2199 2296 3790
16538 4 2 20 2 600 603 514 3488
16539 4 2 20 2 504 549 501 4038
16540 4 2 20 2 1819 1800 1939 3408
16541 4 2 20 2 3535 3541 2904 4019
16542 4 2 20 2 2462 2467 2442 3459
16543 4 2 20 2 1412 1525 1484 3915
16544 4 2 20 2 703 664 707 3952
16545 4 2 20 2 1987 2109 2082 3201
16546 4 2 20 2 2891 3463 3826 3854
16547 4 2 20 2 2081 2107 3221 4014
16548 4 2 20 2 3061 3274 3214 3990
16549 4 2 20 2 698 2976 3428 3503
16550 4 2 20 2 3005 3077 3486 3753
16551 4 2 20 2 872 843 845 3745
16552 4 2 20 2 960 959 928 3743
16553 4 2 20 2 1952 2058 3891 3947
16554 4 2 20 2 3630 3670 3244 4069
16555 4 2 20 2 3001 3654 3155 4006
16556 4 2 20 2 2870 2917 3428 3542
16557 4 2 20 2 973 975 978 2400
16558 4 2 20 2 779 810 808 3531
16559 4 2 20 2 1987 1909 2028 3385
16560 4 2 20 2 6 36 41 4020
16561 4 2 20 2 446 447 445 3789
16562 4 2 20 2 1799 1938 1846 3913
16563 4 2 20 2 2869 2917 3343 3352
16564 4 2 20 2 2373 2357 2337 3564
16565 4 2 20 2 696 3394 614 3952
16566 4 2 20 2 54 55 61 4010
16567 4 2 20 2 2389 3102 2900 3164
16568 4 2 20 2 1409 1475 1474 3800
16569 4 2 20 2 1134 1129 1152 3825
16570 4 2 20 2 1641 1540 1612 3933
16571 4 2 20 2 397 395 313 3654
16572 4 2 20 2 1174 1138 1189 3695
16573 4 2 20 2 2436 2417 2382 3739
16574 4 2 20 2 2077 2091 3983 4004
16575 4 2 20 2 2019 2036 2126 3972
16576 4 2 20 2 1757 3778 1799 3913
16577 4 2 20 2 1951 1860 1959 4000
16578 4 2 20 2 2970 3511 3510 3907
16579 4 2 20 2 2477 2484 3276 4073
16580 4 2 20 2 1382 1450 1430 4032
16581 4 2 20 2 2210 2230 2240 3970
16582 4 2 20 2 2345 2391 2356 4060
16583 4 2 20 2 496 3871 542 3945
16584 4 2 20 2 981 3376 957 3426
16585 4 2 20 2 1686 1741 3342 3669
16586 4 2 20 2 1101 1167 1124 3469
16587 4 2 20 2 553 551 504 4038
16588 4 2 20 2 2146 2109 2081 3923
16589 4 2 20 2 666 3127 3310 3526
16590 4 2 20 2 1728 1617 1588 3215
16591 4 2 20 2 945 947 969 3733
16592 4 2 20 2 1517 1473 1448 3718
16593 4 2 20 2 1701 1682 1739 3979
16594 4 2 20 2 976 950 952 2388
16595 4 2 20 2 2323 2347 2315 3539
16596 4 2 20 2 35 3780 3573 4020
16597 4 2 20 2 3544 3981 883 4064
16598 4 2 20 2 2900 3167 3164 3721
16599 4 2 20 2 2381 3619 2349 3813
16600 4 2 20 2 2984 3164 2900 3167
16601 4 2 20 2 868 3387 3386 4107
16602 4 2 20 2 3436 4022 1218 4067
16603 4 2 20 2 1305 1367 1298 3828
16604 4 2 20 2 2401 2413 2442 3053
16605 4 2 20 2 1909 1894 1951 4000
16606 4 2 20 2 1600 1654 1601 3771
16607 4 2 20 2 434 435 475 3618
16608 4 2 20 2 2251 2300 2212 3534
16609 4 2 20 2 1192 1203 4102 4103
16610 4 2 20 2 2952 2911 3322 4039
16611 4 2 20 2 857 822 883 4064
16612 4 2 20 2 665 3310 617 3698
16613 4 2 20 2 2493 2486 2472 3129
16614 4 2 20 2 1818 1845 1924 4063
16615 4 2 20 2 3281 3479 2943 3637
16616 4 2 20 2 995 3426 978 3892
16617 4 2 20 2 25 21 30 4098
16618 4 2 20 2 2203 2281 2269 3668
16619 4 2 20 2 2241 3501 2211 3835
16620 4 2 20 2 3343 3352 2917 3993
16621 4 2 20 2 832 771 831 3692
16622 4 2 20 2 1877 1860 1778 3884
16623 4 2 20 2 682 647 685 3686
16624 4 2 20 2 1166 3536 1180 3887
16625 4 2 20 2 2389 2366 2367 2900
16626 4 2 20 2 60 64 58 4010
16627 4 2 20 2 2442 2441 2401 3053
16628 4 2 20 2 502 547 550 3824
16629 4 2 20 2 603 3488 3158 3748
16630 4 2 20 2 3424 3593 809 3763
16631 4 2 20 2 507 558 559 3995
16632 4 2 20 2 1588 1436 1437 1617
16633 4 2 20 2 281 362 282 4111
16634 4 2 20 2 321 367 284 3764
16635 4 2 20 2 2266 2291 2216 4039
16636 4 2 20 2 1618 1486 1587 1713
16637 4 2 20 2 2477 3276 3520 4073
16638 4 2 20 2 647 649 3686 3954
16639 4 2 20 2 2480 2487 2481 4061
16640 4 2 20 2 11 4 14 3524
16641 4 2 20 2 3036 3620 3416 3937
16642 4 2 20 2 1605 1604 1635 3979
16643 4 2 20 2 2450 2438 2460 3520
16644 4 2 20 2 3136 3899 3630 4069
16645 4 2 20 2 902 867 900 4107
16646 4 2 20 2 2087 2152 2153 4016
16647 4 2 20 2 185 230 226 4043
16648 4 2 20 2 2396 2382 2350 3739
16649 4 2 20 2 1057 1085 1087 4046
16650 4 2 20 2 360 362 318 4111
16651 4 2 20 2 3053 3376 983 3426
16652 4 2 20 2 192 244 3559 4091
16653 4 2 20 2 2054 1998 2091 3983
16654 4 2 20 2 3000 3139 3014 3461
16655 4 2 20 2 623 713 621 3725
16656 4 2 20 2 1087 1137 1089 4046
16657 4 2 20 2 892 827 887 3541
16658 4 2 20 2 2396 2416 2436 3619
16659 4 2 20 2 2100 2099 2031 3982
16660 4 2 20 2 1620 1589 1621 3596
16661 4 2 20 2 591 505 557 4069
16662 4 2 20 2 1727 1503 1583 3442
16663 4 2 20 2 989 961 964 3988
16664 4 2 20 2 2900 2984 3167 3526
16665 4 2 20 2 2054 2093 2041 3591
16666 4 2 20 2 944 967 2387 3733
16667 4 2 20 2 913 3102 917 3721
16668 4 2 20 2 332 336 296 3598
16669 4 2 20 2 1651 1720 1652 3290
16670 4 2 20 2 2468 2474 2462 4013
16671 4 2 20 2 1202 1143 1203 4102
16672 4 2 20 2 3675 3847 3033 3966
16673 4 2 20 2 1144 1140 1141 1139
16674 4 2 20 2 2215 2251 2182 3263
16675 4 2 20 2 592 591 557 4069
16676 4 2 20 2 560 3234 3753 3954
16677 4 2 20 2 870 837 871 3975
16678 4 2 20 2 522 571 570 3471
16679 4 2 20 2 3510 3535 2970 3907
16680 4 2 20 2 880 822 3544 4064
16681 4 2 20 2 2349 2326 2338 3485
16682 4 2 20 2 428 509 427 3989
16683 4 2 20 2 688 3530 3460 3763
16684 4 2 20 2 2344 2302 2291 3090
16685 4 2 20 2 1809 1734 1733 3565
16686 4 2 20 2 3114 3311 3103 4107
16687 4 2 20 2 226 4043 227 4045
16688 4 2 20 2 2107 2146 2081 3923
16689 4 2 20 2 3109 3133 2916 3987
16690 4 2 20 2 939 933 962 4058
16691 4 2 20 2 3001 3922 3590 4006
16692 4 2 20 2 2263 3008 2278 3224
16693 4 2 20 2 3167 3526 2984 3694
16694 4 2 20 2 382 426 468 3920
16695 4 2 20 2 3219 3343 2899 3993
16696 4 2 20 2 2296 2199 2295 3790
16697 4 2 20 2 1282 1340 1312 3911
16698 4 2 20 2 1309 1331 1310 3911
16699 4 2 20 2 1707 1688 1760 3932
16700 4 2 20 2 2159 2183 2202 3792
16701 4 2 20 2 1718 1736 1721 1650
16702 4 2 20 2 3154 3637 3371 3920
16703 4 2 20 2 1674 1673 1646 3851
16704 4 2 20 2 1624 1716 1675 3300
16705 4 2 20 2 1381 1428 1336 3909
16706 4 2 20 2 2071 2089 2154 3659
16707 4 2 20 2 1779 1755 1818 3996
16708 4 2 20 2 2135 2199 2206 3790
16709 4 2 20 2 451 497 406 4068
16710 4 2 20 2 426 382 338 3920
16711 4 2 20 2 885 934 886 3981
16712 4 2 20 2 920 3164 954 3376
16713 4 2 20 2 949 909 946 3653
16714 4 2 20 2 542 453 543 3871
16715 4 2 20 2 144 184 185 4044
16716 4 2 20 2 2945 3348 3148 3725
16717 4 2 20 2 117 74 119 3914
16718 4 2 20 2 2077 3414 2091 4004
16719 4 2 20 2 362 449 404 4110
16720 4 2 20 2 570 523 522 3471
16721 4 2 20 2 522 524 571 3471
16722 4 2 20 2 3160 3705 3055 3872
16723 4 2 20 2 2952 3389 3318 3618
16724 4 2 20 2 3088 2911 3409 4011
16725 4 2 20 2 3168 3780 37 4020
16726 4 2 20 2 779 780 811 3531
16727 4 2 20 2 318 362 281 4111
16728 4 2 20 2 1757 1846 1781 3913
16729 4 2 20 2 869 3424 836 3975
16730 4 2 20 2 299 377 339 3633
16731 4 2 20 2 1810 1749 1717 3927
16732 4 2 20 2 2880 3541 3311 3804
16733 4 2 20 2 2009 1962 1932 3980
16734 4 2 20 2 1266 1225 3536 3887
16735 4 2 20 2 2370 2378 3013 3338
16736 4 2 20 2 447 400 445 3789
16737 4 2 20 2 382 3919 343 3920
16738 4 2 20 2 3389 3753 3008 3954
16739 4 2 20 2 2077 1996 2052 3983
16740 4 2 20 2 3102 3593 2870 3721
16741 4 2 20 2 2286 2362 2360 3716
16742 4 2 20 2 743 3417 780 3531
16743 4 2 20 2 776 802 737 3744
16744 4 2 20 2 2314 2254 2280 3889
16745 4 2 20 2 1977 1885 1933 3547
16746 4 2 20 2 1217 1189 1138 3695
16747 4 2 20 2 2952 3322 3071 3618
16748 4 2 20 2 631 585 545 4015
16749 4 2 20 2 3109 3338 929 3987
16750 4 2 20 2 30 21 20 4098
16751 4 2 20 2 2409 2423 2438 3116
16752 4 2 20 2 2477 3276 2457 3520
16753 4 2 20 2 2400 2401 2441 3053
16754 4 2 20 2 2290 3417 3224 3531
16755 4 2 20 2 636 635 726 3907
16756 4 2 20 2 3014 3234 3213 3995
16757 4 2 20 2 2196 2097 2118 3418
16758 4 2 20 2 2084 2033 2112 4054
16759 4 2 20 2 774 776 737 3744
16760 4 2 20 2 2348 2303 2314 3889
16761 4 2 20 2 2495 2497 2488 4061
16762 4 2 20 2 1546 1456 1523 3502
16763 4 2 20 2 2293 2326 2318 4113
16764 4 2 20 2 837 805 838 3975
16765 4 2 20 2 553 3670 551 4038
16766 4 2 20 2 2263 2278 2290 3224
16767 4 2 20 2 2349 3485 2338 3813
16768 4 2 20 2 818 756 703 3952
16769 4 2 20 2 259 257 3637 3920
16770 4 2 20 2 2000 2062 2029 3697
16771 4 2 20 2 2973 3322 3155 4039
16772 4 2 20 2 1907 1948 2024 3928
16773 4 2 20 2 707 787 703 3952
16774 4 2 20 2 2344 2378 2371 3013
16775 4 2 20 2 103 61 66 4009
16776 4 2 20 2 3 1 2 3754
16777 4 2 20 2 660 3503 3428 3542
16778 4 2 20 2 2327 2318 2350 4113
16779 4 2 20 2 2055 2080 2132 3930
16780 4 2 20 2 749 3132 2972 3394
16781 4 2 20 2 1508 1566 1461 3957
16782 4 2 20 2 2171 2190 2258 2136
16783 4 2 20 2 2369 2356 2403 4007
16784 4 2 20 2 1241 1191 1190 4022
16785 4 2 20 2 944 3653 3424 3733
16786 4 2 20 2 848 814 847 3721
16787 4 2 20 2 542 543 544 3871
16788 4 2 20 2 2044 2095 2042 3368
16789 4 2 20 2 1972 2033 1989 3505
16790 4 2 20 2 598 688 597 3530
16791 4 2 20 2 1879 1741 1819 3585
16792 4 2 20 2 901 866 902 3387
16793 4 2 20 2 2354 2353 2341 3037
16794 4 2 20 2 1730 1821 1840 4071
16795 4 2 20 2 2275 2206 2199 3790
16796 4 2 20 2 312 271 272 4011
16797 4 2 20 2 2984 3544 3257 4064
16798 4 2 20 2 3167 3428 2900 3526
16799 4 2 20 2 2312 3132 2972 3417
16800 4 2 20 2 957 3376 955 3426
16801 4 2 20 2 1252 1279 1300 3859
16802 4 2 20 2 1527 1486 1618 3851
16803 4 2 20 2 2459 2417 2458 3846
16804 4 2 20 2 556 3670 3630 4069
16805 4 2 20 2 2229 2174 2248 3762
16806 4 2 20 2 1436 1395 1437 3611
16807 4 2 20 2 2454 2443 2427 3291
16808 4 2 20 2 2260 2308 2329 3717
16809 4 2 20 2 2473 2914 2426 3190
16810 4 2 20 2 1819 3585 1741 3669
16811 4 2 20 2 2420 2421 2409 3681
16812 4 2 20 2 1381 3909 1497 4026
16813 4 2 20 2 2354 3593 2366 3653
16814 4 2 20 2 58 64 61 4010
16815 4 2 20 2 2216 2183 2196 4039
16816 4 2 20 2 2403 2428 2427 3908
16817 4 2 20 2 2348 2314 2346 3889
16818 4 2 20 2 953 2400 978 3426
16819 4 2 20 2 2310 3000 2999 3037
16820 4 2 20 2 2444 2465 3760 3837
16821 4 2 20 2 2099 2030 2031 3982
16822 4 2 20 2 1122 1125 1181 3661
16823 4 2 20 2 1085 1136 1087 4046
16824 4 2 20 2 1066 1090 1042 3434
16825 4 2 20 2 1506 1600 1601 3771
16826 4 2 20 2 591 556 505 4069
16827 4 2 20 2 2202 2183 2216 3792
16828 4 2 20 2 1696 1653 1628 4104
16829 4 2 20 2 2312 2972 2290 3417
16830 4 2 20 2 1516 1518 1580 3933
16831 4 2 20 2 1838 1764 1941 3776
16832 4 2 20 2 1584 1666 1581 3932
16833 4 2 20 2 747 3132 781 3417
16834 4 2 20 2 1666 1612 1581 3932
16835 4 2 20 2 937 889 941 3987
16836 4 2 20 2 2020 2009 1932 3980
16837 4 2 20 2 2904 3541 3080 4019
16838 4 2 20 2 2445 2429 2414 3327
16839 4 2 20 2 997 992 994 3905
16840 4 2 20 2 1029 1013 1031 4116
16841 4 2 20 2 662 660 3428 3542
16842 4 2 20 2 2127 2036 2088 3525
16843 4 2 20 2 622 668 669 3966
16844 4 2 20 2 3086 3409 2911 4011
16845 4 2 20 2 965 989 964 3988
16846 4 2 20 2 2500 2494 2493 4066
16847 4 2 20 2 2352 2383 2364 3499
16848 4 2 20 2 1695 1737 1696 4104
16849 4 2 20 2 2100 2031 2032 4054
16850 4 2 20 2 835 776 805 3975
16851 4 2 20 2 493 404 449 4110
16852 4 2 20 2 3190 3311 3133 4058
16853 4 2 20 2 945 970 968 3733
16854 4 2 20 2 207 3281 164 3606
16855 4 2 20 2 2352 2297 2328 3499
16856 4 2 20 2 2379 2391 2345 4060
16857 4 2 20 2 960 3987 937 3988
16858 4 2 20 2 687 3530 688 3763
16859 4 2 20 2 560 3753 561 3954
16860 4 2 20 2 2063 1987 2082 3671
16861 4 2 20 2 3103 3114 2914 3311
16862 4 2 20 2 1338 1313 1287 4067
16863 4 2 20 2 71 32 69 4119
16864 4 2 20 2 1757 1799 1846 3913
16865 4 2 20 2 2996 3387 3386 4086
16866 4 2 20 2 2216 3792 2183 4039
16867 4 2 20 2 2911 3155 3322 4039
16868 4 2 20 2 847 844 873 3721
16869 4 2 20 2 2322 2302 2344 3090
16870 4 2 20 2 611 570 3471 3542
16871 4 2 20 2 2917 3038 3428 3698
16872 4 2 20 2 611 660 570 3542
16873 4 2 20 2 663 3428 3526 3698
16874 4 2 20 2 3090 3443 3394 3952
16875 4 2 20 2 3086 3155 3654 4011
16876 4 2 20 2 3148 3443 3090 3725
16877 4 2 20 2 1203 1243 1202 4102
16878 4 2 20 2 572 3471 570 3542
16879 4 2 20 2 945 969 970 3733
16880 4 2 20 2 1381 1330 1379 3909
16881 4 2 20 2 497 408 406 4068
16882 4 2 20 2 2356 2369 2301 4007
16883 4 2 20 2 1895 2031 1988 3982
16884 4 2 20 2 2400 2441 2412 3053
16885 4 2 20 2 540 498 541 4015
16886 4 2 20 2 157 158 200 3872
16887 4 2 20 2 804 3424 3037 3975
16888 4 2 20 2 3061 3633 2964 3990
16889 4 2 20 2 1152 1185 1134 3825
16890 4 2 20 2 1928 2017 1990 3963
16891 4 2 20 2 505 556 3630 4069
16892 4 2 20 2 3088 3322 2911 4011
16893 4 2 20 2 3428 3542 2917 3698
16894 4 2 20 2 1102 1120 1121 3887
16895 4 2 20 2 792 790 791 3257
16896 4 2 20 2 982 928 959 3743
16897 4 2 20 2 1781 1846 1780 3913
16898 4 2 20 2 3139 3224 3014 3686
16899 4 2 20 2 2400 953 973 3653
16900 4 2 20 2 353 271 312 4011
16901 4 2 20 2 1205 1206 1222 4103
16902 4 2 20 2 1496 1537 1495 3518
16903 4 2 20 2 1989 2003 1925 4054
16904 4 2 20 2 3409 4011 3086 4045
16905 4 2 20 2 2241 2211 2265 3835
16906 4 2 20 2 3158 3748 3593 3763
16907 4 2 20 2 93 48 92 4078
16908 4 2 20 2 3158 3488 2870 3748
16909 4 2 20 2 857 4019 793 4064
16910 4 2 20 2 1263 1244 1222 4103
16911 4 2 20 2 613 572 570 3542
16912 4 2 20 2 2444 2402 2461 3837
16913 4 2 20 2 985 987 986 4058
16914 4 2 20 2 668 711 714 3966
16915 4 2 20 2 2462 2474 2467 4013
16916 4 2 20 2 180 225 223 4045
16917 4 2 20 2 2984 3526 3127 3694
16918 4 2 20 2 1854 1869 1905 3927
16919 4 2 20 2 3037 3254 3744 3975
16920 4 2 20 2 2914 3133 2426 3190
16921 4 2 20 2 1970 2055 2024 3928
16922 4 2 20 2 2435 2450 2457 3520
16923 4 2 20 2 3132 3417 2290 3531
16924 4 2 20 2 3080 3804 3333 3981
16925 4 2 20 2 182 181 179 4089
16926 4 2 20 2 2270 2337 2281 3564
16927 4 2 20 2 1742 1896 1761 3585
16928 4 2 20 2 2063 1960 1987 3671
16929 4 2 20 2 2105 2165 2098 3930
16930 4 2 20 2 2342 2366 2870 2900
16931 4 2 20 2 2370 2378 2344 3013
16932 4 2 20 2 2263 2290 3008 3224
16933 4 2 20 2 1699 1698 1680 3902
16934 4 2 20 2 2387 3733 991 3905
16935 4 2 20 2 61 55 58 4010
16936 4 2 20 2 3071 3642 3206 3643
16937 4 2 20 2 1538 1663 1661 3778
16938 4 2 20 2 894 901 898 3986
16939 4 2 20 2 2356 2301 2292 4007
16940 4 2 20 2 1701 1635 1682 3979
16941 4 2 20 2 40 41 35 4020
16942 4 2 20 2 803 3254 806 3975
16943 4 2 20 2 2229 2248 2287 4097
16944 4 2 20 2 1396 1292 1248 3991
16945 4 2 20 2 2290 2972 2266 3008
16946 4 2 20 2 3428 3542 3503 3748
16947 4 2 20 2 3397 3922 3001 4006
16948 4 2 20 2 997 993 992 3905
16949 4 2 20 2 1062 1042 1090 3434
16950 4 2 20 2 226 225 180 4045
16951 4 2 20 2 1626 1596 1557 3646
16952 4 2 20 2 50 56 18 3937
16953 4 2 20 2 1641 1612 1687 3933
16954 4 2 20 2 796 830 862 3649
16955 4 2 20 2 2310 3037 3158 3593
16956 4 2 20 2 1463 1563 1507 3810
16957 4 2 20 2 181 102 179 4089
16958 4 2 20 2 748 3593 812 3721
16959 4 2 20 2 2389 2367 2390 3588
16960 4 2 20 2 1265 1370 1224 3831
16961 4 2 20 2 2292 3238 2279 4007
16962 4 2 20 2 825 794 859 4019
16963 4 2 20 2 2260 2247 2308 3717
16964 4 2 20 2 2496 2474 2483 4013
16965 4 2 20 2 382 468 3919 3920
16966 4 2 20 2 2952 2973 3322 3618
16967 4 2 20 2 806 3254 838 3975
16968 4 2 20 2 996 997 1000 3892
16969 4 2 20 2 1131 1126 1134 3825
16970 4 2 20 2 450 407 496 3945
16971 4 2 20 2 2193 2209 2139 3414
16972 4 2 20 2 2114 2070 2153 4016
16973 4 2 20 2 902 3387 867 4107
16974 4 2 20 2 794 3621 793 4019
16975 4 2 20 2 183 148 145 3735
16976 4 2 20 2 468 431 382 3919
16977 4 2 20 2 674 722 823 3854
16978 4 2 20 2 1716 1694 1751 3300
16979 4 2 20 2 924 3376 3333 3544
16980 4 2 20 2 196 202 200 3872
16981 4 2 20 2 2490 2484 2492 4073
16982 4 2 20 2 2118 2097 2023 3418
16983 4 2 20 2 98 179 102 4089
16984 4 2 20 2 2976 2900 3167 3428
16985 4 2 20 2 42 43 86 3974
16986 4 2 20 2 979 923 982 3743
16987 4 2 20 2 2488 2487 2480 4061
16988 4 2 20 2 2310 3158 2366 3593
16989 4 2 20 2 748 3593 3721 3748
16990 4 2 20 2 2069 2019 2126 3972
16991 4 2 20 2 1682 1723 1739 3979
16992 4 2 20 2 2193 2239 2209 3414
16993 4 2 20 2 1381 1423 1497 3909
16994 4 2 20 2 822 857 793 4064
16995 4 2 20 2 2059 2075 1995 3812
16996 4 2 20 2 527 523 526 3993
16997 4 2 20 2 1872 1935 1855 4099
16998 4 2 20 2 2393 2414 2405 4060
16999 4 2 20 2 2956 4068 3392 4110
17000 4 2 20 2 812 3593 847 3721
17001 4 2 20 2 3158 3593 3037 3763
17002 4 2 20 2 629 713 623 3725
17003 4 2 20 2 1873 1946 1872 4099
17004 4 2 20 2 1562 1530 1606 3543
17005 4 2 20 2 2973 3394 3090 3443
17006 4 2 20 2 1392 1583 1503 3442
17007 4 2 20 2 2264 2178 2241 3501
17008 4 2 20 2 1748 1673 1674 3851
17009 4 2 20 2 669 3847 3675 3966
17010 4 2 20 2 942 3133 943 3988
17011 4 2 20 2 298 291 294 3691
17012 4 2 20 2 1612 1581 3932 3933
17013 4 2 20 2 747 2972 3132 3417
17014 4 2 20 2 1121 1120 1179 3887
17015 4 2 20 2 381 339 3633 3990
17016 4 2 20 2 2173 2128 2115 3525
17017 4 2 20 2 2266 2242 2263 3008
17018 4 2 20 2 775 3254 803 3744
17019 4 2 20 2 3005 3486 3234 3753
17020 4 2 20 2 3037 3424 804 3763
17021 4 2 20 2 709 710 759 3694
17022 4 2 20 2 804 869 836 3975
17023 4 2 20 2 1738 1702 1657 3884
17024 4 2 20 2 2209 2141 2139 3414
17025 4 2 20 2 2402 2426 3133 3190
17026 4 2 20 2 3213 3234 3005 3486
17027 4 2 20 2 2342 2311 2300 3534
17028 4 2 20 2 1445 1381 1497 4026
17029 4 2 20 2 942 963 3987 3988
17030 4 2 20 2 911 3650 842 3745
17031 4 2 20 2 696 753 694 3394
17032 4 2 20 2 307 390 387 3643
17033 4 2 20 2 2335 2321 2341 3000
17034 4 2 20 2 2952 3318 2973 3618
17035 4 2 20 2 498 540 631 4015
17036 4 2 20 2 2870 2900 2366 3102
17037 4 2 20 2 3014 3461 3139 3686
17038 4 2 20 2 1742 1761 3342 3585
17039 4 2 20 2 2468 2469 2483 4013
17040 4 2 20 2 1947 2013 2023 3683
17041 4 2 20 2 1757 1706 1799 3778
17042 4 2 20 2 596 561 649 3954
17043 4 2 20 2 2479 2485 2477 4073
17044 4 2 20 2 999 995 996 3892
17045 4 2 20 2 3154 3920 3274 3990
17046 4 2 20 2 3333 3981 3544 4064
17047 4 2 20 2 2477 2485 2484 4073
17048 4 2 20 2 2266 2213 2242 2952
17049 4 2 20 2 669 582 622 3966
17050 4 2 20 2 78 119 74 3914
17051 4 2 20 2 972 2388 974 3733
17052 4 2 20 2 696 753 3394 3952
17053 4 2 20 2 2212 2265 2211 3835
17054 4 2 20 2 71 33 32 4119
17055 4 2 20 2 259 3637 3154 3920
17056 4 2 20 2 714 3847 669 3966
17057 4 2 20 2 3127 3033 3847 3966
17058 4 2 20 2 2952 3322 2973 4039
17059 4 2 20 2 930 3333 3804 3981
17060 4 2 20 2 198 248 244 4091
17061 4 2 20 2 885 886 857 3981
17062 4 2 20 2 1144 1140 1142 1141
17063 4 2 20 2 336 375 333 3899
17064 4 2 20 2 2488 2480 2495 4061
17065 4 2 20 2 733 801 833 4086
17066 4 2 20 2 2216 2291 2267 4039
17067 4 2 20 2 3109 3743 3190 3988
17068 4 2 20 2 257 205 259 3637
17069 4 2 20 2 2399 2459 2451 3846
17070 4 2 20 2 1705 1781 1780 3607
17071 4 2 20 2 2447 2444 2465 3760
17072 4 2 20 2 1320 1227 1208 3897
17073 4 2 20 2 2280 2268 2313 3889
17074 4 2 20 2 3310 3526 3038 3698
17075 4 2 20 2 2377 3109 2402 3338
17076 4 2 20 2 2291 2266 2312 2973
17077 4 2 20 2 933 3804 962 4058
17078 4 2 20 2 2309 2276 2287 4097
17079 4 2 20 2 1293 1228 1229 3991
17080 4 2 20 2 808 842 3531 3745
17081 4 2 20 2 721 823 722 3854
17082 4 2 20 2 502 459 414 3824
17083 4 2 20 2 3053 3892 984 4058
17084 4 2 20 2 2366 2900 2389 3102
17085 4 2 20 2 2290 3008 3224 3417
17086 4 2 20 2 332 296 251 3635
17087 4 2 20 2 2286 2307 2362 3716
17088 4 2 20 2 1832 1702 1798 3884
17089 4 2 20 2 3164 3376 920 3544
17090 4 2 20 2 983 3053 3426 3892
17091 4 2 20 2 2349 2396 3485 3619
17092 4 2 20 2 155 159 161 4074
17093 4 2 20 2 1209 1227 1291 3897
17094 4 2 20 2 2389 2413 2401 2913
17095 4 2 20 2 647 3686 3234 3954
17096 4 2 20 2 911 915 3650 3745
17097 4 2 20 2 4043 4044 3195 4045
17098 4 2 20 2 742 741 778 3763
17099 4 2 20 2 3428 3503 2976 3748
17100 4 2 20 2 2368 3650 915 3745
17101 4 2 20 2 3038 2900 3428 3526
17102 4 2 20 2 2084 2032 2003 4054
17103 4 2 20 2 1663 1706 1661 3778
17104 4 2 20 2 813 811 3132 3745
17105 4 2 20 2 2468 2483 2474 4013
17106 4 2 20 2 2379 2345 2347 4060
17107 4 2 20 2 3038 3044 2872 3310
17108 4 2 20 2 1001 3905 3190 4058
17109 4 2 20 2 2270 2281 2203 3668
17110 4 2 20 2 847 3593 844 3721
17111 4 2 20 2 2384 2360 2362 3716
17112 4 2 20 2 1910 1780 1846 3913
17113 4 2 20 2 3013 3338 2916 3854
17114 4 2 20 2 659 697 661 3503
17115 4 2 20 2 1822 1790 1747 4030
17116 4 2 20 2 3471 3542 572 3993
17117 4 2 20 2 1266 1168 1225 3887
17118 4 2 20 2 2310 3037 2999 3158
17119 4 2 20 2 1742 1741 1879 3585
17120 4 2 20 2 3224 3417 3008 3954
17121 4 2 20 2 1421 1470 1512 3624
17122 4 2 20 2 2385 2423 2409 3716
17123 4 2 20 2 2448 2416 2447 3760
17124 4 2 20 2 1736 1721 1771 1770
17125 4 2 20 2 759 710 758 3694
17126 4 2 20 2 1362 1402 1420 3765
17127 4 2 20 2 3109 3987 960 3988
17128 4 2 20 2 2177 2230 2179 3970
17129 4 2 20 2 225 226 227 4045
17130 4 2 20 2 3333 3804 2880 4058
17131 4 2 20 2 41 36 35 4020
17132 4 2 20 2 2402 3190 3109 3743
17133 4 2 20 2 3102 3164 917 3721
17134 4 2 20 2 1866 1914 1865 3877
17135 4 2 20 2 2370 3338 3013 3339
17136 4 2 20 2 2342 2367 2366 2900
17137 4 2 20 2 2116 3414 2077 4004
17138 4 2 20 2 3127 3310 3092 3966
17139 4 2 20 2 2441 2412 3053 3190
17140 4 2 20 2 2370 2377 2402 3338
17141 4 2 20 2 2447 2416 2431 3760
17142 4 2 20 2 3214 3461 3014 3995
17143 4 2 20 2 3044 3310 3038 3698
17144 4 2 20 2 146 184 144 4044
17145 4 2 20 2 668 714 669 3966
17146 4 2 20 2 2264 2231 2178 3501
17147 4 2 20 2 2336 2291 2312 3394
17148 4 2 20 2 3187 3922 3397 3945
17149 4 2 20 2 2024 2055 2079 3928
17150 4 2 20 2 780 3132 811 3531
17151 4 2 20 2 900 867 832 4107
17152 4 2 20 2 103 100 61 4009
17153 4 2 20 2 793 4019 3621 4064
17154 4 2 20 2 3310 3791 3092 3966
17155 4 2 20 2 83 42 86 3974
17156 4 2 20 2 564 562 428 3989
17157 4 2 20 2 2405 2414 2429 4060
17158 4 2 20 2 2341 2353 2335 3037
17159 4 2 20 2 2310 2354 3037 3593
17160 4 2 20 2 999 996 1000 3892
17161 4 2 20 2 3109 3338 2377 3743
17162 4 2 20 2 955 3376 3164 3426
17163 4 2 20 2 2370 2344 2343 3339
17164 4 2 20 2 776 3744 803 3975
17165 4 2 20 2 2384 2385 2409 3716
17166 4 2 20 2 839 3593 3424 3653
17167 4 2 20 2 865 901 893 3986
17168 4 2 20 2 2389 2913 2401 3164
17169 4 2 20 2 991 2388 977 3905
17170 4 2 20 2 3254 3650 908 3733
17171 4 2 20 2 976 977 974 2388
17172 4 2 20 2 1119 1105 1150 3887
17173 4 2 20 2 1390 1347 1264 1263
17174 4 2 20 2 972 950 2388 3650
17175 4 2 20 2 122 79 82 3780
17176 4 2 20 2 2289 2238 2320 4106
17177 4 2 20 2 2341 2999 2310 3000
17178 4 2 20 2 658 697 659 3503
17179 4 2 20 2 3148 3397 3001 4006
17180 4 2 20 2 428 562 509 3989
17181 4 2 20 2 913 3653 3102 3721
17182 4 2 20 2 2299 2278 3014 3224
17183 4 2 20 2 2347 2393 2405 4060
17184 4 2 20 2 3461 3686 3014 3995
17185 4 2 20 2 3590 3654 3001 4006
17186 4 2 20 2 3333 3080 3981 4064
17187 4 2 20 2 1618 1729 1674 3851
17188 4 2 20 2 1619 1549 1646 1673
17189 4 2 20 2 117 76 74 3914
17190 4 2 20 2 2870 2959 3542 3748
17191 4 2 20 2 2077 2176 2139 3414
17192 4 2 20 2 2004 1961 3084 3891
17193 4 2 20 2 2465 2448 2447 3760
17194 4 2 20 2 3503 3542 2959 3748
17195 4 2 20 2 1967 2043 2013 3683
17196 4 2 20 2 2461 2426 2914 3133
17197 4 2 20 2 3053 3333 2880 4058
17198 4 2 20 2 998 1002 1001 3905
17199 4 2 20 2 857 3981 4019 4064
17200 4 2 20 2 2276 2247 2228 4097
17201 4 2 20 2 844 3593 3653 3721
17202 4 2 20 2 1091 1043 1115 1116
17203 4 2 20 2 3190 3892 3053 4058
17204 4 2 20 2 974 2388 991 3733
17205 4 2 20 2 2996 3649 3387 4086
17206 4 2 20 2 2870 3593 3158 3748
17207 4 2 20 2 1696 1628 1695 4104
17208 4 2 20 2 2116 2077 2052 4004
17209 4 2 20 2 613 570 660 3542
17210 4 2 20 2 997 994 1001 3905
17211 4 2 20 2 498 631 545 4015
17212 4 2 20 2 2370 2402 2378 3338
17213 4 2 20 2 2916 3338 3109 3987
17214 4 2 20 2 259 205 258 3637
17215 4 2 20 2 1646 1504 1674 3851
17216 4 2 20 2 2382 2396 2436 3739
17217 4 2 20 2 1120 1149 1179 3887
17218 4 2 20 2 865 3649 901 3986
17219 4 2 20 2 1819 1741 1725 3669
17220 4 2 20 2 1184 1229 1228 3991
17221 4 2 20 2 1967 2013 1947 3683
17222 4 2 20 2 2004 1961 1896 3084
17223 4 2 20 2 2400 3426 953 3653
17224 4 2 20 2 1414 1415 1506 1507
17225 4 2 20 2 1119 1149 1120 3887
17226 4 2 20 2 831 832 3692 4107
17227 4 2 20 2 2355 3224 3139 3254
17228 4 2 20 2 2000 2001 2062 3697
17229 4 2 20 2 2880 3333 3080 3804
17230 4 2 20 2 1832 1877 1778 3884
17231 4 2 20 2 2399 2417 2459 3846
17232 4 2 20 2 1532 1569 1571 3715
17233 4 2 20 2 2278 2250 2299 3014
17234 4 2 20 2 2278 2299 2290 3224
17235 4 2 20 2 982 3743 1002 3905
17236 4 2 20 2 1584 1688 1666 3932
17237 4 2 20 2 706 710 709 3694
17238 4 2 20 2 337 427 426 3920
17239 4 2 20 2 959 990 982 3743
17240 4 2 20 2 910 908 3650 3733
17241 4 2 20 2 1460 1510 1508 3957
17242 4 2 20 2 801 733 732 4086
17243 4 2 20 2 1040 1041 1030 4116
17244 4 2 20 2 2370 3013 2344 3339
17245 4 2 20 2 2913 2401 3164 3376
17246 4 2 20 2 2401 3376 3053 3426
17247 4 2 20 2 2401 2366 2389 3102
17248 4 2 20 2 808 3531 810 3745
17249 4 2 20 2 963 937 3987 3988
17250 4 2 20 2 795 794 825 4019
17251 4 2 20 2 2959 3503 3471 3542
17252 4 2 20 2 962 985 986 4058
17253 4 2 20 2 2312 2290 3132 3417
17254 4 2 20 2 865 862 3649 3986
17255 4 2 20 2 2349 2416 2396 3619
17256 4 2 20 2 2341 3000 2310 3037
17257 4 2 20 2 982 923 928 3743
17258 4 2 20 2 1169 1105 1128 3887
17259 4 2 20 2 2870 3542 3428 3748
17260 4 2 20 2 1168 1166 1150 3887
17261 4 2 20 2 775 803 776 3744
17262 4 2 20 2 976 952 979 2388
17263 4 2 20 2 2081 2057 2107 4014
17264 4 2 20 2 3080 3621 4019 4064
17265 4 2 20 2 1925 1926 1989 3942
17266 4 2 20 2 2421 2398 2409 3681
17267 4 2 20 2 2210 2179 2230 3970
17268 4 2 20 2 192 198 244 4091
17269 4 2 20 2 2354 2353 3424 3733
17270 4 2 20 2 842 3650 3531 3745
17271 4 2 20 2 2401 3102 2389 3164
17272 4 2 20 2 2100 2032 2084 4054
17273 4 2 20 2 2461 2402 2426 3133
17274 4 2 20 2 2352 2328 2383 3499
17275 4 2 20 2 976 979 977 2388
17276 4 2 20 2 833 730 729 4086
17277 4 2 20 2 2400 2387 2354 3653
17278 4 2 20 2 732 773 801 4086
17279 4 2 20 2 2266 2290 2312 2972
17280 4 2 20 2 2172 2114 2153 4016
17281 4 2 20 2 2402 2916 2378 3109
17282 4 2 20 2 963 964 961 3988
17283 4 2 20 2 775 776 774 3744
17284 4 2 20 2 959 3743 960 3988
17285 4 2 20 2 997 3892 993 3905
17286 4 2 20 2 2361 2383 2328 3499
17287 4 2 20 2 1948 1970 2024 3928
17288 4 2 20 2 1031 1043 1091 4116
17289 4 2 20 2 979 3743 982 3905
17290 4 2 20 2 2354 2341 2310 3037
17291 4 2 20 2 1707 1666 1688 3932
17292 4 2 20 2 2310 2366 2354 3593
17293 4 2 20 2 1883 1963 1957 1903
17294 4 2 20 2 811 810 3531 3745
17295 4 2 20 2 428 510 564 3989
17296 4 2 20 2 2298 2262 2310 2999
17297 4 2 20 2 1001 994 998 3905
17298 4 2 20 2 944 2387 3653 3733
17299 4 2 20 2 942 3987 3133 3988
17300 4 2 20 2 3061 2964 3274 3990
17301 4 2 20 2 2402 3109 2378 3338
17302 4 2 20 2 3014 3686 3234 3995
17303 4 2 20 2 1041 1013 1030 4116
17304 4 2 20 2 2377 2402 3109 3743
17305 4 2 20 2 1062 1089 1042 3434
17306 4 2 20 2 3014 3139 2299 3224
17307 4 2 20 2 2362 2329 2384 3716
17308 4 2 20 2 2349 2396 2350 3485
17309 4 2 20 2 2335 3139 2355 3224
17310 4 2 20 2 2428 2454 2427 3291
17311 4 2 20 2 1883 1963 1867 1957
17312 4 2 20 2 910 3650 948 3733
17313 4 2 20 2 2341 2321 2298 3000
17314 4 2 20 2 2502 2493 2478 4066
17315 4 2 20 2 2493 2502 2501 4066
17316 4 2 20 2 2292 2279 2356 4007
17317 4 2 20 2 981 3426 995 3892
17318 4 2 20 2 1988 2030 1938 3982
17319 4 2 20 2 2354 2387 2353 3733
17320 4 2 20 2 1013 1041 1011 4116
17321 4 2 20 2 1029 1031 1038 4116
17322 4 2 20 2 1168 1150 1105 3887
17323 4 2 20 2 3114 3133 2914 3311
17324 4 2 20 2 2077 2139 2091 3414
17325 4 2 20 2 2290 2266 2263 3008
17326 4 2 20 2 1288 1260 1157 1200
17327 4 2 20 2 25 22 21 4098
17328 4 2 20 2 2354 3424 3037 3593
17329 4 2 20 2 3386 3387 3114 4107
17330 4 2 20 2 2493 2501 2500 4066
17331 4 2 20 2 978 2400 975 3892
17332 4 2 20 2 2065 1879 1952 3891
17333 4 2 20 2 2329 2385 2384 3716
17334 4 2 20 2 2900 3164 3102 3721
17335 4 2 20 2 2138 2075 2059 2076
17336 4 2 20 2 2133 2149 2065 3891
17337 4 2 20 2 2149 2198 2121 3891
17338 4 2 20 2 2377 3338 2370 3339
17339 4 2 20 2 2870 3102 2366 3593
17340 4 2 20 2 1157 1215 1260 1288
17341 4 2 20 2 1879 1952 3891 3947
17342 4 2 20 2 3224 3254 2355 3531
17343 4 2 20 2 1287 1218 1286 4067
17344 4 2 20 2 803 3744 3254 3975
17345 4 2 20 2 2377 2388 2402 3743
17346 4 2 20 2 901 3649 3387 3986
17347 4 2 20 2 1547 1483 1525 1671
17348 4 2 20 2 831 900 832 4107
17349 4 2 20 2 3037 3593 3424 3763
17350 4 2 20 2 1168 1105 1169 3887
17351 4 2 20 2 2343 2291 2336 3394
17352 4 2 20 2 2290 2336 3132 3531
17353 4 2 20 2 960 3743 3109 3988
17354 4 2 20 2 83 86 87 3974
17355 4 2 20 2 2870 3428 2976 3748
17356 4 2 20 2 71 34 33 4119
17357 4 2 20 2 2405 2379 2347 4060
17358 4 2 20 2 2091 2039 2077 3983
17359 4 2 20 2 780 3417 3132 3531
17360 4 2 20 2 1742 3342 1741 3585
17361 4 2 20 2 2355 3139 2335 3254
17362 4 2 20 2 3190 3905 3892 4058
17363 4 2 20 2 2175 2193 2176 3414
17364 4 2 20 2 991 3733 2388 3905
17365 4 2 20 2 2343 2336 3132 3394
17366 4 2 20 2 3038 3526 3428 3698
17367 4 2 20 2 2298 2310 2341 2999
17368 4 2 20 2 3424 3733 2353 3975
17369 4 2 20 2 2450 2477 2457 3520
17370 4 2 20 2 2400 973 2387 3653
17371 4 2 20 2 2353 3733 3254 3975
17372 4 2 20 2 869 835 870 3975
17373 4 2 20 2 997 1001 3892 3905
17374 4 2 20 2 973 975 2400 2387
17375 4 2 20 2 2405 2429 2379 4060
17376 4 2 20 2 1832 1778 1702 3884
17377 4 2 20 2 1665 1686 1742 3342
17378 4 2 20 2 2400 975 993 2387
17379 4 2 20 2 2299 3139 2335 3224
17380 4 2 20 2 811 3531 3132 3745
17381 4 2 20 2 993 975 2400 3892
17382 4 2 20 2 972 3650 2388 3733
17383 4 2 20 2 3080 4019 3981 4064
17384 4 2 20 2 835 837 870 3975
17385 4 2 20 2 978 3426 2400 3892
17386 4 2 20 2 2121 2134 1961 3891
17387 4 2 20 2 1650 1718 1679 1722
17388 4 2 20 2 990 3743 959 3988
17389 4 2 20 2 2400 3426 3053 3892
17390 4 2 20 2 2913 3376 3164 3544
17391 4 2 20 2 2294 2283 2234 2305
17392 4 2 20 2 2368 2388 950 3650
17393 4 2 20 2 1483 1484 1547 1525
17394 4 2 20 2 3109 3133 3987 3988
17395 4 2 20 2 979 2388 952 3743
17396 4 2 20 2 835 805 837 3975
17397 4 2 20 2 3102 3653 3593 3721
17398 4 2 20 2 977 2388 979 3905
17399 4 2 20 2 2401 3102 3164 3426
17400 4 2 20 2 3053 3190 2412 3892
17401 4 2 20 2 3333 3376 2913 3544
17402 4 2 20 2 3164 3376 2401 3426
17403 4 2 20 2 2193 2139 2176 3414
17404 4 2 20 2 1952 1939 2058 3947
17405 4 2 20 2 2401 3053 2400 3426
17406 4 2 20 2 2312 2290 2336 3132
17407 4 2 20 2 1686 1741 1742 3342
17408 4 2 20 2 2354 3424 3593 3653
17409 4 2 20 2 2355 3531 3254 3650
17410 4 2 20 2 2355 2335 2353 3254
17411 4 2 20 2 2387 2388 3733 3905
17412 4 2 20 2 2353 3650 3254 3733
17413 4 2 20 2 1630 1629 1600 1654
17414 4 2 20 2 1525 1615 1547 1671
17415 4 2 20 2 2412 3892 3190 3905
17416 4 2 20 2 2299 2335 2355 3224
17417 4 2 20 2 1022 1019 1025 1012
17418 4 2 20 2 1381 1423 1379 1445
17419 4 2 20 2 3190 3743 2412 3905
17420 4 2 20 2 2400 3053 2412 3892
17421 4 2 20 2 1774 1750 1718 1722
17422 4 2 20 2 993 3892 2400 3905
17423 4 2 20 2 2388 3743 979 3905
17424 4 2 20 2 2412 3743 2388 3905
17425 4 2 20 2 2355 3254 2353 3650
17426 4 2 20 2 2065 2004 1879 3891
17427 4 2 20 2 2065 2149 2004 3891
17428 4 2 20 2 2186 2122 2066 2170
17429 4 2 20 2 2149 2121 2004 3891
17430 4 2 20 2 2400 3892 2412 3905
17431 4 2 20 2 2004 2121 1961 3891
17432 4 2 20 2 1381 1423 1445 1497
17433 4 2 20 2 224 270 228 273
17434 4 2 20 2 162 80 163 121
17435 4 2 20 2 45 126 86 128
17436 4 2 20 2 1983 1982 1969 1908
17437 4 2 20 2 1484 1615 1547 1525
17438 4 2 20 2 1544 1542 1522 1580
17439 4 2 20 2 1782 1799 1863 1862
17440 4 2 20 2 2137 2115 2173 2228
17441 4 2 20 2 2222 2270 2203 2282
17442 4 2 20 2 635 547 634 550
17443 4 2 20 2 2041 1997 2054 1998
17444 4 2 20 2 2448 2396 2416 2436
17445 4 2 20 2 2138 2075 2076 2155
17446 4 2 20 2 1037 1024 1028 1036
17447 4 2 20 2 1306 1301 1254 1330
17448 4 2 20 2 1856 1750 1770 1774
17449 4 2 20 2 1003 1038 1029 1031
17450 4 2 20 2 1657 1465 1528 1570
17451 4 2 20 2 2004 1896 1742 3585
17452 4 2 20 2 2368 2353 2388 3650
17453 4 2 20 2 2368 2355 2353 3650
17454 4 2 20 2 748 654 603 3748
17455 4 2 20 2 259 383 428 3990
17456 4 2 20 2 2326 3485 2349 4113
17457 4 2 20 2 3444 3059 2933 3852
17458 4 2 20 2 3444 2933 3059 3860
17459 4 2 20 2 1462 1400 1441 1399
17460 4 2 20 2 4024 3826 3855 2945
17461 4 2 20 2 4024 3855 3826 2852
17462 4 2 20 2 87 84 3270 167
17463 4 2 20 2 3270 84 87 3974
17464 4 2 20 2 3270 125 87 167
17465 4 2 20 2 87 125 3270 3974
17466 4 2 20 2 3127 3694 712 3847
17467 4 2 20 2 712 711 3127 3847
17468 4 2 20 2 3231 396 356 358
17469 4 2 20 2 357 356 396 358
17470 4 2 20 2 487 533 3352 531
17471 4 2 20 2 3352 533 487 3655
17472 4 2 20 2 3352 485 487 531
17473 4 2 20 2 487 485 3352 3655
17474 4 2 20 2 3769 3009 2871 3270
17475 4 2 20 2 3769 2871 3009 3627
17476 4 2 20 2 4051 2871 3009 3270
17477 4 2 20 2 4051 3009 2871 3627
17478 4 2 20 2 1042 1023 3434 1016
17479 4 2 20 2 1042 3434 1023 1066
17480 4 2 20 2 3135 3434 1023 1016
17481 4 2 20 2 3135 1023 3434 1066
17482 4 2 20 2 3330 3420 3570 2955
17483 4 2 20 2 3570 3420 3330 2993
17484 4 2 20 2 648 510 3989 564
17485 4 2 20 2 3989 510 648 593
17486 4 2 20 2 3470 1576 3162 1575
17487 4 2 20 2 3470 3162 1576 3058
17488 4 2 20 2 3147 231 237 280
17489 4 2 20 2 3147 237 231 232
17490 4 2 20 2 2224 3199 3647 2169
17491 4 2 20 2 3647 3199 2224 2245
17492 4 2 20 2 3647 2205 2224 2169
17493 4 2 20 2 2224 2205 3647 2245
17494 4 2 20 2 800 900 4107 829
17495 4 2 20 2 4107 900 800 831
17496 4 2 20 2 3589 3285 3702 3081
17497 4 2 20 2 3589 3702 3285 3496
17498 4 2 20 2 3738 3024 3833 3521
17499 4 2 20 2 3738 3833 3024 3382
17500 4 2 20 2 3438 16 24 23
17501 4 2 20 2 3438 24 16 3572
17502 4 2 20 2 3243 12 3438 23
17503 4 2 20 2 3243 3438 12 3572
17504 4 2 20 2 12 16 3438 23
17505 4 2 20 2 12 3438 16 3572
17506 4 2 20 2 3697 1910 2000 2001
17507 4 2 20 2 3697 2000 1910 1937
17508 4 2 20 2 983 3333 926 958
17509 4 2 20 2 926 3333 983 984
17510 4 2 20 2 1374 1464 3433 1418
17511 4 2 20 2 3388 238 2968 191
17512 4 2 20 2 3388 2968 238 3362
17513 4 2 20 2 3559 2968 238 191
17514 4 2 20 2 3559 238 2968 3362
17515 4 2 20 2 3758 3601 3188 3052
17516 4 2 20 2 3758 3188 3601 2893
17517 4 2 20 2 3931 3163 2966 3319
17518 4 2 20 2 3931 2966 3163 3403
17519 4 2 20 2 4015 3768 3621 632
17520 4 2 20 2 3621 3768 4015 3033
17521 4 2 20 2 3621 720 4015 632
17522 4 2 20 2 4015 720 3621 3033
17523 4 2 20 2 2435 2438 3941 2437
17524 4 2 20 2 2435 3941 2438 3520
17525 4 2 20 2 3116 3941 2438 2437
17526 4 2 20 2 3116 2438 3941 3520
17527 4 2 20 2 3341 3574 72 3112
17528 4 2 20 2 3341 72 3574 112
17529 4 2 20 2 111 72 3574 3112
17530 4 2 20 2 111 3574 72 112
17531 4 2 20 2 3129 4080 3477 2835
17532 4 2 20 2 3477 4080 3129 3105
17533 4 2 20 2 4119 28 3341 31
17534 4 2 20 2 4119 3341 28 4098
17535 4 2 20 2 3438 3341 28 31
17536 4 2 20 2 3438 28 3341 4098
17537 4 2 20 2 2490 2496 2500 2492
17538 4 2 20 2 3565 3811 3547 3041
17539 4 2 20 2 3547 3811 3565 2981
17540 4 2 20 2 874 914 2368 916
17541 4 2 20 2 874 2368 914 3745
17542 4 2 20 2 915 2368 914 916
17543 4 2 20 2 915 914 2368 3745
17544 4 2 20 2 1222 1264 4103 1206
17545 4 2 20 2 1222 4103 1264 1263
17546 4 2 20 2 3433 1374 3072 1373
17547 4 2 20 2 3433 3072 1374 1327
17548 4 2 20 2 1270 3072 1374 1373
17549 4 2 20 2 1270 1374 3072 1327
17550 4 2 20 2 3680 2941 3035 3266
17551 4 2 20 2 3680 3035 2941 3345
17552 4 2 20 2 3557 3035 2941 3266
17553 4 2 20 2 3557 2941 3035 3345
17554 4 2 20 2 3342 1432 3442 1501
17555 4 2 20 2 3342 3442 1432 3246
17556 4 2 20 2 3934 3539 3078 3179
17557 4 2 20 2 3934 3078 3539 3709
17558 4 2 20 2 2930 3951 3481 3218
17559 4 2 20 2 2930 3481 3951 3569
17560 4 2 20 2 3123 3481 3951 3218
17561 4 2 20 2 3123 3951 3481 3569
17562 4 2 20 2 4086 678 679 732
17563 4 2 20 2 4086 679 678 3513
17564 4 2 20 2 643 4086 679 732
17565 4 2 20 2 643 679 4086 3513
17566 4 2 20 2 733 4086 643 732
17567 4 2 20 2 4055 2851 3867 2906
17568 4 2 20 2 4055 3867 2851 3375
17569 4 2 20 2 2366 2400 3102 2401
17570 4 2 20 2 2366 3102 2400 3653
17571 4 2 20 2 3426 3102 2400 2401
17572 4 2 20 2 3426 2400 3102 3653
17573 4 2 20 2 460 3511 554 589
17574 4 2 20 2 554 3511 460 3447
17575 4 2 20 2 3524 6 3754 4
17576 4 2 20 2 3524 3754 6 4020
17577 4 2 20 2 1 3754 6 4
17578 4 2 20 2 1 6 3754 4020
17579 4 2 20 2 2249 2193 3414 2239
17580 4 2 20 2 3414 2193 2249 2175
17581 4 2 20 2 3644 1673 1549 1619
17582 4 2 20 2 3644 1549 1673 3176
17583 4 2 20 2 3724 3896 3968 2859
17584 4 2 20 2 3968 3896 3724 3113
17585 4 2 20 2 1216 1240 3277 1188
17586 4 2 20 2 1216 3277 1240 1259
17587 4 2 20 2 2421 2422 3681 2419
17588 4 2 20 2 3681 2422 2421 2418
17589 4 2 20 2 3198 3700 2246 2285
17590 4 2 20 2 2246 3700 3198 3688
17591 4 2 20 2 2859 3896 3170 3567
17592 4 2 20 2 3573 121 3281 80
17593 4 2 20 2 3573 3281 121 3479
17594 4 2 20 2 3926 3353 2892 3857
17595 4 2 20 2 3926 2892 3353 3283
17596 4 2 20 2 577 617 3044 576
17597 4 2 20 2 577 3044 617 3310
17598 4 2 20 2 3698 3044 617 576
17599 4 2 20 2 3698 617 3044 3310
17600 4 2 20 2 326 3490 289 324
17601 4 2 20 2 289 3490 326 327
17602 4 2 20 2 3682 3702 3285 3081
17603 4 2 20 2 3285 3702 3682 2986
17604 4 2 20 2 3992 2835 4073 3096
17605 4 2 20 2 3992 4073 2835 3129
17606 4 2 20 2 3550 3870 3899 3192
17607 4 2 20 2 3899 3870 3550 3045
17608 4 2 20 2 3859 3625 1333 1300
17609 4 2 20 2 3859 1333 3625 3152
17610 4 2 20 2 3329 173 3794 135
17611 4 2 20 2 3329 3794 173 3065
17612 4 2 20 2 613 3542 3993 572
17613 4 2 20 2 3993 3542 613 574
17614 4 2 20 2 3993 526 613 572
17615 4 2 20 2 613 526 3993 574
17616 4 2 20 2 3494 1993 3039 1994
17617 4 2 20 2 3494 3039 1993 3395
17618 4 2 20 2 1918 3039 1993 1994
17619 4 2 20 2 1918 1993 3039 3395
17620 4 2 20 2 3570 2979 3297 3095
17621 4 2 20 2 3570 3297 2979 3798
17622 4 2 20 2 3873 4099 3368 3121
17623 4 2 20 2 3368 4099 3873 2844
17624 4 2 20 2 3489 4021 3268 2888
17625 4 2 20 2 3268 4021 3489 3172
17626 4 2 20 2 3946 3465 3563 3220
17627 4 2 20 2 3946 3563 3465 2853
17628 4 2 20 2 1118 3818 1177 1098
17629 4 2 20 2 1118 1177 3818 3240
17630 4 2 20 2 1165 1177 3818 1098
17631 4 2 20 2 1165 3818 1177 3240
17632 4 2 20 2 280 4111 231 281
17633 4 2 20 2 231 4111 280 3147
17634 4 2 20 2 2161 3199 2186 2170
17635 4 2 20 2 2186 2066 2161 2170
17636 4 2 20 2 477 524 3471 520
17637 4 2 20 2 477 3471 524 522
17638 4 2 20 2 3511 460 3249 589
17639 4 2 20 2 3511 3249 460 3066
17640 4 2 20 2 3531 807 842 808
17641 4 2 20 2 4070 3363 2833 3540
17642 4 2 20 2 4070 2833 3363 3435
17643 4 2 20 2 3652 3985 3056 3265
17644 4 2 20 2 3056 3985 3652 3378
17645 4 2 20 2 3604 3198 2316 2294
17646 4 2 20 2 3604 2316 3198 3512
17647 4 2 20 2 2272 2316 3198 2294
17648 4 2 20 2 2272 3198 2316 3512
17649 4 2 20 2 3518 1426 3519 1496
17650 4 2 20 2 3518 3519 1426 3111
17651 4 2 20 2 3431 38 3974 39
17652 4 2 20 2 3431 3974 38 3107
17653 4 2 20 2 4010 65 72 64
17654 4 2 20 2 4010 72 65 3309
17655 4 2 20 2 400 396 3231 358
17656 4 2 20 2 400 3231 396 442
17657 4 2 20 2 3265 3797 3634 2920
17658 4 2 20 2 3634 3797 3265 3091
17659 4 2 20 2 3490 326 3138 3312
17660 4 2 20 2 3490 3138 326 327
17661 4 2 20 2 3666 3138 326 3312
17662 4 2 20 2 3666 326 3138 327
17663 4 2 20 2 3077 2201 3970 2888
17664 4 2 20 2 3077 3970 2201 2242
17665 4 2 20 2 3722 3371 3445 2962
17666 4 2 20 2 3722 3445 3371 3004
17667 4 2 20 2 691 747 2972 746
17668 4 2 20 2 691 2972 747 3417
17669 4 2 20 2 3216 3825 3770 3022
17670 4 2 20 2 3216 3770 3825 1104
17671 4 2 20 2 1123 3770 3825 3022
17672 4 2 20 2 1123 3825 3770 1104
17673 4 2 20 2 3930 2106 3380 3140
17674 4 2 20 2 3930 3380 2106 2105
17675 4 2 20 2 3606 165 164 209
17676 4 2 20 2 3606 164 165 122
17677 4 2 20 2 1215 1136 3454 1157
17678 4 2 20 2 1215 3454 1136 1173
17679 4 2 20 2 3786 1317 3083 1387
17680 4 2 20 2 3786 3083 1317 3344
17681 4 2 20 2 1388 3083 1317 1387
17682 4 2 20 2 1388 1317 3083 3344
17683 4 2 20 2 3978 3895 2843 3262
17684 4 2 20 2 3978 2843 3895 2869
17685 4 2 20 2 3651 3023 3312 2895
17686 4 2 20 2 3651 3312 3023 3228
17687 4 2 20 2 3599 1106 3226 1109
17688 4 2 20 2 3645 3775 2965 3358
17689 4 2 20 2 2965 3775 3645 3215
17690 4 2 20 2 3579 3860 2933 3444
17691 4 2 20 2 2933 3860 3579 3031
17692 4 2 20 2 3362 366 322 283
17693 4 2 20 2 3362 322 366 3017
17694 4 2 20 2 871 905 3254 908
17695 4 2 20 2 871 3254 905 3975
17696 4 2 20 2 3733 3254 905 908
17697 4 2 20 2 3733 905 3254 3975
17698 4 2 20 2 3574 113 3784 114
17699 4 2 20 2 3574 3784 113 3112
17700 4 2 20 2 3974 3626 126 125
17701 4 2 20 2 4059 2867 3641 3250
17702 4 2 20 2 4059 3641 2867 3448
17703 4 2 20 2 896 902 3114 898
17704 4 2 20 2 896 3114 902 4107
17705 4 2 20 2 679 592 4069 591
17706 4 2 20 2 679 4069 592 3249
17707 4 2 20 2 1133 3209 3660 1153
17708 4 2 20 2 3660 3209 1133 1108
17709 4 2 20 2 3660 1084 1133 1153
17710 4 2 20 2 1133 1084 3660 1108
17711 4 2 20 2 3634 3883 3374 3056
17712 4 2 20 2 3374 3883 3634 3189
17713 4 2 20 2 3374 2944 3634 3056
17714 4 2 20 2 3634 2944 3374 3189
17715 4 2 20 2 3918 3203 3926 3144
17716 4 2 20 2 3918 3926 3203 3453
17717 4 2 20 2 3283 4109 3842 2877
17718 4 2 20 2 3842 4109 3283 3926
17719 4 2 20 2 3368 2142 3677 3063
17720 4 2 20 2 3368 3677 2142 2103
17721 4 2 20 2 3674 3316 3237 2902
17722 4 2 20 2 3674 3237 3316 3502
17723 4 2 20 2 3772 1528 1657 3082
17724 4 2 20 2 3772 1657 1528 1570
17725 4 2 20 2 636 3194 635 3907
17726 4 2 20 2 634 3194 635 550
17727 4 2 20 2 634 635 3194 3907
17728 4 2 20 2 3939 3682 3977 2934
17729 4 2 20 2 3939 3977 3682 3162
17730 4 2 20 2 3357 2849 3557 3151
17731 4 2 20 2 3357 3549 3557 3175
17732 4 2 20 2 3557 3549 3357 3151
17733 4 2 20 2 3922 2982 3001 3590
17734 4 2 20 2 3922 3001 2982 3187
17735 4 2 20 2 3610 3382 3149 2923
17736 4 2 20 2 3610 3149 3382 3250
17737 4 2 20 2 3935 3399 3096 3781
17738 4 2 20 2 3935 3096 3399 3292
17739 4 2 20 2 3724 3383 3411 2947
17740 4 2 20 2 3724 3411 3383 3258
17741 4 2 20 2 3899 3550 3136 3045
17742 4 2 20 2 3899 3136 3550 2935
17743 4 2 20 2 3765 4108 3466 3222
17744 4 2 20 2 3466 4108 3765 3390
17745 4 2 20 2 3719 3751 3807 3097
17746 4 2 20 2 3807 3751 3719 2997
17747 4 2 20 2 2332 3561 2386 2410
17748 4 2 20 2 2386 3561 2332 3256
17749 4 2 20 2 3975 904 3733 905
17750 4 2 20 2 3975 3733 904 3424
17751 4 2 20 2 3058 3910 3723 3708
17752 4 2 20 2 3058 3723 3910 3347
17753 4 2 20 2 2865 3723 3910 3708
17754 4 2 20 2 2865 3910 3723 3347
17755 4 2 20 2 3207 3836 3971 2989
17756 4 2 20 2 3971 3836 3207 3173
17757 4 2 20 2 3273 1597 3821 2987
17758 4 2 20 2 3273 3821 1597 1607
17759 4 2 20 2 85 121 3573 81
17760 4 2 20 2 85 3573 121 3736
17761 4 2 20 2 3118 4036 3758 2931
17762 4 2 20 2 3758 4036 3118 3112
17763 4 2 20 2 1425 3079 1447 1422
17764 4 2 20 2 3538 3799 3404 3060
17765 4 2 20 2 3404 3799 3538 3097
17766 4 2 20 2 3630 2894 3136 3244
17767 4 2 20 2 3630 3136 2894 3045
17768 4 2 20 2 1688 3932 1762 1760
17769 4 2 20 2 1688 1762 3932 3584
17770 4 2 20 2 3701 4082 1407 1338
17771 4 2 20 2 1407 4082 3701 3111
17772 4 2 20 2 2976 699 702 754
17773 4 2 20 2 2976 702 699 700
17774 4 2 20 2 1010 4116 1008 1011
17775 4 2 20 2 1008 1004 1010 1011
17776 4 2 20 2 1010 1004 1008 1009
17777 4 2 20 2 1381 1306 3909 1336
17778 4 2 20 2 3909 1306 1381 1330
17779 4 2 20 2 3738 3278 3521 2840
17780 4 2 20 2 3738 3521 3278 3137
17781 4 2 20 2 1303 1337 1382 1307
17782 4 2 20 2 3537 3438 3572 24
17783 4 2 20 2 3537 3572 3438 3034
17784 4 2 20 2 3548 3740 3657 3060
17785 4 2 20 2 3657 3740 3548 3159
17786 4 2 20 2 3659 2137 3317 2157
17787 4 2 20 2 3659 3317 2137 3525
17788 4 2 20 2 2173 3317 2137 2157
17789 4 2 20 2 2173 2137 3317 3525
17790 4 2 20 2 2255 3012 2220 2219
17791 4 2 20 2 2255 2220 3012 3200
17792 4 2 20 2 3842 2934 3119 3457
17793 4 2 20 2 3842 3119 2934 3615
17794 4 2 20 2 1332 3625 3859 1300
17795 4 2 20 2 3859 3625 1332 1403
17796 4 2 20 2 3403 3662 3815 2921
17797 4 2 20 2 3815 3662 3403 3303
17798 4 2 20 2 3306 3948 3016 2885
17799 4 2 20 2 3016 3948 3306 3858
17800 4 2 20 2 3829 3400 3652 2836
17801 4 2 20 2 3829 3652 3400 3126
17802 4 2 20 2 2137 2228 2157 2229
17803 4 2 20 2 2157 2228 2137 2173
17804 4 2 20 2 3079 1425 1365 1364
17805 4 2 20 2 3079 1365 1425 1427
17806 4 2 20 2 3659 3980 2007 3101
17807 4 2 20 2 2007 3980 3659 2071
17808 4 2 20 2 3491 173 3545 175
17809 4 2 20 2 3491 3545 173 3065
17810 4 2 20 2 4026 1662 3909 1577
17811 4 2 20 2 4026 3909 1662 3130
17812 4 2 20 2 3633 208 3270 3606
17813 4 2 20 2 3633 3270 208 256
17814 4 2 20 2 784 749 3132 783
17815 4 2 20 2 784 3132 749 3394
17816 4 2 20 2 3519 4050 3816 1281
17817 4 2 20 2 3816 4050 3519 3165
17818 4 2 20 2 3297 4088 3777 3177
17819 4 2 20 2 3777 4088 3297 3076
17820 4 2 20 2 3545 173 3329 172
17821 4 2 20 2 3545 3329 173 3065
17822 4 2 20 2 3248 3865 3880 2875
17823 4 2 20 2 3880 3865 3248 3063
17824 4 2 20 2 924 883 3333 925
17825 4 2 20 2 924 3333 883 3544
17826 4 2 20 2 3981 3333 883 925
17827 4 2 20 2 3981 883 3333 3544
17828 4 2 20 2 1598 1607 3273 1597
17829 4 2 20 2 3273 1607 1598 3715
17830 4 2 20 2 3273 3672 1598 1597
17831 4 2 20 2 1598 3672 3273 3715
17832 4 2 20 2 987 988 4058 985
17833 4 2 20 2 987 4058 988 3190
17834 4 2 20 2 1001 4058 988 985
17835 4 2 20 2 1001 988 4058 3190
17836 4 2 20 2 3668 2323 3564 2281
17837 4 2 20 2 3668 3564 2323 3539
17838 4 2 20 2 587 4038 675 3463
17839 4 2 20 2 587 675 4038 549
17840 4 2 20 2 639 675 4038 3463
17841 4 2 20 2 639 4038 675 549
17842 4 2 20 2 609 524 3471 571
17843 4 2 20 2 1408 1471 3519 1495
17844 4 2 20 2 1624 1551 3596 1621
17845 4 2 20 2 3596 1551 1624 1592
17846 4 2 20 2 3649 724 3854 796
17847 4 2 20 2 3649 3854 724 3463
17848 4 2 20 2 3372 463 3249 461
17849 4 2 20 2 3372 3249 463 3136
17850 4 2 20 2 3820 1596 3950 1564
17851 4 2 20 2 3820 3950 1596 3646
17852 4 2 20 2 3445 3749 3371 3004
17853 4 2 20 2 3371 3749 3445 262
17854 4 2 20 2 3247 3791 3092 3043
17855 4 2 20 2 3092 3791 3247 3392
17856 4 2 20 2 3092 2896 3247 3043
17857 4 2 20 2 3247 2896 3092 3392
17858 4 2 20 2 3461 734 3744 735
17859 4 2 20 2 3461 3744 734 3460
17860 4 2 20 2 2180 3368 2142 2129
17861 4 2 20 2 2142 3368 2180 3063
17862 4 2 20 2 622 668 3310 620
17863 4 2 20 2 622 3310 668 3966
17864 4 2 20 2 3838 1378 3360 1468
17865 4 2 20 2 3838 3360 1378 3193
17866 4 2 20 2 3663 3634 3617 2944
17867 4 2 20 2 3663 3617 3634 3091
17868 4 2 20 2 1051 1050 3216 1076
17869 4 2 20 2 1051 3216 1050 3135
17870 4 2 20 2 1090 3182 1092 1061
17871 4 2 20 2 1090 1092 3182 3434
17872 4 2 20 2 70 3631 3180 110
17873 4 2 20 2 3180 3631 70 3577
17874 4 2 20 2 3845 3632 3742 3145
17875 4 2 20 2 3845 3742 3632 2993
17876 4 2 20 2 3583 3693 3773 3115
17877 4 2 20 2 3773 3693 3583 3251
17878 4 2 20 2 3773 2937 3583 3115
17879 4 2 20 2 3583 2937 3773 3251
17880 4 2 20 2 3821 3299 3475 1560
17881 4 2 20 2 3475 3299 3821 2987
17882 4 2 20 2 3475 1597 3821 1560
17883 4 2 20 2 3821 1597 3475 2987
17884 4 2 20 2 4061 2858 3459 3916
17885 4 2 20 2 4061 3459 2858 2914
17886 4 2 20 2 1216 3454 1214 1154
17887 4 2 20 2 1216 1214 3454 4050
17888 4 2 20 2 3657 3548 1112 3159
17889 4 2 20 2 3657 1112 3548 3277
17890 4 2 20 2 2012 3677 1979 2022
17891 4 2 20 2 1979 3677 2012 1978
17892 4 2 20 2 4088 3197 2910 4025
17893 4 2 20 2 4088 2910 3197 3775
17894 4 2 20 2 349 347 3206 386
17895 4 2 20 2 349 3206 347 3643
17896 4 2 20 2 2106 3930 2046 2015
17897 4 2 20 2 2046 3930 2106 2105
17898 4 2 20 2 3923 4118 2109 3201
17899 4 2 20 2 2109 4118 3923 2184
17900 4 2 20 2 3825 1229 1351 1213
17901 4 2 20 2 1351 1229 3825 3429
17902 4 2 20 2 1351 1323 3825 1213
17903 4 2 20 2 3825 1323 1351 3429
17904 4 2 20 2 1642 3442 1708 1583
17905 4 2 20 2 1708 3442 1642 3342
17906 4 2 20 2 3575 3113 2837 3450
17907 4 2 20 2 3575 2837 3113 3349
17908 4 2 20 2 3669 4029 3364 3130
17909 4 2 20 2 3364 4029 3669 3067
17910 4 2 20 2 3700 2257 2189 2236
17911 4 2 20 2 3700 2189 2257 2207
17912 4 2 20 2 469 468 3488 514
17913 4 2 20 2 471 3488 468 514
17914 4 2 20 2 471 468 3488 3919
17915 4 2 20 2 2409 3681 2438 2420
17916 4 2 20 2 2409 2438 3681 3116
17917 4 2 20 2 2437 2438 3681 2420
17918 4 2 20 2 2437 3681 2438 3116
17919 4 2 20 2 4117 3175 3549 2990
17920 4 2 20 2 3549 3175 4117 3557
17921 4 2 20 2 3549 3151 4117 2990
17922 4 2 20 2 4117 3151 3549 3557
17923 4 2 20 2 3747 2980 3070 3393
17924 4 2 20 2 3747 3070 2980 3597
17925 4 2 20 2 3489 2060 2094 2130
17926 4 2 20 2 3489 2094 2060 3379
17927 4 2 20 2 3862 263 267 306
17928 4 2 20 2 3862 267 263 3713
17929 4 2 20 2 3158 3689 2999 3501
17930 4 2 20 2 3158 2999 3689 3488
17931 4 2 20 2 3280 2999 3689 3501
17932 4 2 20 2 3280 3689 2999 3488
17933 4 2 20 2 1880 1783 4077 1834
17934 4 2 20 2 1880 4077 1783 1835
17935 4 2 20 2 2466 2471 3561 3293
17936 4 2 20 2 2453 3561 2471 3293
17937 4 2 20 2 3993 528 3352 574
17938 4 2 20 2 3993 3352 528 3343
17939 4 2 20 2 3777 3997 3582 3108
17940 4 2 20 2 3582 3997 3777 3076
17941 4 2 20 2 3557 4002 3175 2941
17942 4 2 20 2 3175 4002 3557 3349
17943 4 2 20 2 3722 4033 3793 3248
17944 4 2 20 2 3793 4033 3722 2890
17945 4 2 20 2 1043 1007 4116 1031
17946 4 2 20 2 1043 4116 1007 1018
17947 4 2 20 2 1378 1466 3360 1468
17948 4 2 20 2 1378 3360 1466 1417
17949 4 2 20 2 3977 3323 3052 3864
17950 4 2 20 2 3977 3052 3323 3910
17951 4 2 20 2 3176 3644 3429 3229
17952 4 2 20 2 3176 3429 3644 1487
17953 4 2 20 2 1397 3429 3644 3229
17954 4 2 20 2 1397 3644 3429 1487
17955 4 2 20 2 1446 1473 3718 1448
17956 4 2 20 2 3718 1473 1446 1472
17957 4 2 20 2 3494 1993 2072 3395
17958 4 2 20 2 3580 4047 3558 3048
17959 4 2 20 2 3558 4047 3580 3313
17960 4 2 20 2 3603 1326 1355 1356
17961 4 2 20 2 3659 2137 2074 3525
17962 4 2 20 2 2237 3499 2226 2297
17963 4 2 20 2 2237 2226 3499 3676
17964 4 2 20 2 3182 1137 3458 1159
17965 4 2 20 2 3182 3458 1137 3434
17966 4 2 20 2 1201 3458 1137 1159
17967 4 2 20 2 357 438 3073 354
17968 4 2 20 2 765 3854 3348 674
17969 4 2 20 2 3348 3854 765 3725
17970 4 2 20 2 3348 672 765 674
17971 4 2 20 2 765 672 3348 3725
17972 4 2 20 2 3523 2167 3923 2253
17973 4 2 20 2 3523 3923 2167 3221
17974 4 2 20 2 3153 4005 3147 2940
17975 4 2 20 2 3147 4005 3153 3035
17976 4 2 20 2 4096 1552 1591 3308
17977 4 2 20 2 4096 1591 1552 1553
17978 4 2 20 2 439 478 3219 480
17979 4 2 20 2 439 3219 478 479
17980 4 2 20 2 15 5 3243 12
17981 4 2 20 2 3754 3243 5 12
17982 4 2 20 2 3904 3843 3385 3201
17983 4 2 20 2 3904 3385 3843 2961
17984 4 2 20 2 3510 827 3541 826
17985 4 2 20 2 3510 3541 827 3103
17986 4 2 20 2 3492 3714 3546 2922
17987 4 2 20 2 3546 3714 3492 3100
17988 4 2 20 2 1774 1888 3100 1856
17989 4 2 20 2 3100 1888 1774 1874
17990 4 2 20 2 423 3870 3994 334
17991 4 2 20 2 3994 3870 423 3427
17992 4 2 20 2 3841 3852 3700 3018
17993 4 2 20 2 3700 3852 3841 3253
17994 4 2 20 2 3958 3973 2864 3319
17995 4 2 20 2 2864 3973 3958 3495
17996 4 2 20 2 3046 2214 2144 2143
17997 4 2 20 2 3870 423 3899 334
17998 4 2 20 2 3870 3899 423 3630
17999 4 2 20 2 422 3899 423 334
18000 4 2 20 2 422 423 3899 3630
18001 4 2 20 2 3493 3867 3173 2882
18002 4 2 20 2 3173 3867 3493 3233
18003 4 2 20 2 3826 4038 587 3463
18004 4 2 20 2 587 4038 3826 3171
18005 4 2 20 2 3722 2899 2962 3445
18006 4 2 20 2 3722 2962 2899 2843
18007 4 2 20 2 2184 3200 3012 2220
18008 4 2 20 2 3012 3200 2184 3923
18009 4 2 20 2 3012 2219 2184 2220
18010 4 2 20 2 2184 2219 3012 3923
18011 4 2 20 2 3978 2843 3263 3262
18012 4 2 20 2 3978 3263 2843 3534
18013 4 2 20 2 2436 3760 3619 2416
18014 4 2 20 2 3619 3760 2436 3739
18015 4 2 20 2 3832 3243 21 15
18016 4 2 20 2 3832 21 3243 4098
18017 4 2 20 2 22 21 3243 15
18018 4 2 20 2 22 3243 21 4098
18019 4 2 20 2 1536 1495 3131 1471
18020 4 2 20 2 1536 3131 1495 3162
18021 4 2 20 2 3486 430 385 467
18022 4 2 20 2 3486 385 430 3206
18023 4 2 20 2 3072 1269 1230 1268
18024 4 2 20 2 3856 3882 3211 2992
18025 4 2 20 2 3211 3882 3856 3622
18026 4 2 20 2 3434 4034 3458 2951
18027 4 2 20 2 3458 4034 3434 3182
18028 4 2 20 2 3249 4069 3513 679
18029 4 2 20 2 3249 3513 4069 3244
18030 4 2 20 2 643 3513 4069 679
18031 4 2 20 2 643 4069 3513 3244
18032 4 2 20 2 4052 2840 3128 3833
18033 4 2 20 2 4052 3128 2840 3284
18034 4 2 20 2 3290 1907 1948 1875
18035 4 2 20 2 3290 1948 1907 3121
18036 4 2 20 2 3725 667 3339 763
18037 4 2 20 2 3725 3339 667 3952
18038 4 2 20 2 788 3339 667 763
18039 4 2 20 2 806 805 3975 838
18040 4 2 20 2 3975 805 806 803
18041 4 2 20 2 3856 2884 3696 3230
18042 4 2 20 2 3856 3696 2884 3506
18043 4 2 20 2 4087 3100 2838 3286
18044 4 2 20 2 4087 2838 3100 3714
18045 4 2 20 2 1259 1339 3608 1240
18046 4 2 20 2 1259 3608 1339 1258
18047 4 2 20 2 4089 104 3416 3620
18048 4 2 20 2 4089 3416 104 102
18049 4 2 20 2 59 3416 104 3620
18050 4 2 20 2 59 104 3416 102
18051 4 2 20 2 3660 1028 1056 3469
18052 4 2 20 2 3660 1056 1028 1037
18053 4 2 20 2 3226 1197 3887 1121
18054 4 2 20 2 3226 3887 1197 3890
18055 4 2 20 2 757 752 3167 755
18056 4 2 20 2 757 3167 752 785
18057 4 2 20 2 3621 3257 2854 3033
18058 4 2 20 2 3621 2854 3257 4064
18059 4 2 20 2 2233 3351 2293 2274
18060 4 2 20 2 2293 2244 2233 2274
18061 4 2 20 2 966 4058 3311 939
18062 4 2 20 2 3311 4058 966 3133
18063 4 2 20 2 3311 940 966 939
18064 4 2 20 2 966 940 3311 3133
18065 4 2 20 2 1975 3893 1901 1915
18066 4 2 20 2 1901 3893 1975 3462
18067 4 2 20 2 3927 1853 1809 1869
18068 4 2 20 2 3927 1809 1853 3565
18069 4 2 20 2 3527 1019 1072 1025
18070 4 2 20 2 3527 1072 1019 1067
18071 4 2 20 2 643 590 3244 677
18072 4 2 20 2 643 3244 590 4069
18073 4 2 20 2 3490 326 3764 324
18074 4 2 20 2 3490 3764 326 3312
18075 4 2 20 2 367 3764 326 324
18076 4 2 20 2 367 326 3764 3312
18077 4 2 20 2 3772 1756 1817 1703
18078 4 2 20 2 3772 1817 1756 3555
18079 4 2 20 2 269 3491 3088 222
18080 4 2 20 2 3088 3491 269 3409
18081 4 2 20 2 3970 2141 3591 2177
18082 4 2 20 2 3970 3591 2141 2871
18083 4 2 20 2 4054 3199 2169 3647
18084 4 2 20 2 2347 2357 4060 2323
18085 4 2 20 2 2347 4060 2357 2393
18086 4 2 20 2 3564 4060 2357 2323
18087 4 2 20 2 3564 2357 4060 2393
18088 4 2 20 2 28 4119 25 33
18089 4 2 20 2 28 25 4119 4098
18090 4 2 20 2 30 25 4119 33
18091 4 2 20 2 30 4119 25 4098
18092 4 2 20 2 1277 3828 1304 1278
18093 4 2 20 2 1304 3828 1277 1302
18094 4 2 20 2 108 4009 107 3309
18095 4 2 20 2 108 107 4009 66
18096 4 2 20 2 65 107 4009 3309
18097 4 2 20 2 65 4009 107 66
18098 4 2 20 2 2224 3199 3198 2245
18099 4 2 20 2 3198 3199 2224 2234
18100 4 2 20 2 3198 2294 2224 2245
18101 4 2 20 2 2224 2294 3198 2234
18102 4 2 20 2 1792 1825 3943 1826
18103 4 2 20 2 1930 3877 1913 1865
18104 4 2 20 2 1930 1913 3877 3415
18105 4 2 20 2 1803 1913 3877 1865
18106 4 2 20 2 1803 3877 1913 3415
18107 4 2 20 2 290 3691 248 291
18108 4 2 20 2 290 248 3691 4091
18109 4 2 20 2 3293 2438 2423 3116
18110 4 2 20 2 3293 2423 2438 2452
18111 4 2 20 2 3486 3970 2871 3106
18112 4 2 20 2 2871 3970 3486 3005
18113 4 2 20 2 2871 3085 3486 3106
18114 4 2 20 2 3486 3085 2871 3005
18115 4 2 20 2 1121 1081 3887 1128
18116 4 2 20 2 1121 3887 1081 1102
18117 4 2 20 2 1105 3887 1081 1128
18118 4 2 20 2 3872 251 3336 3635
18119 4 2 20 2 3872 3336 251 202
18120 4 2 20 2 253 3336 251 3635
18121 4 2 20 2 253 251 3336 202
18122 4 2 20 2 1383 3079 1448 1427
18123 4 2 20 2 1383 1448 3079 3718
18124 4 2 20 2 1446 1448 3079 1427
18125 4 2 20 2 1446 3079 1448 3718
18126 4 2 20 2 3859 1333 1303 1300
18127 4 2 20 2 3859 1303 1333 1337
18128 4 2 20 2 220 3643 3491 3088
18129 4 2 20 2 220 3491 3643 3545
18130 4 2 20 2 3065 3491 3643 3088
18131 4 2 20 2 3065 3643 3491 3545
18132 4 2 20 2 3681 3941 4057 3116
18133 4 2 20 2 4057 3941 3681 3604
18134 4 2 20 2 1291 1249 3209 1322
18135 4 2 20 2 3209 1249 1291 1210
18136 4 2 20 2 1018 1116 4116 1117
18137 4 2 20 2 4116 1116 1018 1043
18138 4 2 20 2 3635 249 3795 3160
18139 4 2 20 2 3635 3795 249 251
18140 4 2 20 2 293 3795 249 3160
18141 4 2 20 2 293 249 3795 251
18142 4 2 20 2 3312 455 410 411
18143 4 2 20 2 3312 410 455 3228
18144 4 2 20 2 84 3974 82 83
18145 4 2 20 2 84 82 3974 3107
18146 4 2 20 2 38 82 3974 83
18147 4 2 20 2 38 3974 82 3107
18148 4 2 20 2 201 3336 197 250
18149 4 2 20 2 197 3336 201 4074
18150 4 2 20 2 1564 3950 1559 1596
18151 4 2 20 2 1721 3927 1749 1771
18152 4 2 20 2 1749 3927 1721 1737
18153 4 2 20 2 3539 2218 2243 2315
18154 4 2 20 2 3539 2243 2218 3064
18155 4 2 20 2 3974 128 3626 3225
18156 4 2 20 2 3974 3626 128 126
18157 4 2 20 2 3401 3647 2203 3512
18158 4 2 20 2 2222 3647 2203 2204
18159 4 2 20 2 2222 2203 3647 3512
18160 4 2 20 2 3991 1171 3825 3661
18161 4 2 20 2 3991 3825 1171 1184
18162 4 2 20 2 2418 3681 3604 2376
18163 4 2 20 2 3604 3681 2418 2422
18164 4 2 20 2 3604 2408 2418 2376
18165 4 2 20 2 2418 2408 3604 2422
18166 4 2 20 2 3744 3000 3461 3139
18167 4 2 20 2 3744 3461 3000 3460
18168 4 2 20 2 1197 3226 3240 1118
18169 4 2 20 2 3240 3226 1197 3890
18170 4 2 20 2 3311 936 940 939
18171 4 2 20 2 3311 940 936 938
18172 4 2 20 2 3832 11 3243 15
18173 4 2 20 2 3832 3243 11 3524
18174 4 2 20 2 5 3243 11 15
18175 4 2 20 2 50 3235 3294 49
18176 4 2 20 2 3294 3235 50 3524
18177 4 2 20 2 3294 47 50 49
18178 4 2 20 2 50 47 3294 3524
18179 4 2 20 2 2112 2169 3199 2161
18180 4 2 20 2 2112 3199 2169 4054
18181 4 2 20 2 4012 4094 3251 3515
18182 4 2 20 2 3251 4094 4012 3019
18183 4 2 20 2 3899 463 4069 3136
18184 4 2 20 2 3580 3585 3728 3084
18185 4 2 20 2 3728 3585 3580 3048
18186 4 2 20 2 3585 1940 3728 3084
18187 4 2 20 2 3728 1940 3585 3048
18188 4 2 20 2 3585 1896 1940 3084
18189 4 2 20 2 3983 3811 3547 3122
18190 4 2 20 2 3983 3547 3811 3041
18191 4 2 20 2 4092 3684 3961 2857
18192 4 2 20 2 4092 3961 3684 3296
18193 4 2 20 2 470 3643 3206 432
18194 4 2 20 2 3206 3643 470 3618
18195 4 2 20 2 3206 3389 470 432
18196 4 2 20 2 470 3389 3206 3618
18197 4 2 20 2 3620 29 4098 3577
18198 4 2 20 2 3620 4098 29 27
18199 4 2 20 2 3735 104 106 145
18200 4 2 20 2 3735 106 104 3620
18201 4 2 20 2 1226 1349 3915 1321
18202 4 2 20 2 3915 1349 1226 3536
18203 4 2 20 2 3915 3226 1226 1321
18204 4 2 20 2 1226 3226 3915 3536
18205 4 2 20 2 3604 2422 2434 2419
18206 4 2 20 2 3604 2434 2422 2397
18207 4 2 20 2 4038 548 587 549
18208 4 2 20 2 4038 587 548 3171
18209 4 2 20 2 451 541 4068 495
18210 4 2 20 2 451 4068 541 497
18211 4 2 20 2 3472 305 389 388
18212 4 2 20 2 3853 273 311 270
18213 4 2 20 2 3853 311 273 3231
18214 4 2 20 2 3958 3931 3229 3319
18215 4 2 20 2 3958 3229 3931 3022
18216 4 2 20 2 3429 3229 3931 3319
18217 4 2 20 2 3429 3931 3229 3022
18218 4 2 20 2 3325 3826 3156 2891
18219 4 2 20 2 3156 3826 3325 2852
18220 4 2 20 2 271 4045 225 272
18221 4 2 20 2 225 4045 271 223
18222 4 2 20 2 2096 2143 3046 2144
18223 4 2 20 2 3945 539 496 494
18224 4 2 20 2 3945 496 539 542
18225 4 2 20 2 3863 4076 2840 3605
18226 4 2 20 2 2840 4076 3863 3382
18227 4 2 20 2 3945 409 453 3334
18228 4 2 20 2 3945 453 409 407
18229 4 2 20 2 943 965 3133 966
18230 4 2 20 2 943 3133 965 3988
18231 4 2 20 2 3190 3133 965 966
18232 4 2 20 2 3190 965 3133 3988
18233 4 2 20 2 3818 1118 1078 1098
18234 4 2 20 2 3818 1078 1118 3599
18235 4 2 20 2 1446 3079 1425 1427
18236 4 2 20 2 1425 3079 1446 1447
18237 4 2 20 2 1118 3226 1080 1121
18238 4 2 20 2 1118 1080 3226 3599
18239 4 2 20 2 1106 1080 3226 1121
18240 4 2 20 2 1106 3226 1080 3599
18241 4 2 20 2 3735 274 231 3202
18242 4 2 20 2 3735 231 274 183
18243 4 2 20 2 232 3735 231 3202
18244 4 2 20 2 232 231 3735 183
18245 4 2 20 2 148 3735 232 3202
18246 4 2 20 2 148 232 3735 183
18247 4 2 20 2 3769 340 3921 341
18248 4 2 20 2 3769 3921 340 3633
18249 4 2 20 2 378 3921 340 341
18250 4 2 20 2 378 340 3921 3633
18251 4 2 20 2 3644 1487 1439 1488
18252 4 2 20 2 3644 1439 1487 1397
18253 4 2 20 2 577 3043 534 533
18254 4 2 20 2 534 3043 577 3791
18255 4 2 20 2 1690 3215 1457 1617
18256 4 2 20 2 1690 1457 3215 3766
18257 4 2 20 2 1617 3215 1437 1588
18258 4 2 20 2 1548 1437 3215 1588
18259 4 2 20 2 1548 3215 1437 3611
18260 4 2 20 2 3484 1923 4014 1950
18261 4 2 20 2 3484 4014 1923 3556
18262 4 2 20 2 3921 508 466 465
18263 4 2 20 2 3921 466 508 3486
18264 4 2 20 2 3717 2307 3059 3716
18265 4 2 20 2 2286 3059 2307 3716
18266 4 2 20 2 1883 3282 1916 1903
18267 4 2 20 2 1916 3282 1883 1867
18268 4 2 20 2 1916 1963 1883 1903
18269 4 2 20 2 1883 1963 1916 1867
18270 4 2 20 2 3896 3968 3170 3150
18271 4 2 20 2 3170 3968 3896 2859
18272 4 2 20 2 3111 1408 1426 1405
18273 4 2 20 2 3111 1426 1408 3519
18274 4 2 20 2 3780 3412 3369 2942
18275 4 2 20 2 3780 3369 3412 3107
18276 4 2 20 2 89 41 3294 47
18277 4 2 20 2 3294 41 89 40
18278 4 2 20 2 3666 2895 3447 3138
18279 4 2 20 2 3666 3447 2895 3023
18280 4 2 20 2 3602 3447 2895 3138
18281 4 2 20 2 3602 2895 3447 3023
18282 4 2 20 2 3990 254 339 3633
18283 4 2 20 2 3990 339 254 301
18284 4 2 20 2 4006 532 483 3443
18285 4 2 20 2 4006 483 532 486
18286 4 2 20 2 453 3871 499 543
18287 4 2 20 2 453 499 3871 3171
18288 4 2 20 2 548 499 3871 543
18289 4 2 20 2 548 3871 499 3171
18290 4 2 20 2 3303 1524 3831 1434
18291 4 2 20 2 3303 3831 1524 3662
18292 4 2 20 2 1370 3831 1524 1434
18293 4 2 20 2 1370 1524 3831 3662
18294 4 2 20 2 1917 1842 3340 1841
18295 4 2 20 2 3340 1842 1917 1918
18296 4 2 20 2 3340 3039 1917 1841
18297 4 2 20 2 1917 3039 3340 1918
18298 4 2 20 2 3053 983 3333 984
18299 4 2 20 2 3053 3333 983 3376
18300 4 2 20 2 699 2976 695 754
18301 4 2 20 2 695 2976 699 3503
18302 4 2 20 2 3764 408 365 410
18303 4 2 20 2 3764 365 408 406
18304 4 2 20 2 1767 3851 1841 1748
18305 4 2 20 2 1767 1841 3851 3340
18306 4 2 20 2 1823 1841 3851 1748
18307 4 2 20 2 1823 3851 1841 3340
18308 4 2 20 2 1153 1152 3825 1186
18309 4 2 20 2 1153 3825 1152 1133
18310 4 2 20 2 3847 762 716 718
18311 4 2 20 2 3847 716 762 3257
18312 4 2 20 2 2498 4066 3477 2500
18313 4 2 20 2 3477 4066 2498 3105
18314 4 2 20 2 3294 49 3736 47
18315 4 2 20 2 3294 3736 49 4072
18316 4 2 20 2 90 3736 49 47
18317 4 2 20 2 90 49 3736 4072
18318 4 2 20 2 3417 691 652 651
18319 4 2 20 2 652 691 3417 2972
18320 4 2 20 2 652 601 3417 651
18321 4 2 20 2 3417 601 652 2972
18322 4 2 20 2 4053 1260 1341 3391
18323 4 2 20 2 3886 2282 2337 3512
18324 4 2 20 2 3886 2337 2282 2270
18325 4 2 20 2 4005 4031 3712 2940
18326 4 2 20 2 3712 4031 4005 3266
18327 4 2 20 2 3766 1645 3915 3321
18328 4 2 20 2 1671 1645 3915 1525
18329 4 2 20 2 1671 3915 1645 3321
18330 4 2 20 2 4019 3259 723 3621
18331 4 2 20 2 4019 723 3259 3535
18332 4 2 20 2 1025 1049 3527 1048
18333 4 2 20 2 3527 1049 1025 1072
18334 4 2 20 2 380 510 3990 381
18335 4 2 20 2 511 510 3990 3989
18336 4 2 20 2 511 3990 510 381
18337 4 2 20 2 3826 3871 544 3171
18338 4 2 20 2 544 3871 3826 3348
18339 4 2 20 2 544 587 3826 3171
18340 4 2 20 2 3826 587 544 3348
18341 4 2 20 2 3825 1323 3209 1249
18342 4 2 20 2 3825 3209 1323 3429
18343 4 2 20 2 1322 3209 1323 1249
18344 4 2 20 2 1322 1323 3209 3429
18345 4 2 20 2 3686 3995 681 594
18346 4 2 20 2 3686 681 3995 3461
18347 4 2 20 2 646 681 3995 594
18348 4 2 20 2 646 3995 681 3461
18349 4 2 20 2 4053 1200 1261 1288
18350 4 2 20 2 4053 1261 1200 3458
18351 4 2 20 2 3655 3044 533 3043
18352 4 2 20 2 3655 533 3044 3352
18353 4 2 20 2 1055 1054 3599 1078
18354 4 2 20 2 3599 1054 1055 1053
18355 4 2 20 2 1077 3818 3599 1078
18356 4 2 20 2 3599 3818 1077 1053
18357 4 2 20 2 1054 1077 3599 1078
18358 4 2 20 2 3599 1077 1054 1053
18359 4 2 20 2 904 869 3424 903
18360 4 2 20 2 904 3424 869 3975
18361 4 2 20 2 4049 3357 2849 3398
18362 4 2 20 2 4049 2849 3357 3609
18363 4 2 20 2 3736 121 166 3479
18364 4 2 20 2 3736 166 121 124
18365 4 2 20 2 3715 3390 1491 1532
18366 4 2 20 2 1491 3390 3715 3466
18367 4 2 20 2 1491 1573 3715 1532
18368 4 2 20 2 3715 1573 1491 3466
18369 4 2 20 2 3525 2137 2102 2115
18370 4 2 20 2 3525 2102 2137 2074
18371 4 2 20 2 3608 1214 1281 1258
18372 4 2 20 2 3608 1281 1214 4050
18373 4 2 20 2 3390 1462 3603 1441
18374 4 2 20 2 3390 3603 1462 1489
18375 4 2 20 2 1400 3603 1462 1441
18376 4 2 20 2 1400 1462 3603 1489
18377 4 2 20 2 3160 292 3490 288
18378 4 2 20 2 3160 3490 292 3795
18379 4 2 20 2 289 3490 292 288
18380 4 2 20 2 2204 3647 2160 2120
18381 4 2 20 2 2099 2160 3647 2120
18382 4 2 20 2 2099 3647 2160 3401
18383 4 2 20 2 3631 120 156 116
18384 4 2 20 2 3631 156 120 3468
18385 4 2 20 2 3431 3225 43 3974
18386 4 2 20 2 86 3225 43 45
18387 4 2 20 2 86 43 3225 3974
18388 4 2 20 2 4062 3848 3367 2907
18389 4 2 20 2 3367 3848 4062 3349
18390 4 2 20 2 3367 3896 4062 2907
18391 4 2 20 2 4062 3896 3367 3349
18392 4 2 20 2 3847 673 762 718
18393 4 2 20 2 3847 762 673 3033
18394 4 2 20 2 4111 280 3764 282
18395 4 2 20 2 4111 3764 280 3147
18396 4 2 20 2 4054 2032 1895 2031
18397 4 2 20 2 4054 1895 2032 2003
18398 4 2 20 2 1040 3710 3473 1061
18399 4 2 20 2 3473 3710 1040 4116
18400 4 2 20 2 2243 3238 2315 2279
18401 4 2 20 2 2243 2315 3238 3539
18402 4 2 20 2 2345 2315 3238 2279
18403 4 2 20 2 2345 3238 2315 3539
18404 4 2 20 2 1800 3667 3669 1664
18405 4 2 20 2 3669 3667 1800 3408
18406 4 2 20 2 4058 984 3804 962
18407 4 2 20 2 4058 3804 984 3333
18408 4 2 20 2 930 3804 984 962
18409 4 2 20 2 930 984 3804 3333
18410 4 2 20 2 3677 2117 2103 2092
18411 4 2 20 2 3677 2103 2117 2142
18412 4 2 20 2 1908 1983 3236 1969
18413 4 2 20 2 3236 1983 1908 1889
18414 4 2 20 2 2136 3717 3525 2190
18415 4 2 20 2 3525 3717 2136 3253
18416 4 2 20 2 1073 3007 1046 1069
18417 4 2 20 2 1073 1046 3007 3710
18418 4 2 20 2 1044 1046 3007 1069
18419 4 2 20 2 1044 3007 1046 3710
18420 4 2 20 2 3996 1659 1723 1755
18421 4 2 20 2 3996 1723 1659 1658
18422 4 2 20 2 3000 2277 3014 2321
18423 4 2 20 2 3000 3014 2277 2927
18424 4 2 20 2 3907 3535 634 725
18425 4 2 20 2 3907 634 3535 3259
18426 4 2 20 2 723 634 3535 725
18427 4 2 20 2 723 3535 634 3259
18428 4 2 20 2 305 3862 3472 389
18429 4 2 20 2 3472 3862 305 3445
18430 4 2 20 2 2168 2169 3647 2084
18431 4 2 20 2 3647 2169 2168 2205
18432 4 2 20 2 3257 2854 3127 2984
18433 4 2 20 2 3257 3127 2854 3033
18434 4 2 20 2 3970 2263 3077 3005
18435 4 2 20 2 3970 3077 2263 2242
18436 4 2 20 2 4045 144 3396 180
18437 4 2 20 2 4045 3396 144 4044
18438 4 2 20 2 3603 1399 1375 1401
18439 4 2 20 2 3603 1375 1399 1400
18440 4 2 20 2 3676 2259 3499 2237
18441 4 2 20 2 2297 3499 2259 2237
18442 4 2 20 2 2297 2259 3499 2330
18443 4 2 20 2 3556 2057 1923 1959
18444 4 2 20 2 3556 1923 2057 4014
18445 4 2 20 2 1889 3236 3484 1922
18446 4 2 20 2 3484 3236 1889 1983
18447 4 2 20 2 3484 1950 1889 1922
18448 4 2 20 2 1889 1950 3484 1983
18449 4 2 20 2 3167 786 819 817
18450 4 2 20 2 3167 819 786 3694
18451 4 2 20 2 3753 508 3486 3234
18452 4 2 20 2 3753 3486 508 466
18453 4 2 20 2 1685 1726 3933 1641
18454 4 2 20 2 3933 1726 1685 1740
18455 4 2 20 2 4068 410 454 408
18456 4 2 20 2 4068 454 410 3228
18457 4 2 20 2 4030 1619 1505 1747
18458 4 2 20 2 4030 1505 1619 3644
18459 4 2 20 2 3200 2184 2197 2220
18460 4 2 20 2 3200 2197 2184 4118
18461 4 2 20 2 1124 1224 3469 1167
18462 4 2 20 2 1124 3469 1224 1208
18463 4 2 20 2 3831 3469 1224 1167
18464 4 2 20 2 4058 1001 3892 985
18465 4 2 20 2 4058 3892 1001 3905
18466 4 2 20 2 3488 472 471 3472
18467 4 2 20 2 3488 471 472 517
18468 4 2 20 2 1768 1693 3565 1733
18469 4 2 20 2 1768 3565 1693 1732
18470 4 2 20 2 3090 2322 3523 2945
18471 4 2 20 2 3090 3523 2322 2302
18472 4 2 20 2 539 3348 628 538
18473 4 2 20 2 628 3348 539 584
18474 4 2 20 2 2964 3274 2842 3061
18475 4 2 20 2 2964 2842 3274 3154
18476 4 2 20 2 2875 2842 3274 3061
18477 4 2 20 2 2875 3274 2842 3154
18478 4 2 20 2 2303 2372 3156 2348
18479 4 2 20 2 3156 2372 2303 2304
18480 4 2 20 2 1792 3943 1731 1716
18481 4 2 20 2 3339 667 707 788
18482 4 2 20 2 707 667 3339 3952
18483 4 2 20 2 707 787 3339 788
18484 4 2 20 2 3339 787 707 3952
18485 4 2 20 2 332 3598 3372 374
18486 4 2 20 2 3372 3598 332 3635
18487 4 2 20 2 3372 335 332 374
18488 4 2 20 2 332 335 3372 3635
18489 4 2 20 2 4082 1408 3608 3519
18490 4 2 20 2 4082 3608 1408 1339
18491 4 2 20 2 3666 3795 327 3138
18492 4 2 20 2 327 3795 3666 371
18493 4 2 20 2 4113 2317 3485 3706
18494 4 2 20 2 4113 3485 2317 2326
18495 4 2 20 2 2338 3485 2317 3706
18496 4 2 20 2 2338 2317 3485 2326
18497 4 2 20 2 710 705 3694 706
18498 4 2 20 2 508 3995 595 558
18499 4 2 20 2 595 3995 508 3234
18500 4 2 20 2 2223 3891 3351 2198
18501 4 2 20 2 3351 3891 2223 3350
18502 4 2 20 2 1932 2007 3980 1931
18503 4 2 20 2 3980 2007 1932 2020
18504 4 2 20 2 4098 4119 3577 29
18505 4 2 20 2 3577 4119 4098 3174
18506 4 2 20 2 3343 479 3073 484
18507 4 2 20 2 3343 3073 479 3219
18508 4 2 20 2 439 3073 479 484
18509 4 2 20 2 439 479 3073 3219
18510 4 2 20 2 1190 4022 1289 1241
18511 4 2 20 2 1289 4022 1190 3578
18512 4 2 20 2 1107 1037 3660 1084
18513 4 2 20 2 3660 1037 1107 1056
18514 4 2 20 2 3320 3386 773 4086
18515 4 2 20 2 1066 3673 1023 1047
18516 4 2 20 2 1066 1023 3673 3135
18517 4 2 20 2 1034 1023 3673 1047
18518 4 2 20 2 1034 3673 1023 3135
18519 4 2 20 2 4011 269 3088 310
18520 4 2 20 2 4011 3088 269 3409
18521 4 2 20 2 643 677 4086 733
18522 4 2 20 2 643 4086 677 3513
18523 4 2 20 2 729 4086 677 733
18524 4 2 20 2 3636 1318 1479 1480
18525 4 2 20 2 1376 1375 3603 1359
18526 4 2 20 2 3603 1375 1376 1401
18527 4 2 20 2 3870 291 298 3691
18528 4 2 20 2 3870 298 291 330
18529 4 2 20 2 1326 1273 3193 1295
18530 4 2 20 2 3193 1273 1326 1271
18531 4 2 20 2 1209 3897 1208 1227
18532 4 2 20 2 1208 1127 1209 1227
18533 4 2 20 2 3990 428 510 380
18534 4 2 20 2 3990 510 428 3989
18535 4 2 20 2 3899 334 333 3870
18536 4 2 20 2 3899 333 334 375
18537 4 2 20 2 877 2368 916 874
18538 4 2 20 2 877 916 2368 2377
18539 4 2 20 2 3854 765 821 674
18540 4 2 20 2 3854 821 765 3013
18541 4 2 20 2 483 3654 394 395
18542 4 2 20 2 394 3654 483 3155
18543 4 2 20 2 4104 1626 3820 1628
18544 4 2 20 2 4104 3820 1626 3646
18545 4 2 20 2 1596 3820 1626 1628
18546 4 2 20 2 1596 1626 3820 3646
18547 4 2 20 2 4071 1691 1548 1714
18548 4 2 20 2 4071 1548 1691 3644
18549 4 2 20 2 2164 2214 3046 2143
18550 4 2 20 2 2164 3046 2214 3835
18551 4 2 20 2 182 3853 4089 224
18552 4 2 20 2 4089 3853 182 3307
18553 4 2 20 2 3932 1544 1545 3237
18554 4 2 20 2 3932 1545 1544 1581
18555 4 2 20 2 1997 3565 1944 3547
18556 4 2 20 2 1868 1944 3565 3547
18557 4 2 20 2 1868 3565 1944 1853
18558 4 2 20 2 3327 2446 2414 2445
18559 4 2 20 2 3327 2414 2446 3508
18560 4 2 20 2 4110 446 3789 449
18561 4 2 20 2 4110 3789 446 3247
18562 4 2 20 2 3660 1107 1153 1182
18563 4 2 20 2 3660 1153 1107 1084
18564 4 2 20 2 57 100 3425 54
18565 4 2 20 2 57 3425 100 99
18566 4 2 20 2 4007 2345 3179 3238
18567 4 2 20 2 4007 3179 2345 2356
18568 4 2 20 2 4064 791 3544 3257
18569 4 2 20 2 4064 3544 791 822
18570 4 2 20 2 3135 1036 3469 1024
18571 4 2 20 2 3135 3469 1036 3660
18572 4 2 20 2 764 673 3033 719
18573 4 2 20 2 764 3033 673 762
18574 4 2 20 2 1694 1625 3104 1677
18575 4 2 20 2 1694 3104 1625 3902
18576 4 2 20 2 3681 2419 2437 2420
18577 4 2 20 2 3681 2437 2419 3604
18578 4 2 20 2 1145 1140 1142 1144
18579 4 2 20 2 1142 3578 1145 1144
18580 4 2 20 2 1145 3578 1142 1161
18581 4 2 20 2 3360 1660 1659 1704
18582 4 2 20 2 3360 1659 1660 1608
18583 4 2 20 2 689 3686 740 686
18584 4 2 20 2 689 740 3686 3224
18585 4 2 20 2 739 740 3686 686
18586 4 2 20 2 739 3686 740 3224
18587 4 2 20 2 2278 3686 3954 3234
18588 4 2 20 2 2278 3005 3954 3008
18589 4 2 20 2 3954 3005 2278 3234
18590 4 2 20 2 3795 3447 371 373
18591 4 2 20 2 3795 371 3447 3666
18592 4 2 20 2 416 371 3447 373
18593 4 2 20 2 416 3447 371 3666
18594 4 2 20 2 32 4119 67 69
18595 4 2 20 2 32 67 4119 3577
18596 4 2 20 2 70 67 4119 69
18597 4 2 20 2 70 4119 67 3577
18598 4 2 20 2 1358 3859 1332 1403
18599 4 2 20 2 3572 19 13 3537
18600 4 2 20 2 3572 13 19 17
18601 4 2 20 2 1795 1811 1773 1828
18602 4 2 20 2 1773 1795 1829 1752
18603 4 2 20 2 1829 1795 1773 1828
18604 4 2 20 2 4099 1829 1773 1828
18605 4 2 20 2 3339 877 878 851
18606 4 2 20 2 3339 878 877 2377
18607 4 2 20 2 2368 3339 877 2377
18608 4 2 20 2 1072 1078 3818 1077
18609 4 2 20 2 3818 1078 1072 1098
18610 4 2 20 2 569 3618 567 475
18611 4 2 20 2 567 3618 569 3318
18612 4 2 20 2 3744 738 684 774
18613 4 2 20 2 684 738 3744 3139
18614 4 2 20 2 684 735 3744 774
18615 4 2 20 2 3744 735 684 3139
18616 4 2 20 2 1308 1260 3391 1311
18617 4 2 20 2 1308 3391 1260 1257
18618 4 2 20 2 3544 3694 3257 819
18619 4 2 20 2 3257 3694 3544 2984
18620 4 2 20 2 3461 3530 3000 3460
18621 4 2 20 2 3000 3530 3461 3214
18622 4 2 20 2 2028 3385 2027 3843
18623 4 2 20 2 2051 1942 3980 2037
18624 4 2 20 2 3980 1942 2051 2009
18625 4 2 20 2 4044 143 3587 3396
18626 4 2 20 2 4044 3587 143 146
18627 4 2 20 2 3656 1599 1634 1633
18628 4 2 20 2 1567 1634 1599 1633
18629 4 2 20 2 4110 495 451 4068
18630 4 2 20 2 1549 1504 3851 1487
18631 4 2 20 2 3851 1504 1549 1646
18632 4 2 20 2 3975 802 3037 804
18633 4 2 20 2 3975 3037 802 3744
18634 4 2 20 2 2404 2379 4060 2391
18635 4 2 20 2 4060 2379 2404 2429
18636 4 2 20 2 3671 1939 1878 3408
18637 4 2 20 2 3671 1878 1939 2002
18638 4 2 20 2 3637 300 203 3371
18639 4 2 20 2 3637 203 300 257
18640 4 2 20 2 1026 3135 1014 1020
18641 4 2 20 2 1014 1027 1026 1020
18642 4 2 20 2 3294 41 3524 47
18643 4 2 20 2 3294 3524 41 4020
18644 4 2 20 2 1599 1565 3452 1567
18645 4 2 20 2 3452 1565 1599 1632
18646 4 2 20 2 3303 1434 3639 1524
18647 4 2 20 2 3303 3639 1434 1435
18648 4 2 20 2 1616 3639 1434 1524
18649 4 2 20 2 1616 1434 3639 1435
18650 4 2 20 2 74 3341 76 68
18651 4 2 20 2 76 3341 74 3914
18652 4 2 20 2 3942 1834 1898 3239
18653 4 2 20 2 3501 2262 3158 2264
18654 4 2 20 2 3501 3158 2262 2999
18655 4 2 20 2 2310 3158 2262 2264
18656 4 2 20 2 2310 2262 3158 2999
18657 4 2 20 2 540 625 4015 583
18658 4 2 20 2 540 4015 625 627
18659 4 2 20 2 4113 2284 2295 2318
18660 4 2 20 2 4113 2295 2284 3351
18661 4 2 20 2 3897 1224 3469 1208
18662 4 2 20 2 3897 3469 1224 3831
18663 4 2 20 2 1939 3585 3947 1952
18664 4 2 20 2 3947 3585 1939 3408
18665 4 2 20 2 4116 1060 1029 1030
18666 4 2 20 2 4116 1029 1060 1038
18667 4 2 20 2 3818 1075 3770 3527
18668 4 2 20 2 3818 3770 1075 1099
18669 4 2 20 2 3837 2378 2891 2444
18670 4 2 20 2 3837 2891 2378 2916
18671 4 2 20 2 1135 4046 3454 1136
18672 4 2 20 2 3454 4046 1135 1155
18673 4 2 20 2 3454 1173 1135 1136
18674 4 2 20 2 1135 1173 3454 1155
18675 4 2 20 2 100 3425 3794 99
18676 4 2 20 2 3794 3425 100 4009
18677 4 2 20 2 3794 101 100 99
18678 4 2 20 2 100 101 3794 4009
18679 4 2 20 2 3942 1989 1972 1926
18680 4 2 20 2 1972 1989 3942 3505
18681 4 2 20 2 1972 1898 3942 1926
18682 4 2 20 2 3942 1898 1972 3505
18683 4 2 20 2 1457 1350 3197 1394
18684 4 2 20 2 1457 3197 1350 1436
18685 4 2 20 2 2092 2078 3677 2040
18686 4 2 20 2 3677 2078 2092 2103
18687 4 2 20 2 1688 1643 3316 1546
18688 4 2 20 2 1688 3316 1643 1743
18689 4 2 20 2 4028 110 115 150
18690 4 2 20 2 4028 115 110 3631
18691 4 2 20 2 3394 608 657 610
18692 4 2 20 2 3394 657 608 3318
18693 4 2 20 2 3952 2291 2344 2343
18694 4 2 20 2 3952 2344 2291 3090
18695 4 2 20 2 3333 958 924 926
18696 4 2 20 2 3333 924 958 3376
18697 4 2 20 2 1793 1770 3100 1813
18698 4 2 20 2 3100 1770 1793 1771
18699 4 2 20 2 1793 3927 3100 1771
18700 4 2 20 2 4078 3425 3075 3537
18701 4 2 20 2 4078 3075 3425 3794
18702 4 2 20 2 1212 1292 3991 1248
18703 4 2 20 2 1212 3991 1292 3568
18704 4 2 20 2 3725 672 628 629
18705 4 2 20 2 3725 628 672 3348
18706 4 2 20 2 3181 1346 1392 1455
18707 4 2 20 2 3501 2262 2231 2875
18708 4 2 20 2 3501 2231 2262 2264
18709 4 2 20 2 1812 1811 3377 1794
18710 4 2 20 2 1812 3377 1811 1855
18711 4 2 20 2 772 3320 3386 773
18712 4 2 20 2 772 3386 3320 3692
18713 4 2 20 2 3854 724 675 721
18714 4 2 20 2 3854 675 724 3463
18715 4 2 20 2 3114 3387 898 902
18716 4 2 20 2 3114 898 3387 3986
18717 4 2 20 2 901 898 3387 902
18718 4 2 20 2 901 3387 898 3986
18719 4 2 20 2 1849 3980 1962 1942
18720 4 2 20 2 1962 3980 1849 3893
18721 4 2 20 2 269 309 3088 310
18722 4 2 20 2 3088 309 269 222
18723 4 2 20 2 3893 1962 1850 1849
18724 4 2 20 2 3893 1850 1962 1932
18725 4 2 20 2 1599 3452 1652 1633
18726 4 2 20 2 1618 1504 3851 1674
18727 4 2 20 2 3851 1504 1618 1527
18728 4 2 20 2 1140 1145 1116 1144
18729 4 2 20 2 1140 1116 1145 1115
18730 4 2 20 2 790 760 3694 761
18731 4 2 20 2 3694 760 790 789
18732 4 2 20 2 3694 3257 790 761
18733 4 2 20 2 790 3257 3694 789
18734 4 2 20 2 3254 2335 3037 3139
18735 4 2 20 2 3254 3037 2335 2353
18736 4 2 20 2 985 984 4058 962
18737 4 2 20 2 4058 984 985 3892
18738 4 2 20 2 1266 1348 3536 1393
18739 4 2 20 2 3536 1348 1266 1223
18740 4 2 20 2 4045 271 4011 272
18741 4 2 20 2 4045 4011 271 3409
18742 4 2 20 2 3717 2385 2308 2329
18743 4 2 20 2 2363 2308 2385 2329
18744 4 2 20 2 3409 3195 3015 4045
18745 4 2 20 2 3015 3195 3409 4055
18746 4 2 20 2 3484 1983 4014 2025
18747 4 2 20 2 3484 4014 1983 1950
18748 4 2 20 2 2056 4014 1983 2025
18749 4 2 20 2 2056 1983 4014 1950
18750 4 2 20 2 3694 705 701 706
18751 4 2 20 2 3694 701 705 3167
18752 4 2 20 2 3689 2241 2264 2311
18753 4 2 20 2 3689 2264 2241 3501
18754 4 2 20 2 3480 2155 3812 2154
18755 4 2 20 2 3480 3812 2155 2076
18756 4 2 20 2 2089 3812 2155 2154
18757 4 2 20 2 2089 2155 3812 2076
18758 4 2 20 2 2407 2433 3941 2375
18759 4 2 20 2 3941 2433 2407 2432
18760 4 2 20 2 3843 1987 2109 2028
18761 4 2 20 2 3843 2109 1987 3201
18762 4 2 20 2 528 3993 484 527
18763 4 2 20 2 484 3993 528 3343
18764 4 2 20 2 3694 712 3526 3127
18765 4 2 20 2 908 3650 841 910
18766 4 2 20 2 841 3650 908 3254
18767 4 2 20 2 655 3748 566 654
18768 4 2 20 2 603 566 3748 654
18769 4 2 20 2 603 3748 566 3488
18770 4 2 20 2 4067 1191 1218 1286
18771 4 2 20 2 4067 1218 1191 4022
18772 4 2 20 2 1665 1761 3342 1742
18773 4 2 20 2 1665 3342 1761 1708
18774 4 2 20 2 1336 1280 3467 1368
18775 4 2 20 2 1336 3467 1280 1306
18776 4 2 20 2 4019 886 857 859
18777 4 2 20 2 4019 857 886 3981
18778 4 2 20 2 802 3037 3460 3744
18779 4 2 20 2 802 3460 3037 3763
18780 4 2 20 2 3957 1416 1508 1460
18781 4 2 20 2 3957 1508 1416 1461
18782 4 2 20 2 1007 1005 1031 1003
18783 4 2 20 2 1029 1031 1005 1003
18784 4 2 20 2 1029 1005 1031 1013
18785 4 2 20 2 4039 2213 4021 2196
18786 4 2 20 2 4039 4021 2213 2952
18787 4 2 20 2 1904 2011 1999 2010
18788 4 2 20 2 3272 2011 3677 1919
18789 4 2 20 2 3272 3677 2011 2010
18790 4 2 20 2 2011 3677 1999 2010
18791 4 2 20 2 3585 1952 1819 1879
18792 4 2 20 2 3585 1819 1952 1939
18793 4 2 20 2 4097 2308 3031 2276
18794 4 2 20 2 4097 3031 2308 3717
18795 4 2 20 2 2385 2308 3031 3717
18796 4 2 20 2 1515 1447 3718 1538
18797 4 2 20 2 1515 3718 1447 1472
18798 4 2 20 2 3334 452 3171 456
18799 4 2 20 2 3334 3171 452 453
18800 4 2 20 2 499 3171 452 456
18801 4 2 20 2 499 452 3171 453
18802 4 2 20 2 1017 4116 1019 1012
18803 4 2 20 2 1019 1022 1017 1012
18804 4 2 20 2 1885 3547 1944 1868
18805 4 2 20 2 2059 1957 3812 1995
18806 4 2 20 2 3812 1957 2059 1963
18807 4 2 20 2 2044 1907 3928 1968
18808 4 2 20 2 2044 3928 1907 2024
18809 4 2 20 2 2843 3689 3835 3501
18810 4 2 20 2 2241 3835 3689 3501
18811 4 2 20 2 3618 482 2973 3322
18812 4 2 20 2 2340 2365 3256 2339
18813 4 2 20 2 3256 2365 2340 2386
18814 4 2 20 2 3181 1319 1455 1389
18815 4 2 20 2 1245 1455 1319 1389
18816 4 2 20 2 2134 2225 3351 2233
18817 4 2 20 2 2134 3351 2225 2187
18818 4 2 20 2 2125 2206 3790 2135
18819 4 2 20 2 2125 3790 2206 2152
18820 4 2 20 2 3653 3733 2354 3424
18821 4 2 20 2 2354 3733 3653 2387
18822 4 2 20 2 1335 1332 3625 1403
18823 4 2 20 2 3625 1332 1335 1308
18824 4 2 20 2 4096 1554 3475 1555
18825 4 2 20 2 1561 1554 3475 1593
18826 4 2 20 2 1228 1212 3991 1248
18827 4 2 20 2 1228 3991 1212 1184
18828 4 2 20 2 1414 1601 3771 1506
18829 4 2 20 2 3771 1601 1414 1528
18830 4 2 20 2 1505 1548 3644 1691
18831 4 2 20 2 1505 3644 1548 1458
18832 4 2 20 2 1312 1282 1309 1284
18833 4 2 20 2 1285 4067 1282 1310
18834 4 2 20 2 1309 1285 1282 1310
18835 4 2 20 2 1282 1285 1309 1284
18836 4 2 20 2 1651 1599 3452 1652
18837 4 2 20 2 3452 1599 1651 1632
18838 4 2 20 2 3452 3290 1651 1652
18839 4 2 20 2 1651 3290 3452 1632
18840 4 2 20 2 3677 2012 1999 2040
18841 4 2 20 2 3677 1999 2012 1978
18842 4 2 20 2 133 94 3734 136
18843 4 2 20 2 3734 94 133 91
18844 4 2 20 2 4000 1923 1860 1959
18845 4 2 20 2 4000 1860 1923 1877
18846 4 2 20 2 1769 1808 3300 1731
18847 4 2 20 2 1769 3300 1808 1824
18848 4 2 20 2 1732 1648 3596 1693
18849 4 2 20 2 3596 1648 1732 1715
18850 4 2 20 2 2064 3697 1971 4040
18851 4 2 20 2 1980 2022 3368 2042
18852 4 2 20 2 1980 3368 2022 1979
18853 4 2 20 2 1242 1189 3695 1174
18854 4 2 20 2 1575 1574 3162 1572
18855 4 2 20 2 1575 3162 1574 1576
18856 4 2 20 2 3224 3531 740 779
18857 4 2 20 2 3224 740 3531 3417
18858 4 2 20 2 743 740 3531 779
18859 4 2 20 2 743 3531 740 3417
18860 4 2 20 2 2083 2082 4118 2063
18861 4 2 20 2 4118 2082 2083 2147
18862 4 2 20 2 3792 2056 2097 2025
18863 4 2 20 2 2159 2097 2056 2025
18864 4 2 20 2 918 2377 950 916
18865 4 2 20 2 2368 2377 950 2388
18866 4 2 20 2 2368 950 2377 916
18867 4 2 20 2 1242 1217 3695 1189
18868 4 2 20 2 1242 3695 1217 1316
18869 4 2 20 2 1048 1077 3818 1079
18870 4 2 20 2 3818 1077 1048 1049
18871 4 2 20 2 396 438 3073 357
18872 4 2 20 2 3073 438 396 440
18873 4 2 20 2 3073 3231 396 357
18874 4 2 20 2 396 3231 3073 440
18875 4 2 20 2 2256 2221 3200 2271
18876 4 2 20 2 1206 1166 3536 1180
18877 4 2 20 2 1206 3536 1166 1223
18878 4 2 20 2 2306 2376 3681 2351
18879 4 2 20 2 3681 2376 2306 2305
18880 4 2 20 2 1610 1683 3772 1636
18881 4 2 20 2 3772 1683 1610 1703
18882 4 2 20 2 1192 1194 4102 1176
18883 4 2 20 2 1192 4102 1194 4103
18884 4 2 20 2 1722 1774 3959 1718
18885 4 2 20 2 3959 1774 1722 1776
18886 4 2 20 2 2159 2167 4014 2202
18887 4 2 20 2 2159 4014 2167 2107
18888 4 2 20 2 322 368 3334 323
18889 4 2 20 2 3334 368 322 366
18890 4 2 20 2 3334 3017 322 323
18891 4 2 20 2 322 3017 3334 366
18892 4 2 20 2 2027 2081 3556 2026
18893 4 2 20 2 3556 2081 2027 3843
18894 4 2 20 2 2027 3556 4000 2026
18895 4 2 20 2 4000 3556 2027 3843
18896 4 2 20 2 2027 4000 1951 2026
18897 4 2 20 2 3536 1180 4103 1206
18898 4 2 20 2 3536 4103 1180 1196
18899 4 2 20 2 1205 4103 1180 1206
18900 4 2 20 2 1205 1180 4103 1196
18901 4 2 20 2 3728 2086 2135 2067
18902 4 2 20 2 2328 2275 3499 2297
18903 4 2 20 2 2214 2251 3263 2182
18904 4 2 20 2 3263 2251 2214 2212
18905 4 2 20 2 548 456 3171 499
18906 4 2 20 2 548 3171 456 501
18907 4 2 20 2 1449 1381 4026 1428
18908 4 2 20 2 4026 1381 1449 1445
18909 4 2 20 2 2381 2338 3813 2349
18910 4 2 20 2 2381 3813 2338 2324
18911 4 2 20 2 832 3692 3386 834
18912 4 2 20 2 3386 3692 832 4107
18913 4 2 20 2 3386 868 832 834
18914 4 2 20 2 832 868 3386 4107
18915 4 2 20 2 3986 861 889 893
18916 4 2 20 2 889 861 3986 3987
18917 4 2 20 2 889 894 3986 893
18918 4 2 20 2 2253 2202 3523 2167
18919 4 2 20 2 2253 3523 2202 2252
18920 4 2 20 2 3721 2900 2870 3102
18921 4 2 20 2 3721 2870 2900 2976
18922 4 2 20 2 1518 3439 3718 1517
18923 4 2 20 2 3718 3439 1518 1516
18924 4 2 20 2 3718 1473 1518 1517
18925 4 2 20 2 1518 1473 3718 1516
18926 4 2 20 2 1354 1326 3603 1295
18927 4 2 20 2 3603 1326 1354 1355
18928 4 2 20 2 1221 1319 3181 1262
18929 4 2 20 2 3181 1319 1221 1245
18930 4 2 20 2 1883 1790 4030 1821
18931 4 2 20 2 2206 2153 4016 2226
18932 4 2 20 2 4016 2153 2206 2152
18933 4 2 20 2 4016 3183 2206 2226
18934 4 2 20 2 2206 3183 4016 2152
18935 4 2 20 2 1635 1655 3979 1701
18936 4 2 20 2 1635 3979 1655 1605
18937 4 2 20 2 2373 2407 3564 2374
18938 4 2 20 2 1131 1123 3825 1130
18939 4 2 20 2 1131 3825 1123 1104
18940 4 2 20 2 1203 1205 4103 1192
18941 4 2 20 2 1613 1543 3669 1521
18942 4 2 20 2 3669 3342 1613 1521
18943 4 2 20 2 1613 3342 3669 1686
18944 4 2 20 2 1102 3887 1119 1120
18945 4 2 20 2 2245 3647 2222 2205
18946 4 2 20 2 4102 1192 1143 1203
18947 4 2 20 2 1497 1494 3909 1423
18948 4 2 20 2 3909 1494 1497 1577
18949 4 2 20 2 1032 1016 3135 1015
18950 4 2 20 2 1032 3135 1016 1063
18951 4 2 20 2 1270 1269 3072 1372
18952 4 2 20 2 1270 3072 1269 1230
18953 4 2 20 2 1396 1228 3991 1248
18954 4 2 20 2 1523 1643 3316 1585
18955 4 2 20 2 1523 3316 1643 1546
18956 4 2 20 2 1915 1839 3893 1901
18957 4 2 20 2 1915 3893 1839 1849
18958 4 2 20 2 4026 1498 1445 1449
18959 4 2 20 2 4026 1445 1498 1539
18960 4 2 20 2 1427 1367 3079 1365
18961 4 2 20 2 1427 3079 1367 1383
18962 4 2 20 2 1825 1731 3943 1808
18963 4 2 20 2 3943 1731 1825 1792
18964 4 2 20 2 1835 1881 1743 1744
18965 4 2 20 2 4077 1743 1881 1744
18966 4 2 20 2 1553 1557 4096 1591
18967 4 2 20 2 4096 1557 1553 1556
18968 4 2 20 2 1391 1207 3831 1265
18969 4 2 20 2 1391 3831 1207 1246
18970 4 2 20 2 399 358 3498 359
18971 4 2 20 2 399 3498 358 400
18972 4 2 20 2 1288 1341 4053 1260
18973 4 2 20 2 4053 1341 1288 1342
18974 4 2 20 2 1134 1184 3825 1185
18975 4 2 20 2 3825 1184 1134 1131
18976 4 2 20 2 1175 1162 4102 1176
18977 4 2 20 2 1175 4102 1162 1143
18978 4 2 20 2 1192 4102 1162 1176
18979 4 2 20 2 1192 1162 4102 1143
18980 4 2 20 2 1182 1210 3209 1209
18981 4 2 20 2 3209 1210 1182 1153
18982 4 2 20 2 2219 2232 3889 2146
18983 4 2 20 2 3889 2232 2219 2254
18984 4 2 20 2 2043 2131 3172 2094
18985 4 2 20 2 2043 3172 2131 2104
18986 4 2 20 2 1202 1160 4102 1219
18987 4 2 20 2 1202 4102 1160 1141
18988 4 2 20 2 1132 1181 3661 1122
18989 4 2 20 2 3661 1181 1132 1172
18990 4 2 20 2 3661 3599 1132 1122
18991 4 2 20 2 1132 3599 3661 1172
18992 4 2 20 2 2465 2475 3105 2482
18993 4 2 20 2 3105 2475 2465 2448
18994 4 2 20 2 4064 2913 3333 3080
18995 4 2 20 2 4064 3333 2913 3544
18996 4 2 20 2 1424 1255 3816 1406
18997 4 2 20 2 3816 1255 1424 1281
18998 4 2 20 2 2061 2119 3850 2062
18999 4 2 20 2 3850 2119 2061 2108
19000 4 2 20 2 3193 1272 1278 1274
19001 4 2 20 2 2138 2238 4106 2208
19002 4 2 20 2 4106 2238 2138 2192
19003 4 2 20 2 4106 3480 2138 2208
19004 4 2 20 2 2138 3480 4106 2192
19005 4 2 20 2 1356 1271 3193 1326
19006 4 2 20 2 1356 3193 1271 1294
19007 4 2 20 2 1014 1016 3135 1023
19008 4 2 20 2 3135 1016 1014 1015
19009 4 2 20 2 2377 952 950 2388
19010 4 2 20 2 2377 950 952 918
19011 4 2 20 2 1352 1228 3991 1396
19012 4 2 20 2 1352 3991 1228 1293
19013 4 2 20 2 1380 1403 3625 1404
19014 4 2 20 2 3625 1403 1380 1335
19015 4 2 20 2 1391 1503 3442 1392
19016 4 2 20 2 1391 3442 1503 1433
19017 4 2 20 2 2870 3721 3748 2976
19018 4 2 20 2 3748 3721 2870 3593
19019 4 2 20 2 3604 2294 2358 2305
19020 4 2 20 2 2482 2481 3837 2461
19021 4 2 20 2 3837 2481 2482 2487
19022 4 2 20 2 495 404 4110 451
19023 4 2 20 2 495 4110 404 493
19024 4 2 20 2 1777 1816 3290 1754
19025 4 2 20 2 3290 1816 1777 1831
19026 4 2 20 2 2451 2466 3562 2472
19027 4 2 20 2 3562 2466 2451 2439
19028 4 2 20 2 1292 1485 3611 1396
19029 4 2 20 2 3611 1485 1292 1437
19030 4 2 20 2 2387 2412 3905 2400
19031 4 2 20 2 3905 2412 2387 2388
19032 4 2 20 2 609 658 3503 607
19033 4 2 20 2 3503 658 609 659
19034 4 2 20 2 480 438 3219 439
19035 4 2 20 2 480 3219 438 437
19036 4 2 20 2 1363 1444 3909 1360
19037 4 2 20 2 3410 3909 1444 1360
19038 4 2 20 2 3410 1444 3909 1494
19039 4 2 20 2 1479 1345 3636 1431
19040 4 2 20 2 1479 3636 1345 1318
19041 4 2 20 2 1463 1374 3433 1373
19042 4 2 20 2 3433 1374 1463 1464
19043 4 2 20 2 1591 1626 3646 1649
19044 4 2 20 2 3646 1626 1591 1557
19045 4 2 20 2 1692 1731 3300 1675
19046 4 2 20 2 1692 3300 1731 1769
19047 4 2 20 2 2098 2132 3930 2165
19048 4 2 20 2 2098 3930 2132 2080
19049 4 2 20 2 1278 1305 3828 1304
19050 4 2 20 2 1278 3828 1305 1298
19051 4 2 20 2 1977 1944 3547 1998
19052 4 2 20 2 1977 3547 1944 1885
19053 4 2 20 2 1620 1622 3596 1648
19054 4 2 20 2 3596 1622 1620 1589
19055 4 2 20 2 1383 1340 3911 1367
19056 4 2 20 2 3911 1340 1383 1409
19057 4 2 20 2 3911 3800 1383 1367
19058 4 2 20 2 1383 3800 3911 1409
19059 4 2 20 2 2002 2058 3947 2083
19060 4 2 20 2 3947 2058 2002 1939
19061 4 2 20 2 1861 1758 3667 1847
19062 4 2 20 2 3667 1758 1861 1756
19063 4 2 20 2 3139 2299 3000 3014
19064 4 2 20 2 3139 3000 2299 2335
19065 4 2 20 2 2321 3000 2299 3014
19066 4 2 20 2 2321 2299 3000 2335
19067 4 2 20 2 522 480 3471 478
19068 4 2 20 2 522 3471 480 477
19069 4 2 20 2 3219 3471 480 478
19070 4 2 20 2 3219 480 3471 477
19071 4 2 20 2 1026 1028 3469 1035
19072 4 2 20 2 1026 3469 1028 1027
19073 4 2 20 2 2016 1940 3728 1927
19074 4 2 20 2 3728 1940 2016 2034
19075 4 2 20 2 609 520 3471 524
19076 4 2 20 2 3471 520 609 519
19077 4 2 20 2 1734 1676 3565 1717
19078 4 2 20 2 3565 1676 1734 1733
19079 4 2 20 2 761 758 3694 759
19080 4 2 20 2 761 3694 758 760
19081 4 2 20 2 1752 1772 3290 1719
19082 4 2 20 2 1752 3290 1772 1795
19083 4 2 20 2 1933 2039 3983 1996
19084 4 2 20 2 3983 2039 1933 1977
19085 4 2 20 2 3983 3547 1933 1996
19086 4 2 20 2 1933 3547 3983 1977
19087 4 2 20 2 2387 993 3905 992
19088 4 2 20 2 2387 3905 993 2400
19089 4 2 20 2 1300 1308 3625 1333
19090 4 2 20 2 3625 1308 1300 1332
19091 4 2 20 2 1686 1639 3669 1579
19092 4 2 20 2 293 329 3795 292
19093 4 2 20 2 3795 329 293 331
19094 4 2 20 2 1422 1361 3838 1443
19095 4 2 20 2 3838 1361 1422 1364
19096 4 2 20 2 1363 1301 3909 1330
19097 4 2 20 2 1363 3909 1301 1360
19098 4 2 20 2 2351 2360 3681 2319
19099 4 2 20 2 3681 2360 2351 2398
19100 4 2 20 2 671 625 3675 627
19101 4 2 20 2 671 3675 625 626
19102 4 2 20 2 1142 1190 3578 1160
19103 4 2 20 2 2170 2169 3199 2224
19104 4 2 20 2 2170 3199 2169 2161
19105 4 2 20 2 1938 1971 4040 2030
19106 4 2 20 2 4040 1971 1938 1846
19107 4 2 20 2 1186 1213 3825 1249
19108 4 2 20 2 3825 1213 1186 1185
19109 4 2 20 2 1142 1115 1145 1161
19110 4 2 20 2 1142 1145 1115 1140
19111 4 2 20 2 2181 2131 3172 2104
19112 4 2 20 2 2204 2168 3647 2120
19113 4 2 20 2 3132 2312 3394 2336
19114 4 2 20 2 3132 3394 2312 2972
19115 4 2 20 2 2157 2074 3659 2137
19116 4 2 20 2 3659 2074 2157 2071
19117 4 2 20 2 3743 952 2377 2388
19118 4 2 20 2 3743 2377 952 923
19119 4 2 20 2 1483 1349 3915 1393
19120 4 2 20 2 1483 3915 1349 1484
19121 4 2 20 2 1163 1174 3695 1113
19122 4 2 20 2 3695 1174 1163 1242
19123 4 2 20 2 1824 1852 3943 1808
19124 4 2 20 2 3943 1852 1824 1886
19125 4 2 20 2 1435 1320 3897 1227
19126 4 2 20 2 3897 1320 1435 1434
19127 4 2 20 2 658 699 3503 695
19128 4 2 20 2 658 3503 699 697
19129 4 2 20 2 1830 1857 3290 1875
19130 4 2 20 2 3975 2353 3037 3254
19131 4 2 20 2 3975 3037 2353 3424
19132 4 2 20 2 1111 1156 3473 1158
19133 4 2 20 2 3473 1156 1111 1110
19134 4 2 20 2 1890 1949 3616 1891
19135 4 2 20 2 3616 1949 1890 1970
19136 4 2 20 2 2056 2107 4014 2159
19137 4 2 20 2 2056 4014 2107 2057
19138 4 2 20 2 2368 2370 3339 2377
19139 4 2 20 2 2368 3339 2370 2343
19140 4 2 20 2 3223 1954 3776 2006
19141 4 2 20 2 3223 3776 1954 1929
19142 4 2 20 2 1941 3776 1954 2006
19143 4 2 20 2 1941 1954 3776 1929
19144 4 2 20 2 1290 1202 4102 1219
19145 4 2 20 2 1290 4102 1202 1243
19146 4 2 20 2 1706 1724 3778 1757
19147 4 2 20 2 1706 3778 1724 1661
19148 4 2 20 2 801 772 3386 773
19149 4 2 20 2 801 3386 772 834
19150 4 2 20 2 1046 1010 3710 1017
19151 4 2 20 2 1046 3710 1010 1044
19152 4 2 20 2 1850 1766 3893 1806
19153 4 2 20 2 1850 3893 1766 1788
19154 4 2 20 2 3215 1766 3893 1788
19155 4 2 20 2 1265 1433 3831 1391
19156 4 2 20 2 3831 1433 1265 1370
19157 4 2 20 2 2453 2460 3293 2471
19158 4 2 20 2 2453 3293 2460 2452
19159 4 2 20 2 2398 3681 2376 2351
19160 4 2 20 2 1272 1294 3193 1297
19161 4 2 20 2 1272 3193 1294 1271
19162 4 2 20 2 3282 1867 4030 1883
19163 4 2 20 2 3282 4030 1867 1822
19164 4 2 20 2 1790 4030 1867 1883
19165 4 2 20 2 1790 1867 4030 1822
19166 4 2 20 2 1794 1792 3943 1812
19167 4 2 20 2 3943 1792 1794 1751
19168 4 2 20 2 3943 3377 1794 1812
19169 4 2 20 2 1794 3377 3943 1751
19170 4 2 20 2 1346 1204 3181 1246
19171 4 2 20 2 1346 3181 1204 1245
19172 4 2 20 2 1705 1724 3607 1684
19173 4 2 20 2 3607 1724 1705 1781
19174 4 2 20 2 3436 1240 4067 1218
19175 4 2 20 2 3436 4067 1240 1313
19176 4 2 20 2 1287 4067 1240 1218
19177 4 2 20 2 1287 1240 4067 1313
19178 4 2 20 2 1005 1003 1006 1004
19179 4 2 20 2 1005 1006 1003 1007
19180 4 2 20 2 1011 1013 1006 1004
19181 4 2 20 2 1013 1005 1006 1004
19182 4 2 20 2 2481 2426 2914 2461
19183 4 2 20 2 2914 2426 2481 2473
19184 4 2 20 2 1658 1635 3979 1682
19185 4 2 20 2 1658 3979 1635 1604
19186 4 2 20 2 1656 1652 3452 1633
19187 4 2 20 2 1656 3452 1652 1699
19188 4 2 20 2 1405 1362 3701 1366
19189 4 2 20 2 1405 3701 1362 1420
19190 4 2 20 2 214 212 3626 211
19191 4 2 20 2 214 3626 212 213
19192 4 2 20 2 239 243 3559 244
19193 4 2 20 2 239 3559 243 241
19194 4 2 20 2 130 3225 3626 128
19195 4 2 20 2 3626 212 130 128
19196 4 2 20 2 130 212 3626 131
19197 4 2 20 2 381 3990 301 339
19198 4 2 20 2 301 380 381 339
19199 4 2 20 2 3942 1801 1925 1926
19200 4 2 20 2 1759 1925 1801 1926
19201 4 2 20 2 1420 3765 1491 1469
19202 4 2 20 2 1968 2042 3368 2044
19203 4 2 20 2 1968 3368 2042 1980
19204 4 2 20 2 1402 1376 3603 1377
19205 4 2 20 2 3603 1376 1402 1419
19206 4 2 20 2 1402 3765 3603 1419
19207 4 2 20 2 1976 2073 3494 1994
19208 4 2 20 2 3494 2073 1976 2038
19209 4 2 20 2 1898 1801 3942 1926
19210 4 2 20 2 1898 3942 1801 1834
19211 4 2 20 2 1604 1608 3979 1531
19212 4 2 20 2 1604 3979 1608 1658
19213 4 2 20 2 3360 3979 1608 1531
19214 4 2 20 2 3360 1608 3979 1658
19215 4 2 20 2 1704 3607 1684 1705
19216 4 2 20 2 1355 1417 3603 1356
19217 4 2 20 2 1355 3603 1417 1460
19218 4 2 20 2 3927 1854 1810 1749
19219 4 2 20 2 1258 1216 3608 1214
19220 4 2 20 2 1258 3608 1216 1259
19221 4 2 20 2 1031 1112 4116 1091
19222 4 2 20 2 1031 4116 1112 1038
19223 4 2 20 2 1119 1166 3887 1150
19224 4 2 20 2 3887 1166 1119 1149
19225 4 2 20 2 3536 1223 3887 1166
19226 4 2 20 2 3536 3887 1223 1266
19227 4 2 20 2 1168 3887 1223 1166
19228 4 2 20 2 1168 1223 3887 1266
19229 4 2 20 2 1225 1169 3887 1168
19230 4 2 20 2 1225 3887 1169 1226
19231 4 2 20 2 3215 1690 1766 1617
19232 4 2 20 2 1667 1433 3442 1644
19233 4 2 20 2 3442 1433 1667 1503
19234 4 2 20 2 1746 1849 3893 1806
19235 4 2 20 2 1746 3893 1849 1839
19236 4 2 20 2 1788 1931 3893 1820
19237 4 2 20 2 1516 1581 3933 1580
19238 4 2 20 2 3933 1581 1516 1612
19239 4 2 20 2 1482 1348 3502 1347
19240 4 2 20 2 1482 3502 1348 1456
19241 4 2 20 2 1706 1740 3778 1685
19242 4 2 20 2 1706 3778 1740 1782
19243 4 2 20 2 2066 1972 3505 2033
19244 4 2 20 2 2066 3505 1972 2048
19245 4 2 20 2 2204 2205 3647 2168
19246 4 2 20 2 2204 3647 2205 2222
19247 4 2 20 2 2088 3525 2115 2128
19248 4 2 20 2 2036 2136 3972 2127
19249 4 2 20 2 3972 2136 2036 2126
19250 4 2 20 2 2257 2286 3059 2307
19251 4 2 20 2 3059 2286 2257 2236
19252 4 2 20 2 3059 3717 2257 2307
19253 4 2 20 2 2466 2453 3561 2471
19254 4 2 20 2 3561 2453 2466 2440
19255 4 2 20 2 2325 2397 3604 2358
19256 4 2 20 2 2325 3604 2397 2395
19257 4 2 20 2 2384 2398 3716 2409
19258 4 2 20 2 2384 3716 2398 2360
19259 4 2 20 2 3681 3716 2398 2409
19260 4 2 20 2 3681 2398 3716 2360
19261 4 2 20 2 2234 2170 3199 2224
19262 4 2 20 2 2234 3199 2170 2235
19263 4 2 20 2 2325 2282 3604 2337
19264 4 2 20 2 2325 3604 2282 2316
19265 4 2 20 2 3512 3604 2282 2337
19266 4 2 20 2 3512 2282 3604 2316
19267 4 2 20 2 2186 2246 3199 2150
19268 4 2 20 2 3199 2246 2186 2235
19269 4 2 20 2 2393 2407 3564 2373
19270 4 2 20 2 2393 3564 2407 2415
19271 4 2 20 2 2144 3046 3263 2214
19272 4 2 20 2 3263 3046 2144 2145
19273 4 2 20 2 3263 2182 2144 2214
19274 4 2 20 2 2144 2182 3263 2145
19275 4 2 20 2 1920 1815 3121 1873
19276 4 2 20 2 1920 3121 1815 1857
19277 4 2 20 2 3290 1815 3121 1857
19278 4 2 20 2 2110 1971 3697 2001
19279 4 2 20 2 2110 3697 1971 2064
19280 4 2 20 2 2160 2119 3668 2203
19281 4 2 20 2 3668 3401 2160 2203
19282 4 2 20 2 581 491 3791 535
19283 4 2 20 2 581 3791 491 534
19284 4 2 20 2 354 437 3219 351
19285 4 2 20 2 3219 437 354 438
19286 4 2 20 2 3219 3073 354 351
19287 4 2 20 2 354 3073 3219 438
19288 4 2 20 2 391 477 3219 433
19289 4 2 20 2 3219 477 391 437
19290 4 2 20 2 408 498 4068 497
19291 4 2 20 2 408 4068 498 454
19292 4 2 20 2 546 633 3768 585
19293 4 2 20 2 546 3768 633 586
19294 4 2 20 2 2095 2143 3046 2096
19295 4 2 20 2 3046 2143 2095 2164
19296 4 2 20 2 2241 2180 3501 2178
19297 4 2 20 2 2241 3501 2180 2211
19298 4 2 20 2 3835 2180 3501 2211
19299 4 2 20 2 932 936 3804 933
19300 4 2 20 2 932 3804 936 935
19301 4 2 20 2 693 655 3503 605
19302 4 2 20 2 3503 655 693 656
19303 4 2 20 2 785 751 2976 752
19304 4 2 20 2 785 2976 751 814
19305 4 2 20 2 2870 2342 3158 2366
19306 4 2 20 2 2310 3158 2342 2366
19307 4 2 20 2 2310 2342 3158 2311
19308 4 2 20 2 2342 2367 2301 2369
19309 4 2 20 2 4007 2301 2367 2369
19310 4 2 20 2 2300 2241 3534 2311
19311 4 2 20 2 2300 3534 2241 2265
19312 4 2 20 2 3689 3534 2241 2311
19313 4 2 20 2 2251 2292 3534 2215
19314 4 2 20 2 3534 2292 2251 2301
19315 4 2 20 2 3238 2860 3534 2215
19316 4 2 20 2 2292 3238 3534 2215
19317 4 2 20 2 2428 3327 2445 2454
19318 4 2 20 2 770 676 3510 731
19319 4 2 20 2 3510 676 770 769
19320 4 2 20 2 2109 2027 3843 2028
19321 4 2 20 2 3843 2027 2109 2081
19322 4 2 20 2 846 811 3745 845
19323 4 2 20 2 846 3745 811 813
19324 4 2 20 2 975 967 2387 973
19325 4 2 20 2 975 2387 967 971
19326 4 2 20 2 2426 2388 3743 2402
19327 4 2 20 2 3743 2388 2426 2412
19328 4 2 20 2 3743 3190 2426 2402
19329 4 2 20 2 2426 3190 3743 2412
19330 4 2 20 2 2473 2412 3190 2426
19331 4 2 20 2 3190 2412 2473 2441
19332 4 2 20 2 3132 2343 3531 2336
19333 4 2 20 2 2355 3531 2343 2336
19334 4 2 20 2 2355 2343 3531 2368
19335 4 2 20 2 690 740 3417 743
19336 4 2 20 2 3417 740 690 689
19337 4 2 20 2 2299 2277 3014 2250
19338 4 2 20 2 3014 2277 2299 2321
19339 4 2 20 2 648 688 3530 683
19340 4 2 20 2 648 3530 688 598
19341 4 2 20 2 383 258 3990 259
19342 4 2 20 2 3990 258 383 301
19343 4 2 20 2 512 599 3753 565
19344 4 2 20 2 512 3753 599 561
19345 4 2 20 2 2302 2268 3523 2322
19346 4 2 20 2 2302 3523 2268 2252
19347 4 2 20 2 2179 2093 3489 2130
19348 4 2 20 2 2179 3489 2093 2177
19349 4 2 20 2 3591 2093 3489 2177
19350 4 2 20 2 2177 2054 3591 2093
19351 4 2 20 2 3591 2054 2177 2141
19352 4 2 20 2 1977 2091 3983 2039
19353 4 2 20 2 3983 2091 1977 1998
19354 4 2 20 2 2296 2328 3499 2361
19355 4 2 20 2 3499 2328 2296 2275
19356 4 2 20 2 3499 3184 2296 2361
19357 4 2 20 2 2296 3184 3499 2275
19358 4 2 20 2 552 635 3194 550
19359 4 2 20 2 552 3194 635 636
19360 4 2 20 2 2146 2184 3923 2219
19361 4 2 20 2 3923 2184 2146 2109
19362 4 2 20 2 397 315 3654 313
19363 4 2 20 2 3654 315 397 398
19364 4 2 20 2 667 621 3725 619
19365 4 2 20 2 667 3725 621 713
19366 4 2 20 2 515 604 3389 516
19367 4 2 20 2 515 3389 604 602
19368 4 2 20 2 3318 3389 604 516
19369 4 2 20 2 390 309 3643 307
19370 4 2 20 2 390 3643 309 352
19371 4 2 20 2 366 407 3187 409
19372 4 2 20 2 366 3187 407 320
19373 4 2 20 2 3172 3683 2118 2104
19374 4 2 20 2 2013 3683 2118 2023
19375 4 2 20 2 2013 2118 3683 2104
19376 4 2 20 2 2252 2216 3792 2202
19377 4 2 20 2 3792 2216 2252 2267
19378 4 2 20 2 3792 2897 2252 2202
19379 4 2 20 2 2252 2897 3792 2267
19380 4 2 20 2 2456 2475 3332 2448
19381 4 2 20 2 2478 2491 4066 2476
19382 4 2 20 2 4066 2491 2478 2502
19383 4 2 20 2 4097 2287 3256 2248
19384 4 2 20 2 2288 3256 2287 2248
19385 4 2 20 2 2288 2287 3256 2333
19386 4 2 20 2 2289 2192 4106 2288
19387 4 2 20 2 4106 2192 2289 2238
19388 4 2 20 2 3124 2339 3499 2331
19389 4 2 20 2 2330 3499 2339 2331
19390 4 2 20 2 2330 2339 3499 2364
19391 4 2 20 2 1167 1265 3831 1207
19392 4 2 20 2 1167 3831 1265 1224
19393 4 2 20 2 2172 2226 3676 2153
19394 4 2 20 2 2172 3676 2226 2237
19395 4 2 20 2 1963 2076 3812 2008
19396 4 2 20 2 1963 3812 2076 2059
19397 4 2 20 2 4016 2114 3395 2072
19398 4 2 20 2 4016 3395 2114 2070
19399 4 2 20 2 1993 3395 2114 2072
19400 4 2 20 2 1993 2114 3395 2070
19401 4 2 20 2 2072 2172 4016 2114
19402 4 2 20 2 2072 4016 2172 2162
19403 4 2 20 2 1994 2072 3494 1993
19404 4 2 20 2 1994 3494 2072 2073
19405 4 2 20 2 2220 2221 3200 2256
19406 4 2 20 2 2220 3200 2221 2197
19407 4 2 20 2 2244 2148 3350 2223
19408 4 2 20 2 2244 3350 2148 2221
19409 4 2 20 2 2121 2233 3891 2198
19410 4 2 20 2 2121 3891 2233 2134
19411 4 2 20 2 3351 3891 2233 2198
19412 4 2 20 2 3351 2233 3891 2134
19413 4 2 20 2 2034 2134 3891 1961
19414 4 2 20 2 2034 3891 2134 2123
19415 4 2 20 2 1961 1896 1899 1897
19416 4 2 20 2 1961 1899 1896 1940
19417 4 2 20 2 1899 1896 3048 1897
19418 4 2 20 2 1899 3048 1896 1940
19419 4 2 20 2 3048 3585 1896 1940
19420 4 2 20 2 1940 1961 3084 1896
19421 4 2 20 2 1940 3084 1961 2034
19422 4 2 20 2 1503 1763 3442 1727
19423 4 2 20 2 1503 3442 1763 1667
19424 4 2 20 2 3558 1763 3442 1667
19425 4 2 20 2 1729 1787 3340 1713
19426 4 2 20 2 1729 3340 1787 1805
19427 4 2 20 2 1918 1787 3478 1805
19428 4 2 20 2 1918 3478 1787 1882
19429 4 2 20 2 1616 1838 3478 1764
19430 4 2 20 2 1616 3478 1838 1804
19431 4 2 20 2 1848 1899 3048 1802
19432 4 2 20 2 3048 1899 1848 1911
19433 4 2 20 2 1587 1712 3639 1586
19434 4 2 20 2 1587 3639 1712 1713
19435 4 2 20 2 1486 1323 3429 1438
19436 4 2 20 2 1486 3429 1323 1322
19437 4 2 20 2 1073 1050 3216 1071
19438 4 2 20 2 1073 3216 1050 1074
19439 4 2 20 2 1057 1089 4046 1087
19440 4 2 20 2 1057 4046 1089 1062
19441 4 2 20 2 1089 1016 3434 1064
19442 4 2 20 2 1089 3434 1016 1042
19443 4 2 20 2 1059 1057 3473 1058
19444 4 2 20 2 1059 3473 1057 1039
19445 4 2 20 2 4046 3473 1057 1058
19446 4 2 20 2 4046 1057 3473 1039
19447 4 2 20 2 1087 1157 4046 1136
19448 4 2 20 2 1087 4046 1157 1159
19449 4 2 20 2 1281 1471 3519 1408
19450 4 2 20 2 1281 3519 1471 1424
19451 4 2 20 2 1113 1138 3695 1063
19452 4 2 20 2 1113 3695 1138 1174
19453 4 2 20 2 1178 1204 3831 1164
19454 4 2 20 2 1178 3831 1204 1246
19455 4 2 20 2 1576 1607 3273 1574
19456 4 2 20 2 1576 3273 1607 1609
19457 4 2 20 2 1245 1204 1146 1221
19458 4 2 20 2 1245 1146 1204 1147
19459 4 2 20 2 1146 1204 3344 1221
19460 4 2 20 2 1146 3344 1204 1147
19461 4 2 20 2 1555 1559 3299 1556
19462 4 2 20 2 1555 3299 1559 1562
19463 4 2 20 2 1250 1231 3072 1230
19464 4 2 20 2 1250 3072 1231 1236
19465 4 2 20 2 1045 1146 3469 1114
19466 4 2 20 2 1045 3469 1146 1094
19467 4 2 20 2 1539 1497 4026 1445
19468 4 2 20 2 4026 1497 1539 1578
19469 4 2 20 2 1497 1611 4026 1577
19470 4 2 20 2 1497 4026 1611 1578
19471 4 2 20 2 1909 2027 3385 1951
19472 4 2 20 2 1909 3385 2027 2028
19473 4 2 20 2 1847 1800 3667 1878
19474 4 2 20 2 1847 1664 3667 1800
19475 4 2 20 2 3667 1664 1847 1758
19476 4 2 20 2 1414 1371 3324 1353
19477 4 2 20 2 1414 3324 1371 1415
19478 4 2 20 2 1276 1332 3859 1329
19479 4 2 20 2 1276 3859 1332 1358
19480 4 2 20 2 1563 1559 3950 1529
19481 4 2 20 2 1563 3950 1559 1564
19482 4 2 20 2 1554 1558 3475 1555
19483 4 2 20 2 1554 3475 1558 1561
19484 4 2 20 2 1648 1692 3596 1647
19485 4 2 20 2 1648 3596 1692 1715
19486 4 2 20 2 1692 1791 3300 1769
19487 4 2 20 2 1692 3300 1791 1715
19488 4 2 20 2 1717 1623 3308 1678
19489 4 2 20 2 3308 1623 1717 1676
19490 4 2 20 2 3308 3565 1717 1678
19491 4 2 20 2 1717 3565 3308 1676
19492 4 2 20 2 1106 1170 3226 1109
19493 4 2 20 2 1795 1794 1773 1811
19494 4 2 20 2 1795 1773 1794 1752
19495 4 2 20 2 1865 1745 3877 1765
19496 4 2 20 2 1865 3877 1745 1866
19497 4 2 20 2 3838 1364 3828 1361
19498 4 2 20 2 1298 1364 3828 1365
19499 4 2 20 2 1622 1733 3596 1693
19500 4 2 20 2 1622 3596 1733 1676
19501 4 2 20 2 3565 3596 1733 1693
19502 4 2 20 2 3565 1733 3596 1676
19503 4 2 20 2 1392 1246 3181 1391
19504 4 2 20 2 1392 3181 1246 1346
19505 4 2 20 2 830 865 3649 866
19506 4 2 20 2 830 3649 865 862
19507 4 2 20 2 207 301 3606 254
19508 4 2 20 2 207 3606 301 258
19509 4 2 20 2 3990 3606 301 254
19510 4 2 20 2 3990 301 3606 258
19511 4 2 20 2 2181 2158 3172 2131
19512 4 2 20 2 2181 3172 2158 2195
19513 4 2 20 2 3489 2158 3172 2195
19514 4 2 20 2 517 603 3488 514
19515 4 2 20 2 517 3488 603 566
19516 4 2 20 2 3318 3394 521 608
19517 4 2 20 2 610 3394 521 612
19518 4 2 20 2 610 521 3394 608
19519 4 2 20 2 672 544 3348 630
19520 4 2 20 2 672 3348 544 587
19521 4 2 20 2 1128 1170 3226 1106
19522 4 2 20 2 1128 3226 1170 1183
19523 4 2 20 2 1192 1196 4103 1194
19524 4 2 20 2 1192 4103 1196 1205
19525 4 2 20 2 4107 829 3692 800
19526 4 2 20 2 799 3692 829 800
19527 4 2 20 2 799 829 3692 828
19528 4 2 20 2 3546 1969 3057 1981
19529 4 2 20 2 2023 3057 1969 1981
19530 4 2 20 2 2023 1969 3057 1982
19531 4 2 20 2 1638 1661 3607 1538
19532 4 2 20 2 1638 3607 1661 1684
19533 4 2 20 2 3927 1964 1869 1905
19534 4 2 20 2 1944 1869 1964 1905
19535 4 2 20 2 1533 1490 3476 1530
19536 4 2 20 2 1533 3476 1490 1511
19537 4 2 20 2 2365 2383 3196 2364
19538 4 2 20 2 2365 3196 2383 2424
19539 4 2 20 2 1600 1507 3771 1506
19540 4 2 20 2 1600 3771 1507 1602
19541 4 2 20 2 1919 1852 3943 1886
19542 4 2 20 2 1919 3943 1852 1904
19543 4 2 20 2 1872 1829 4099 1828
19544 4 2 20 2 1872 4099 1829 1873
19545 4 2 20 2 1870 1812 3943 1826
19546 4 2 20 2 1870 3943 1812 1871
19547 4 2 20 2 695 605 3503 658
19548 4 2 20 2 695 3503 605 693
19549 4 2 20 2 2052 2010 3272 2011
19550 4 2 20 2 2052 3272 2010 2090
19551 4 2 20 2 807 775 3254 806
19552 4 2 20 2 807 3254 775 777
19553 4 2 20 2 2246 2236 3700 2188
19554 4 2 20 2 2246 3700 2236 2285
19555 4 2 20 2 3947 3585 3891 1879
19556 4 2 20 2 3947 3891 3585 3084
19557 4 2 20 2 2004 3891 3585 1879
19558 4 2 20 2 2004 3585 3891 3084
19559 4 2 20 2 2353 2388 3733 2387
19560 4 2 20 2 2353 3733 2388 3650
19561 4 2 20 2 3697 1910 1845 1937
19562 4 2 20 2 3697 1845 1910 3365
19563 4 2 20 2 2055 3930 3616 2045
19564 4 2 20 2 3616 3930 2055 3928
19565 4 2 20 2 3616 1970 2055 2045
19566 4 2 20 2 2055 1970 3616 3928
19567 4 2 20 2 1142 3578 4022 1161
19568 4 2 20 2 4022 3578 1142 1190
19569 4 2 20 2 4022 1191 1142 1161
19570 4 2 20 2 1142 1191 4022 1190
19571 4 2 20 2 1164 1204 3469 1147
19572 4 2 20 2 1164 3469 1204 3831
19573 4 2 20 2 3344 3469 1204 1147
19574 4 2 20 2 3344 1204 3469 3831
19575 4 2 20 2 758 705 3694 710
19576 4 2 20 2 1103 3216 1126 1100
19577 4 2 20 2 1103 1126 3216 3825
19578 4 2 20 2 1104 1126 3216 1100
19579 4 2 20 2 1104 3216 1126 3825
19580 4 2 20 2 3499 4048 3419 3196
19581 4 2 20 2 3419 4048 3499 3124
19582 4 2 20 2 3419 2889 3499 3196
19583 4 2 20 2 3499 2889 3419 3124
19584 4 2 20 2 38 3431 3 39
19585 4 2 20 2 3 3431 38 3168
19586 4 2 20 2 3231 273 354 311
19587 4 2 20 2 3739 3760 3186 3619
19588 4 2 20 2 3186 3760 3739 3332
19589 4 2 20 2 1222 1203 4103 1244
19590 4 2 20 2 4103 1203 1222 1205
19591 4 2 20 2 3705 156 3468 160
19592 4 2 20 2 3705 3468 156 3153
19593 4 2 20 2 4032 3859 1337 1303
19594 4 2 20 2 4032 1337 3859 3152
19595 4 2 20 2 3575 3557 3357 2849
19596 4 2 20 2 3575 3357 3557 3175
19597 4 2 20 2 201 3691 250 247
19598 4 2 20 2 201 250 3691 3336
19599 4 2 20 2 252 250 3691 247
19600 4 2 20 2 252 3691 250 3336
19601 4 2 20 2 4 3754 3243 5
19602 4 2 20 2 3243 3754 4 3524
19603 4 2 20 2 3243 11 4 5
19604 4 2 20 2 4 11 3243 3524
19605 4 2 20 2 4046 1090 3434 1062
19606 4 2 20 2 4046 3434 1090 3182
19607 4 2 20 2 1948 3616 1875 1890
19608 4 2 20 2 1948 1875 3616 3290
19609 4 2 20 2 1831 1875 3616 1890
19610 4 2 20 2 1831 3616 1875 3290
19611 4 2 20 2 1019 1017 3710 4116
19612 4 2 20 2 1660 3360 3607 1704
19613 4 2 20 2 3607 3360 1660 1638
19614 4 2 20 2 3607 1684 1660 1704
19615 4 2 20 2 1660 1684 3607 1638
19616 4 2 20 2 4007 3534 3238 2860
19617 4 2 20 2 1932 1788 3893 1850
19618 4 2 20 2 1932 3893 1788 1931
19619 4 2 20 2 928 3338 2377 922
19620 4 2 20 2 2377 3338 928 3743
19621 4 2 20 2 2377 923 928 922
19622 4 2 20 2 928 923 2377 3743
19623 4 2 20 2 1419 1420 3765 1491
19624 4 2 20 2 1419 3765 1420 1402
19625 4 2 20 2 463 3598 3899 419
19626 4 2 20 2 3899 3598 463 3136
19627 4 2 20 2 4106 2331 3676 2261
19628 4 2 20 2 4106 3676 2331 3124
19629 4 2 20 2 988 989 3988 990
19630 4 2 20 2 3988 3743 1002 990
19631 4 2 20 2 988 3988 1002 990
19632 4 2 20 2 4066 2499 2475 2491
19633 4 2 20 2 4066 2475 2499 3105
19634 4 2 20 2 3753 513 432 430
19635 4 2 20 2 432 513 3753 3077
19636 4 2 20 2 432 3206 3753 430
19637 4 2 20 2 3753 3206 432 3077
19638 4 2 20 2 3594 3590 319 317
19639 4 2 20 2 3594 319 3590 3922
19640 4 2 20 2 361 319 3590 317
19641 4 2 20 2 361 3590 319 3922
19642 4 2 20 2 3899 505 463 421
19643 4 2 20 2 3899 463 505 4069
19644 4 2 20 2 3950 1559 1562 1529
19645 4 2 20 2 1562 1559 3950 3543
19646 4 2 20 2 1562 1530 3950 1529
19647 4 2 20 2 3950 1530 1562 3543
19648 4 2 20 2 3338 928 3109 929
19649 4 2 20 2 3338 3109 928 3743
19650 4 2 20 2 960 3109 928 929
19651 4 2 20 2 960 928 3109 3743
19652 4 2 20 2 941 3986 889 894
19653 4 2 20 2 889 3986 941 3987
19654 4 2 20 2 2418 3681 2398 2421
19655 4 2 20 2 2398 3681 2418 2376
19656 4 2 20 2 4066 2456 2475 3332
19657 4 2 20 2 4066 2475 2456 2476
19658 4 2 20 2 3290 1814 1857 1830
19659 4 2 20 2 3290 1857 1814 1815
19660 4 2 20 2 987 965 3988 989
19661 4 2 20 2 3988 965 987 3190
19662 4 2 20 2 3988 988 987 989
19663 4 2 20 2 987 988 3988 3190
19664 4 2 20 2 663 665 3526 666
19665 4 2 20 2 663 3526 665 3698
19666 4 2 20 2 3310 3526 665 666
19667 4 2 20 2 3310 665 3526 3698
19668 4 2 20 2 3792 2267 4039 2216
19669 4 2 20 2 3792 4039 2267 2897
19670 4 2 20 2 1119 1081 3887 1102
19671 4 2 20 2 1119 3887 1081 1105
19672 4 2 20 2 3922 361 401 402
19673 4 2 20 2 3922 401 361 3590
19674 4 2 20 2 966 987 4058 986
19675 4 2 20 2 4058 987 966 3190
19676 4 2 20 2 1339 1313 3608 1240
19677 4 2 20 2 1339 3608 1313 4082
19678 4 2 20 2 3436 3608 1313 1240
19679 4 2 20 2 3436 1313 3608 4082
19680 4 2 20 2 2429 2428 3327 2445
19681 4 2 20 2 2429 3327 2428 2404
19682 4 2 20 2 1613 1579 3669 1543
19683 4 2 20 2 3669 1579 1613 1686
19684 4 2 20 2 2273 2245 3647 2222
19685 4 2 20 2 2273 3647 2245 2272
19686 4 2 20 2 3981 883 857 885
19687 4 2 20 2 3981 857 883 4064
19688 4 2 20 2 1423 1444 3909 1363
19689 4 2 20 2 3909 1444 1423 1494
19690 4 2 20 2 3954 3224 2278 3008
19691 4 2 20 2 3954 2278 3224 3686
19692 4 2 20 2 1299 1364 3828 1298
19693 4 2 20 2 1299 3828 1364 1361
19694 4 2 20 2 2358 2316 3604 2325
19695 4 2 20 2 2358 3604 2316 2294
19696 4 2 20 2 1725 1686 3669 1741
19697 4 2 20 2 1725 3669 1686 1639
19698 4 2 20 2 3650 3531 2368 2355
19699 4 2 20 2 3650 2368 3531 3745
19700 4 2 20 2 2115 2051 3525 2088
19701 4 2 20 2 3525 2051 2115 2102
19702 4 2 20 2 3167 755 3694 757
19703 4 2 20 2 3167 3694 755 705
19704 4 2 20 2 758 3694 755 757
19705 4 2 20 2 758 755 3694 705
19706 4 2 20 2 2336 2299 3531 2290
19707 4 2 20 2 2336 3531 2299 2355
19708 4 2 20 2 3224 3531 2299 2290
19709 4 2 20 2 3224 2299 3531 2355
19710 4 2 20 2 357 356 3231 396
19711 4 2 20 2 3231 356 357 355
19712 4 2 20 2 559 593 3461 645
19713 4 2 20 2 559 3461 593 3214
19714 4 2 20 2 648 3461 593 645
19715 4 2 20 2 648 593 3461 3214
19716 4 2 20 2 2496 2500 3477 2490
19717 4 2 20 2 2496 3477 2500 2498
19718 4 2 20 2 44 43 3225 45
19719 4 2 20 2 3225 43 44 3431
19720 4 2 20 2 2066 2161 3199 2186
19721 4 2 20 2 2066 3199 2161 2112
19722 4 2 20 2 3254 807 3650 3531
19723 4 2 20 2 3254 3650 807 841
19724 4 2 20 2 842 3650 807 3531
19725 4 2 20 2 842 807 3650 841
19726 4 2 20 2 1760 1762 3584 3932
19727 4 2 20 2 3584 1762 1760 1834
19728 4 2 20 2 3584 1801 1760 3932
19729 4 2 20 2 1760 1801 3584 1834
19730 4 2 20 2 1010 1017 1012 4116
19731 4 2 20 2 1012 1017 1010 1009
19732 4 2 20 2 1012 1008 1010 4116
19733 4 2 20 2 1010 1008 1012 1009
19734 4 2 20 2 1337 1382 4032 1303
19735 4 2 20 2 1337 4032 1382 1369
19736 4 2 20 2 3317 2228 2157 2173
19737 4 2 20 2 3317 2229 2157 2228
19738 4 2 20 2 2157 2229 3317 2174
19739 4 2 20 2 1770 1750 3100 1774
19740 4 2 20 2 1770 3100 1750 1721
19741 4 2 20 2 1718 3100 1750 1774
19742 4 2 20 2 1718 1750 3100 1721
19743 4 2 20 2 2332 2309 3031 2363
19744 4 2 20 2 2332 3031 2309 4097
19745 4 2 20 2 2276 3031 2309 2363
19746 4 2 20 2 2276 2309 3031 4097
19747 4 2 20 2 1309 3911 1282 1312
19748 4 2 20 2 1309 1282 3911 1310
19749 4 2 20 2 1714 3215 1728 1588
19750 4 2 20 2 1714 1788 3215 1789
19751 4 2 20 2 3215 1788 1714 1728
19752 4 2 20 2 3920 468 3280 469
19753 4 2 20 2 3920 3280 468 3919
19754 4 2 20 2 3488 3280 468 469
19755 4 2 20 2 3488 468 3280 3919
19756 4 2 20 2 9 13 3431 3572
19757 4 2 20 2 3431 13 9 44
19758 4 2 20 2 13 3075 3431 3572
19759 4 2 20 2 3431 3075 13 44
19760 4 2 20 2 13 4078 3075 3572
19761 4 2 20 2 3075 4078 13 44
19762 4 2 20 2 1342 1343 3144 1429
19763 4 2 20 2 3144 1343 1342 4053
19764 4 2 20 2 3144 1341 1342 1429
19765 4 2 20 2 1342 1341 3144 4053
19766 4 2 20 2 3458 1137 3695 1201
19767 4 2 20 2 3458 3695 1137 3434
19768 4 2 20 2 319 363 3594 279
19769 4 2 20 2 319 3594 363 3922
19770 4 2 20 2 320 3594 363 279
19771 4 2 20 2 320 363 3594 3922
19772 4 2 20 2 3618 521 2973 482
19773 4 2 20 2 3618 2973 521 3318
19774 4 2 20 2 612 2973 521 482
19775 4 2 20 2 636 3907 552 3194
19776 4 2 20 2 636 552 3907 637
19777 4 2 20 2 554 552 3907 3194
19778 4 2 20 2 554 3907 552 637
19779 4 2 20 2 2244 2233 3706 2293
19780 4 2 20 2 2244 3706 2233 2223
19781 4 2 20 2 3351 3706 2233 2293
19782 4 2 20 2 3351 2233 3706 2223
19783 4 2 20 2 1904 3943 1826 1870
19784 4 2 20 2 1904 1825 3943 1852
19785 4 2 20 2 3943 1825 1904 1826
19786 4 2 20 2 3647 2203 2160 3401
19787 4 2 20 2 3647 2160 2203 2204
19788 4 2 20 2 1457 3215 1436 1617
19789 4 2 20 2 1457 1436 3215 3611
19790 4 2 20 2 1437 1436 3215 1617
19791 4 2 20 2 1437 3215 1436 3611
19792 4 2 20 2 1645 3915 1526 3766
19793 4 2 20 2 1645 1526 3915 1525
19794 4 2 20 2 327 3490 329 289
19795 4 2 20 2 327 329 3490 3795
19796 4 2 20 2 292 329 3490 289
19797 4 2 20 2 292 3490 329 3795
19798 4 2 20 2 2259 3499 2331 3676
19799 4 2 20 2 2259 2331 3499 2330
19800 4 2 20 2 448 489 3397 536
19801 4 2 20 2 3397 489 448 4006
19802 4 2 20 2 489 3148 3397 536
19803 4 2 20 2 3397 3148 489 4006
19804 4 2 20 2 489 580 3148 536
19805 4 2 20 2 3148 580 489 4006
19806 4 2 20 2 3980 2009 2074 2020
19807 4 2 20 2 2102 3980 2009 2074
19808 4 2 20 2 2102 2009 3980 2051
19809 4 2 20 2 1001 988 3905 1002
19810 4 2 20 2 3905 988 1001 3190
19811 4 2 20 2 3988 3743 3905 1002
19812 4 2 20 2 3905 3743 3988 3190
19813 4 2 20 2 988 3988 3905 1002
19814 4 2 20 2 3905 3988 988 3190
19815 4 2 20 2 4086 677 3463 729
19816 4 2 20 2 4086 3463 677 3513
19817 4 2 20 2 1127 1209 3897 1208
19818 4 2 20 2 1127 3897 1209 1182
19819 4 2 20 2 3565 1944 3927 1997
19820 4 2 20 2 3565 3927 1944 1853
19821 4 2 20 2 1869 1944 3927 1853
19822 4 2 20 2 1829 1773 3290 4099
19823 4 2 20 2 1829 3290 1773 1752
19824 4 2 20 2 3339 877 2343 2368
19825 4 2 20 2 3339 2343 877 851
19826 4 2 20 2 849 2343 877 2368
19827 4 2 20 2 849 877 2343 851
19828 4 2 20 2 1567 1634 3656 1599
19829 4 2 20 2 3656 1634 1567 1566
19830 4 2 20 2 1014 1027 3135 1026
19831 4 2 20 2 1014 3135 1027 1024
19832 4 2 20 2 3469 3135 1027 1026
19833 4 2 20 2 3469 1027 3135 1024
19834 4 2 20 2 575 530 3698 576
19835 4 2 20 2 575 3698 530 3352
19836 4 2 20 2 3044 3698 530 576
19837 4 2 20 2 3044 530 3698 3352
19838 4 2 20 2 3100 1793 1887 3927
19839 4 2 20 2 1887 1793 3100 1813
19840 4 2 20 2 2363 2308 3031 2385
19841 4 2 20 2 3031 2308 2363 2276
19842 4 2 20 2 1579 3669 1539 1639
19843 4 2 20 2 1579 1498 3669 1520
19844 4 2 20 2 3669 1498 1579 1539
19845 4 2 20 2 712 3526 709 3694
19846 4 2 20 2 712 709 3526 708
19847 4 2 20 2 704 709 3526 3694
19848 4 2 20 2 704 3526 709 708
19849 4 2 20 2 708 666 3127 711
19850 4 2 20 2 3127 666 708 3526
19851 4 2 20 2 3127 712 708 711
19852 4 2 20 2 708 712 3127 3526
19853 4 2 20 2 3748 566 2959 655
19854 4 2 20 2 3748 2959 566 3488
19855 4 2 20 2 3473 1039 1030 1040
19856 4 2 20 2 3473 4116 1030 1060
19857 4 2 20 2 1030 4116 3473 1040
19858 4 2 20 2 1059 1030 3473 1039
19859 4 2 20 2 1059 3473 1030 1060
19860 4 2 20 2 2011 3677 1945 1999
19861 4 2 20 2 1945 3677 2011 1919
19862 4 2 20 2 1945 1904 2011 1999
19863 4 2 20 2 2011 1904 1945 1919
19864 4 2 20 2 3527 1022 3710 1019
19865 4 2 20 2 3527 3710 1022 1070
19866 4 2 20 2 1017 3710 1022 1019
19867 4 2 20 2 1017 1022 3710 1070
19868 4 2 20 2 1245 1455 3181 1319
19869 4 2 20 2 3181 1455 1245 1346
19870 4 2 20 2 1554 3475 1592 4096
19871 4 2 20 2 1554 1592 3475 1593
19872 4 2 20 2 1285 1286 1283 4067
19873 4 2 20 2 1283 1286 1285 1284
19874 4 2 20 2 1283 1282 1285 4067
19875 4 2 20 2 1285 1282 1283 1284
19876 4 2 20 2 2159 2097 3792 2056
19877 4 2 20 2 3792 2097 2159 2183
19878 4 2 20 2 909 944 3424 907
19879 4 2 20 2 3424 944 909 3653
19880 4 2 20 2 3424 906 909 907
19881 4 2 20 2 909 906 3424 3653
19882 4 2 20 2 2027 4000 3385 1951
19883 4 2 20 2 2027 3385 4000 3843
19884 4 2 20 2 3614 2086 3790 3728
19885 4 2 20 2 3614 3790 2086 2125
19886 4 2 20 2 2135 3790 2086 3728
19887 4 2 20 2 2135 2086 3790 2125
19888 4 2 20 2 1743 1835 4077 1881
19889 4 2 20 2 4077 1835 1743 1783
19890 4 2 20 2 991 968 2387 971
19891 4 2 20 2 991 2387 968 3733
19892 4 2 20 2 967 2387 968 971
19893 4 2 20 2 967 968 2387 3733
19894 4 2 20 2 355 354 3231 273
19895 4 2 20 2 355 3231 354 357
19896 4 2 20 2 3778 1515 3439 3718
19897 4 2 20 2 3778 3439 1515 1540
19898 4 2 20 2 3718 1472 1516 1473
19899 4 2 20 2 3439 1540 3718 1515
19900 4 2 20 2 3439 3718 1540 1516
19901 4 2 20 2 1472 3718 1540 1515
19902 4 2 20 2 1472 1540 3718 1516
19903 4 2 20 2 1766 3893 1690 3215
19904 4 2 20 2 1766 1690 3893 1806
19905 4 2 20 2 1746 1690 3893 3215
19906 4 2 20 2 1746 3893 1690 1806
19907 4 2 20 2 1013 1006 4116 1011
19908 4 2 20 2 1031 1005 4116 1013
19909 4 2 20 2 1031 4116 1005 1007
19910 4 2 20 2 1006 4116 1005 1013
19911 4 2 20 2 1006 1005 4116 1007
19912 4 2 20 2 3626 130 3329 3225
19913 4 2 20 2 3329 130 3626 131
19914 4 2 20 2 301 380 3990 381
19915 4 2 20 2 301 3990 380 383
19916 4 2 20 2 1759 1925 3942 1801
19917 4 2 20 2 3942 1925 1759 1833
19918 4 2 20 2 3603 1402 1362 3765
19919 4 2 20 2 1362 1402 3603 1377
19920 4 2 20 2 1362 1328 3603 3765
19921 4 2 20 2 3603 1328 1362 1377
19922 4 2 20 2 3828 1299 1272 3193
19923 4 2 20 2 1272 1299 3828 1298
19924 4 2 20 2 1272 1278 3828 3193
19925 4 2 20 2 3828 1278 1272 1298
19926 4 2 20 2 3360 1608 1492 1535
19927 4 2 20 2 1638 1608 3360 1660
19928 4 2 20 2 1638 3360 1608 1492
19929 4 2 20 2 1810 1854 1771 1749
19930 4 2 20 2 3927 1854 1771 1793
19931 4 2 20 2 3927 1771 1854 1749
19932 4 2 20 2 1827 1854 1771 1810
19933 4 2 20 2 1827 1771 1854 1793
19934 4 2 20 2 1854 1810 1869 3927
19935 4 2 20 2 1854 1869 1810 1827
19936 4 2 20 2 1809 1869 1810 3927
19937 4 2 20 2 1809 1810 1869 1827
19938 4 2 20 2 2257 3059 3700 3717
19939 4 2 20 2 3700 3059 2257 2236
19940 4 2 20 2 1815 3121 1829 3290
19941 4 2 20 2 1815 1829 3121 1873
19942 4 2 20 2 4099 1829 3121 3290
19943 4 2 20 2 4099 3121 1829 1873
19944 4 2 20 2 3401 2160 3850 3668
19945 4 2 20 2 3401 3850 2160 2110
19946 4 2 20 2 2119 3850 2160 3668
19947 4 2 20 2 2119 2160 3850 2110
19948 4 2 20 2 2180 3501 3248 3835
19949 4 2 20 2 2180 3248 3501 2178
19950 4 2 20 2 2342 3158 3689 2870
19951 4 2 20 2 2342 3689 3158 2311
19952 4 2 20 2 2342 3038 4007 2367
19953 4 2 20 2 4007 3038 2342 2300
19954 4 2 20 2 4007 2301 2342 2367
19955 4 2 20 2 2342 2301 4007 2300
19956 4 2 20 2 3534 2241 2843 3689
19957 4 2 20 2 3534 2843 2241 2265
19958 4 2 20 2 3835 2843 2241 3689
19959 4 2 20 2 3835 2241 2843 2265
19960 4 2 20 2 3534 2292 4007 3238
19961 4 2 20 2 4007 2292 3534 2301
19962 4 2 20 2 849 2343 3745 3132
19963 4 2 20 2 849 3745 2343 2368
19964 4 2 20 2 3531 3745 2343 3132
19965 4 2 20 2 3531 2343 3745 2368
19966 4 2 20 2 2093 3489 2060 3591
19967 4 2 20 2 2093 2060 3489 2130
19968 4 2 20 2 3389 604 2972 3318
19969 4 2 20 2 3389 2972 604 602
19970 4 2 20 2 3057 3683 3418 3172
19971 4 2 20 2 3057 3418 3683 2023
19972 4 2 20 2 2118 3418 3683 3172
19973 4 2 20 2 2118 3683 3418 2023
19974 4 2 20 2 2287 3256 2332 4097
19975 4 2 20 2 2287 2332 3256 2333
19976 4 2 20 2 2339 3499 4048 3124
19977 4 2 20 2 2339 4048 3499 2364
19978 4 2 20 2 1896 3048 1761 3585
19979 4 2 20 2 1761 3048 1896 1897
19980 4 2 20 2 1763 3442 1848 3558
19981 4 2 20 2 1763 1848 3442 1727
19982 4 2 20 2 3048 1848 3442 3558
19983 4 2 20 2 3048 3442 1848 1727
19984 4 2 20 2 1204 3344 3181 3831
19985 4 2 20 2 3181 3344 1204 1221
19986 4 2 20 2 1364 3828 3079 3838
19987 4 2 20 2 1364 3079 3828 1365
19988 4 2 20 2 2158 3172 2094 3489
19989 4 2 20 2 2158 2094 3172 2131
19990 4 2 20 2 3394 521 2973 3318
19991 4 2 20 2 3394 2973 521 612
19992 4 2 20 2 829 3692 3311 4107
19993 4 2 20 2 829 3311 3692 828
19994 4 2 20 2 3103 3311 3692 4107
19995 4 2 20 2 3103 3692 3311 828
19996 4 2 20 2 1969 3057 1983 3546
19997 4 2 20 2 1969 1983 3057 1982
19998 4 2 20 2 3484 1983 3057 3546
19999 4 2 20 2 3484 3057 1983 1982
20000 4 2 20 2 1964 1944 3927 1869
20001 4 2 20 2 3927 1944 1964 1997
$EndElements
